smiles,value
c1ncc(CN2CCC(n3cnc4cnc5[nH]ccc5c43)CC2)cn1,2.380211242
CC(=O)CC(CC(C)C)n1nnc(-c2ccccc2)n1,0.925626235
Fc1ccc(CNc2nc3ncc(Br)nc3s2)cc1,1.531776917
CC1C[C@@H]2[C@H](CC[C@]3(C)C(c4cccnc4)=CC[C@@H]23)[C@@]2(C)CCC(=O)C=C12,8.68502e-05
CCC(C)(NCc1nnc(-c2ccc(F)cc2)o1)c1nc(C)cs1,1.1858620635
Cc1n[nH]c(NC(=O)CCc2ncc(C(C)(C)C)o2)c1Cl,1.875336064
CN(C)c1nc2sc(C(=O)NCc3cc4ccccc4[nH]3)cc2s1,0.933878878
Cc1c(C(=O)N2C[C@@H](C)O[C@@H](C)C2)sc2ccccc12,1.643432935
Cc1ccc2c(-c3ccc4c(c3)CCCO4)c([C@H](OC(C)(C)C)C(=O)O)c(C)nc2c1,1.380211242
CCc1ccc(S(=O)(=O)[C@H]2CS(=O)(=O)C[C@@H]2N(C)CCc2ccncc2)cc1,0.5586392760000001
C=C(C)[C@@H]1CC[C@]2(C(=O)NCCN(C(C)C)C(C)C)CC[C@]3(C)[C@H](CC[C@@H]4[C@@]5(C)CC=C(c6ccc(C(=O)O)cc6)C(C)(C)[C@@H]5CC[C@]43C)[C@@H]12,2.079181246
CC1=C(C=C(C=C1)N2C(=O)C3=C(NN=C3)N=C2SCC4=CC=CC=C4F)C,1.334453751
CCCN1CCN(c2nn3nnnc3c3ccccc23)CC1,1.996808101
C[C@H](c1ccccc1)N1C(=O)O[C@](Cc2ccccc2)(c2nnc(-c3ccccc3)[nH]2)C1=O,1.922687859
CCNC(=O)c1cn2ncnc(Nc3cc(C(=O)NOC)ccc3C)c2c1C,1.271377012
CCc1ncc(CNC(=O)c2c[nH]c(=O)cc2OC)o1,1.9739115355
O=C(Cn1nc2c(cc1=O)CCCCC2)Nc1n[nH]c(C2CCCO2)n1,1.7456794505
O=C1Nc2ccccc2[C@]12C[C@H]2c1ccc2c(/C=C/c3ccc(N4CCNCC4)cc3)n[nH]c2c1,1.662776714
Cc1cc(C)cc([C@H](CC(C)C)NC(=O)c2cc(COc3cc(F)ccc3F)ccc2CCC(=O)O)c1,1.253624656
O=C1c2cc(F)ccc2-n2c1nc1ccccc1c2=O,1.72881915
Cc1cc(S(=O)c2ccccc2)c(C)n1S(=O)(=O)c1ccccc1,0.7029828575
CCC1=C(C(=O)CC2CCC(CC)CC2)[C@H](c2ccc(O)c(Cl)c2)NC(=O)N1,1.380211242
Cl.O=C1C2CCCN2C(=O)N1CCCCNCCOc1cccc2ccccc12,2.089905111
CCCn1ccnc1CN(C)Cc1cnn(-c2cccc(OC)c2)c1,0.8363263435
CCCCc1ccc(NC(=O)C2CC2c2cccnc2)cc1,0.893185909
C1=CC=C(C=C1)CSCC2=NS(=O)(=O)C3=CC(=C(C=C3N2)Cl)S(=O)(=O)N,1.465828815
CCOc1cc(=O)n2c(c1C(=O)Nc1cc(Cl)ccc1OC)CCCC2,1.208040208
c1ccc2c(c1)CCN(c1nc(N3CCOCC3)c3nn[nH]c3n1)C2,2.00008235
Cc1c(C)n(-c2nccs2)c2ncnc(NCc3cccnc3)c12,1.488968507
O=C(O[C@H]1C[N+]2(CCOc3ccccc3)CCC1CC2)N(Cc1cccs1)c1ccccc1.[Br-],0.773065702
CCC(C)(C)C1=CC=C(C=C1)CC(C)CN2C[C@H](O[C@H](C2)C)C,1.086715664
Cc1cccc(-c2c(-n3cncn3)nc3ccccc3c2O)c1,2.232707753
COCCOc1cc2ncnc(N3CCN(C(=O)Nc4ccc(Oc5ccccc5)cc4)CC3)c2cc1OC,1.544043227
CN1CC[C@](NC(=O)c2ccc3c(C4CCCCC4)c(-c4ccccn4)n(C)c3c2)(C(=O)Nc2ccc(/C=C/C(=O)O)cc2)C1,1.662776714
CCN(CC)C(=O)OC[C@H](C)[C@H]1CC[C@@H](C)[C@@H](N(C)c2ncnc3[nH]ccc23)C1,0.698952632
CCOC(c1ccc(Cl)cc1)C(n1ccnc1)S(=O)(=O)C(C)(C)C,1.59786099
C1=CC=C(C(=C1)C(=O)N)NC2=NC(=NC=C2)NC3=CC(=CC=C3)O,1.339252634
Cc1cc2c(cc1CNC1(c3ccccc3F)CCCC1)OCO2.O=C(O)CC(O)(CC(=O)O)C(=O)O,0.9910116255
CN(C)S(=O)(=O)NC(=O)c1ccc(Nc2nc(NC3(c4ccc(Cl)cc4)CC3)nc(OCC(F)(F)F)n2)cc1,1.662358204
COc1ccc2c(c1)c(=O)oc1cc(OC/C=C(/C)CCC=C(C)C)ccc12,2.2315056905
N[C@H]1CC[C@H](Nc2ccc3ncc(-c4cnc(Nc5ccccn5)nc4)n3n2)CC1,3.440704877
CC[C@@H]1C[C@@H](C(=O)NC[C@@H]2CCCO2)CN(Cc2nc(-c3ccncn3)[nH]c2C)C1,0.698952632
O=C(NCC1Cc2ccccc2CO1)c1cnn2c1OCCC2,2.1285102445
Cc1cc(C)cc([C@@H](CC(C)C)NC(=O)c2cc(Nc3cccc(C#N)c3)ccc2CCC(=O)O)c1,2.306856127
CNc1nc(NCCCN(C)C)c2sc(-c3ccc(C(F)(F)F)cc3Cl)cc2n1,2.114010162
COc1cccc2[nH]cc(C(=O)C(=O)N3CCN(C(=O)c4ccccc4)C[C@H]3C)c12,1.599395072
CC(=O)c1cc(C(=O)NCCCO)c(Nc2ccc(I)cc2F)n1C,1.977632165
Clc1ccc2c(NCCNCc3ccccc3)ccnc2c1,1.77815125
COc1ccc(S(=O)(=O)Nc2cc(Cl)cc(Cl)c2OC)cc1NC1CCN(C)CC1,1.124641826
Cc1ccc2c(c1)NC(=O)c1cc(S(=O)(=O)N(C)C)c(Oc3ccccc3Br)cc1O2,0.6316923495
Cc1cc(-n2c(C)cc(C(=O)CSc3[nH]c(=O)cc(C(F)(F)F)c3C#N)c2C)no1,0.49248486
CCCCCC[C@](C)(O)[C@H]1CC[C@H]2[C@@H]3C[C@H](O)[C@H]4C[C@@H](O)CC[C@]4(C)[C@H]3CC[C@@]21C,1.026575311
CO[C@@H]1COCC[C@@H]1N[C@@H]1CC[C@@](C(=O)N2CCN(c3cc(C(F)(F)F)ccn3)CC2)(C(C)C)C1,1.968482949
COCCCn1c(NC(=O)c2cccc(C#N)c2)nc2cc(C(=O)N3CCCCC3)ccc21,1.715368522
CCOc1ccncc1NC(=O)c1ccnc2[nH]c(-c3cccc(OC)c3)nc12,1.337039436
O=C(O)CCNc1nc(N2CCc3ccccc3CC2)cc(-n2cc3ccccc3n2)n1,2.409392031
Cc1cc(=O)n(CCNC(=O)c2nc3nc(C)cc(C)n3n2)cn1,3.315766141
O=C(NC[C@H]1CC[C@@H](CCOc2ccccc2)CC1)c1cc[nH]c1,1.51851394
CS(=O)(=O)Nc1ccc2c(c1)S(=O)(=O)N=C(c1c(O)c(-c3ccsc3)nn(CCC3CC3)c1=O)N2,1.491389712
Nc1cc(O)nc2nnc(SCc3nnnn3-c3ccc(Cl)c(Cl)c3)n12,2.1046706445
CC(C)(C)NC(=O)Cn1c(=O)n(-c2ccccc2F)c(=O)c2sccc21,2.2355633985
CN1CCC(C(=O)Nc2cc3cc[nH]c(=O)c3cc2Cl)CC1,2.477121255
CC1(OC[C@@H]([C@@H](O1)C2=CC=CC=C2)NC(=O)NC3=C(C=C(C=C3)Br)Br)C,0.0
CC1(C)CCC(C(CC2CCCCN2)C2CCCCC2)CC1,1.886377907
COC(=O)c1cc2cc(-c3ccccc3)c3ccccc3c2o1,1.570270379
CN1CCC(C(=O)N[C@@H](Cc2c[nH]c3ccccc23)C(=O)Nc2ccncc2)CC1.Cl,1.98686127
NC(=O)c1cn(-c2ccc3c(c2)CCC3)c2nc(Nc3ccc(CCN4CCOCC4)cc3)ncc2c1=O,1.104646419
CC1=CC=C(C=C1)C2=NOC(=N2)[C@@H]3CC4=C(CN3CC5=CC(=CC=C5)C#N)NC=N4,1.055378331
CC1=CC(=O)N(Nc2nc(-c3ccc[nH]3)nc3sc(C)cc23)C1=O,1.360773985
CC(C)CCn1nc(N2CCCC2C)c(O)c(C2=NS(=O)(=O)c3cc(NS(C)(=O)=O)ccc3N2)c1=O,0.954242509
C1=CC=C2C(=C1)NC(=N2)/C(=C/C3=CC=C(O3)[N+](=O)[O-])/C#N,0.852337514
COC[C@@H](C1CC1)n1cc(Cl)nc(Nc2cc(C#N)c(OC(F)F)nc2C)c1=O,1.445566604
COC(=O)c1cc(N)c2c(c1)Oc1ccccc1O2,0.256761023
CCOC(=O)Cn1nc(C)c(NC(=O)Cn2nc(C)c(Br)c2C)c1C,2.2356254355000003
Cc1ccc(-c2ccc3c(c2)[nH]c(=O)c2nc(-c4c(F)cccc4Cl)[nH]c23)cc1,1.069493576
CCN1CCN(C(=O)c2ccc3c(c2)N(Cc2cccc(Cl)c2)C(=O)c2ccccc2S3=O)CC1,1.265960294
CCc1ccc(S(=O)(=O)c2nnn3c2[nH]c(=O)c2sccc23)cc1,0.6816758105
CC[C@]1(O)CC[C@@]2(C)C(CC[C@@H]3[C@@H]2CC[C@]2(C)C(c4cccnc4)=CC[C@@H]32)C1,8.68502e-05
Cc1ccc(S(=O)(=O)N2CCC(C(=O)NC3CC3)CC2)c(C)c1,2.255272505
N#Cc1ccc(-c2ccc(CO[C@@H]3COc4nc([N+](=O)[O-])cn4C3)s2)cc1,2.408072758
CC1=CSC(=N1)NC(=O)C2=CC=C(O2)COC3=CC(=CC=C3)Cl,1.172310969
NS(=O)(=O)c1cc(-c2nnc(Cn3cc(-c4ccccc4)nn3)o2)c(Cl)cc1SCc1ccccc1,1.100370545
O=C(NCCC(c1ccc(F)cc1)c1ccc(F)cc1)N1CCC(Oc2cnccn2)CC1,0.845222106
OCc1cc2nc(-c3ccc(OC4CCOC4)cc3)ccc2o1,1.8229794085
COCCCn1c(NC(=O)c2cccc(C#N)c2)nc2cc(C(=O)N3CCCCC3)cnc21,2.295268828
N=C(N/N=C/c1ccc(Cl)cc1)N/N=C/c1ccc(Cl)cc1,2.392732117
CCOP(=S)(OCC)OC1=NC(=C(C=C1Cl)Cl)Cl,0.257678575
COC(=O)[C@H](CCC(N)=O)NC(=O)CCCCCCCCNC(=O)[C@]12CC[C@@H](C(C)C)[C@@H]1[C@H]1CC[C@@H]3[C@@]4(C)CC[C@H](O)C(C)(C)[C@@H]4CC[C@@]3(C)[C@]1(C)CC2,1.500209022
CC[C@@H]1C(=O)N(C)c2cnc(-c3cn[nH]c3-c3nccs3)nc2N1c1cn[nH]c1,2.076516327
CC1CC(N2CCN(C3CCc4ccc(OCc5noc(-c6ccc(Cl)cc6)n5)cc43)CC2)CC1C,0.845222106
C[C@H](c1ccc(F)cc1)N1C(=O)O[C@](Cc2ccccc2)(c2nc3c(-c4cncnc4)cccc3[nH]2)C1=O,1.237330039
Oc1cc(-c2nnc(/C=C/c3nnc(-c4ccc(F)cc4)n3-c3ccccc3Cl)o2)ccn1,2.107142106
O=C(Cn1c(=O)ccc2cnccc21)Nc1scc(Br)c1-c1ncn[nH]1,2.107042763
COc1ccc2nc(NC(=O)C(CC3CCCC3)c3ccc(S(=O)(=O)NCc4cccnc4)cc3)sc2n1,0.176091259
CS(=O)(=O)c1ccc(-c2cnc(N)c(-c3ccc(CO)nc3)c2)cc1,2.397974751
CNC[C@@H]1Cc2ccccc2[C@H](c2ccc(Cl)c(Cl)c2)C1,2.477121255
COCC(=O)Cc1nc(N)nc(Nc2ccc(C)cc2)n1,1.802308102
CC(=O)CC[C@H]1C(=O)N[C@@H](C(C)C)C(=O)N[C@@H](Cc2cccc(O)c2)C(=O)N2CCCC(N2)C(=O)O[C@H](/C(C)=C/C=C/C(=O)N(CC(C)C)CC(C)C)C/C=C/C=C/[C@H](O)[C@H](C)[C@H]1O,1.334453751
CCOc1ccc(C(=O)N2CC(c3nnc(-c4ccncc4)o3)C3(CCOCC3)C2)cc1,1.8572858725
CC(C)(C)c1nc2cc(S(=O)(=O)CCO)ccc2n1CC1CCOCC1,0.567683583
O=C(Cc1nc(N2CCOCC2)cc(=O)[nH]1)N1CCc2c(-c3cccnc3)cccc21,1.049178891
O=S(=O)(Nc1ccc2[nH]ncc2c1)c1cc(Cl)c(Cl)cc1Cl,3.315766141
CCOc1cc(=O)n2c(c1C(=O)NCc1ccc3c(c1)OCO3)CCCC2,1.900603681
COc1cc(Br)c(S(=O)(=O)NC2CCN(S(=O)(=O)CCN3CCCCC3)CC2)cc1OC,0.4048233774999999
CC(C)(CNC(=O)[C@@H]1OCC[C@@H]1Cn1cccn1)C1CCOCC1,1.5367492905
CC(C)C1=CC2=C(C=C1)OC(=N2)C3=CC=C(C=C3)NC(=O)C4=CC5=CC=CC=C5O4,1.403292145
COc1cc2c(cc1OC)-c1cc(-c3cc(C#N)n(C)c3C)c(C#N)c(=N)n1CC2,2.4303195455
CC(C)CCn1nc(-c2cccs2)c(O)c(C2=NS(=O)(=O)c3cc(S(C)(=O)=O)ccc3N2)c1=O,0.748172516
CC(NC(=O)Nc1ccc(F)cc1Br)c1cn[nH]c1,2.430182639
COc1ccc(C)cc1NC(=O)c1cc2c(=O)n3cccc(C)c3nc2n1Cc1ccccc1,1.2864015155
Cc1cc(/C=C/C(=O)NCCc2c(C)[nH]c3ccccc23)cc(C)c1F,1.15393861
Cc1nnc2c(Nc3cccc(CNC(=O)OC(C)(C)C)c3)nc3ccccc3n12,1.200896496
C1=CC(=CC(=C1)N)CNC(=O)C2=CN=C(C=C2)OC3=CC=C(C=C3)OCC4=CC(=CC=C4)F,1.472171147
Cn1cc(CN2CCN(c3cc(C(=O)Nc4ccc5c(c4)-c4c(c(C(N)=O)nn4-c4cccc(F)c4)CC5)c(Cl)cn3)CC2)cn1,1.146065989
c1cc2c(cn1)cnn2Cc1nnc2ccc(-n3ncc4cnccc43)nn12,1.4016353445
CCC1(CCCCN2CCN(c3cccc(Cl)c3)CC2)C(=O)Nc2ccccc21,1.550351958
O=C(Cc1nc(N2CCOCC2)cc(=O)[nH]1)N1CCc2c(-c3ccccn3)cccc21,1.132552787
COC1=C(C=C(C=C1)CCO[C@@H]2CCCC[C@H]2N3CC[C@H](C3)O)OC,2.079181246
COc1ccc2c(c1)CCCN2c1nc(C)nc2onc(C)c12,1.712649702
C[C@@H](O[C@@H]1COc2nc([N+](=O)[O-])cn2C1)c1ccc(OC(F)(F)F)cc1,1.785765301
COc1ccc(-c2cc(-c3ccc(S(=O)(=O)N4CCOCC4)cc3)cnc2N)cn1,1.827369273
CN(C)CCSc1nc(C2COc3ccc(C(=O)NCCN4CCOCC4)cc3C2)nc2ccc(-c3cn[nH]c3)cc12,0.954242509
CC(C)(C)[C@H](NC(=O)n1c(=O)n(CCN2CCCC2)c2ccccc21)C(N)=O,2.079181246
CCCN(CCCNc1ccnc2cc(Cl)ccc12)Cc1ccccn1,1.01779851
CC1=CC=C(C=C1)C2=NOC(=N2)[C@@H]3CC4=C(CN3CC5=CC=C(C=C5)C(=O)O)NC=N4,2.079181246
Fc1ccc(-c2ccc(C3(C(F)(F)F)CC3)cc2)nc1,1.80631567
CCNP(=S)(OC)O/C(=C/C(=O)OC(C)C)/C,2.079181246
CC(C)OC(=O)C1=CN(C(=O)c2ccc(OCCCN(C)C)cc2)CC(C)(C)c2c1[nH]c1ccccc21,1.176091259
CCC(=O)N1C[C@@H]2C[C@H]1CN2C(=O)[C@@]1(C(C)C)CC[C@@H](NC2CCOCC2)C1,2.079181246
O=C(NCCCN1CCCC1=O)c1cnc(NCc2cc(Cl)ccc2Cl)nc1NC1CCCC1,0.77815125
COc1ccc(N2C(=O)/C(=C\NN(C)C)c3ccccc3C2=O)cc1,2.380216431
COc1cc(=O)[nH]cc1C(=O)NCC(C)N1CCCCC1=O,2.320009047
CC[C@@H](Cn1cc(C#N)c2ccccc21)NS(=O)(=O)c1c(N)cc(Cl)cc1Cl,0.477121255
O=C(Cn1c(=O)ccc2cc(C(F)(F)F)ccc21)Nc1scc(Br)c1-c1ncn[nH]1,1.715368522
Cc1ccccc1C1CCN(CCC(=O)N2c3ccccc3C[C@H]2C(=O)N(C)C)CC1,1.380211242
CS(=O)(=O)Nc1ccc2c(c1)S(=O)(=O)N=C(C1=C(O)C3CCCC3N(Cc3ccccc3)C1=O)N2,1.698952632
COc1ccc(CCN2C(=O)N(NS(C)(=O)=O)CC2c2ccc(C)cc2)cc1,1.255272505
CC1CCCC(NC(=O)CCNS(=O)(=O)c2cc(Br)cnc2N)C1C,2.4182263025
COc1cc([C@@]2(O)CCN(CC(N)=O)C[C@@H]2O)ccc1Nc1ncc2ccc(-c3ccccc3N(C)S(C)(=O)=O)n2n1,1.505122834
CC(C)Cc1ccc(-c2cc(Cl)cc3c2OC(C(F)(F)F)C(C(=O)O)=C3)cc1,2.211302473
c1nc(N2CCN(Cc3ccc4c(c3)OCO4)CC2)c2nc[nH]c2n1,1.1197162035
CCCCN1C(=O)[C@@H]([C@H](O)C2CCCC2)NC(=O)C12CCN(Cc1ccc(Oc3ccc(C(=O)O)cc3)cc1)CC2.Cl,2.156155451
CN(C)CCn1cnc2c(c(Nc3ccc(I)cc3F)cc(=O)n2C)c1=O,1.462368046
O=C(NCCc1nc(-c2cccc(F)c2)cs1)N1CCCC(F)(F)C1,0.707570176
C[C@H](Cc1cccc(CC(=O)NC2CCCCCCC2)c1)NC[C@H](O)c1ccc(O)c(CO)c1,0.301029996
CN(C)CCOc1cc(-c2cn[nH]c2)ccc1NC(=O)C1NCCc2ccccc21,1.146065989
CS(=O)(=O)Nc1ccc2c(c1)S(=O)(=O)N=C(C1=C(O)[C@H]3CCC[C@H]3N(Cc3ccc(F)c(Cl)c3)C1=O)N2,2.295268828
COc1cc(N2CCCNCC2)ccc1-c1nc2c(C)nn(C3CCCCC3)c(=O)c2[nH]1,2.596298824
CN1CCN(c2cccc(Nc3nc4c(-c5ccc(S(C)(=O)=O)cc5)cccn4n3)c2)CC1,1.840631476
COc1ccc2c(c1)[C@]1(C[C@H]1c1ccc3c(/C=C/c4ccc([C@H](C)N5CCOCC5)cc4)n[nH]c3c1)C(=O)N2C,1.724259481
C[C@@H](C(=O)N[C@@H](CC(C)C)[C@H](CC(=O)O)O)NC(=O)C[C@@H]([C@H](CC(C)C)NC(=O)[C@H](C(C)C)NC(=O)[C@H](C(C)C)NC(=O)CC(C)C)O,2.079181246
Cl.O=S(=O)(c1ccc(Cl)cc1)N1C2COCC1c1cn[nH]c1C2,1.994238833
CN1CC[C@@]2(C)C(=CC1=O)CC[C@H]1C3=CC=C(c4cccnc4)[C@@]3(C)CC[C@@H]12,8.68502e-05
CC1(COc2ccc(-c3ccc(OC(F)(F)F)cc3)cc2)Cn2cc([N+](=O)[O-])nc2S1,2.377546323
O=S(=O)(NCCNCC1(O)CNCCOC1)c1ccc(Cl)cc1,2.5665007435
CCS(=O)(=O)c1ccn([C@@H](CC2CCOCC2)C(=O)Nc2ccc(C)cn2)c(=O)c1,2.079181246
CS(=O)(=O)N1CCN(CCCOc2ccc3c(c2)C(=O)C(c2cnc4ccccc4c2)=C3c2ccc(F)cc2F)CC1,2.102081118
NCCCC[C@H](NC(=O)OCc1ccccc1)C(=O)c1noc(CN2CCN(C(=O)CCCc3ccccc3)CC2)n1,1.026575311
C[C@]12CC[C@H]3[C@@H](CCC4=CC(=O)C=C[C@@]43C)C1=CC=C2c1cccnc1,8.68502e-05
Cc1cc(Cl)ccc1NS(=O)(=O)c1cc(-c2ccc(=O)n(-c3c(C)noc3C)n2)ccc1C,0.769031804
CC(CC(=O)c1ccc2ccccc2c1)n1nnc(-c2ccccc2)n1,0.779976762
CN1CC(c2ccc(NC(=O)c3nc(C#N)c[nH]3)c(C3=CCCCC3)c2)CN(C)S1(=O)=O,1.104646419
COc1ccc(-c2c(-c3ccccc3)nn(-c3ccccc3OC)c2N)cc1OC,1.740269215
O=C(O)/C=C/c1ccc(NC(=O)C2(NC(=O)c3ccc4c(c3)nc(-c3ccoc3)n4C3CCCCC3)CCCC2)cc1,1.886377907
CNc1nc(NCCCN(C)C)c2sc(-c3ccoc3)cc2n1,1.717670503
CS(=O)(=O)c1cccc(Oc2cccc(-n3c(C4CC4)nc4c(C(F)(F)F)cccc43)c2)c1,1.36169007
Cc1cc(Cl)cc2c(=O)[nH]c(-c3cc(Br)nn3-c3ncccc3Cl)nc12,1.028078729
Cc1ccc(S(=O)(=O)Nc2c(C)[nH]c(=O)[nH]c2=O)cc1,2.242227825
COC(=O)N[C@H](C(=O)N1CCC[C@H]1C(=O)Nc1ccc([C@@H]2CC[C@@H](c3ccc(NC(=O)[C@@H]4CCCN4C(=O)[C@@H](NC(=O)OC)C(C)C)cc3)N2c2ccc(F)cc2)cc1)C(C)C,1.403613846
CC(C)(C)CCN1C(=O)C(C2=NS(=O)(=O)c3cc(NS(C)(=O)=O)ccc3N2)=C(O)[C@@H]2[C@@H]3CC[C@@H](C3)[C@@H]21,0.477121255
CC(C)(C)c1nc(CS(=O)(=O)c2nnc3c(Cl)cc(Cl)cn23)cs1,0.58199047
CCOc1cc(=O)n2c(c1C(=O)N1CCOCC1)CCCCC2,2.4584624475
Cc1cccc(Nc2ccc(CCC(=O)O)c(C(=O)N[C@H](CC(C)C)c3cc(C)cc(C)c3)c2)c1,2.156155451
Cc1nc(-c2nnc(CN3C(=O)COc4c(Cl)cc(Cl)cc43)n2CCC(F)(F)F)cs1,0.773065702
Nc1c(-c2cccc(Br)c2)cnc2ccnn12,1.142473713
Cn1/c(=N/c2ccc(OC(F)(F)F)cc2)n(Cc2ccc(C(=O)Nc3nnn[nH]3)cc2)c2cc(Cl)c(Cl)cc21,0.4072760205
CSc1nc2c3ccccc3ccn2c(=N)c1S(=O)(=O)c1ccccc1,0.897737025
O=C(/C=C/c1ccc2c(c1)C(=O)CC1(CCN(Cc3ccc(F)cc3)CC1)O2)NO,1.653271408
CC(C)(C)C1=CC2=C(C=C1)[C@@H](CC2)NC(=O)NC3=CC=CC4=C3C=NN4,1.967173423
CC(=O)Nc1ccc(C(=O)N[C@H](c2cn(C3(C#N)CC3)nn2)C2CCCCC2)cc1,1.913919765
Cn1nc(Br)nc1N1CCC(O)CC1,2.0648983885
C[C@]12Cn3cnc(-c4ccc(F)cc4)c3C=C1CCC[C@@H]2[C@](C)(O)c1ccc(Cl)cc1,1.077533397
CN1C[C@H](NC(=O)Nc2cccc3ccccc23)C[C@H]1CO,3.315766141
Cc1[nH]nc2c1C(c1cc(N3CCC(CC(=O)O)CC3)cc(C(F)(F)F)c1)(C(C)C)C(C#N)=C(N)O2,1.556302501
Fc1cccc(CN(C2CCOCC2)[C@H]2CCNC2)c1C(F)(F)F,2.079181246
C1=CC(=C(C=C1/C=C/C2=CC(=CC(=C2)O)O)O)O,1.727846737
COc1cccc(CN(CCCN2CCCC2)C(=O)Nc2ccc(-c3cn[nH]c3)cc2)c1,1.77083729
CCCCCn1cc(C(=O)NC23CC4CC(CC(C4)C2)C3)c(=O)c(-c2ccncc2)c1C,0.955731027
O=S(=O)(c1ccc(C(F)(F)F)cc1)N1CC(F)(F)c2[nH]ncc2C1C(F)(F)F,2.076516327
Cc1n[nH]c2c(CO)ccc(Oc3cc(C#N)cc(C#N)c3)c12,2.079181246
CC(Nc1ccn(CCS(C)(=O)=O)n1)c1nc(C(C)(C)C)no1,1.8859520505
Cc1c(C(=O)OC(C)C)[nH]c2c1C(=O)CC(c1cccs1)C2,0.99905945
CN(C)S(=O)(=O)CCc1cn([C@@H]2CCc3c(F)cccc32)nn1,2.3188084845
C[C@]12CCC3[C@H]([C@@H]1CC[C@@H]2O)[C@@H](CC4=C3C=CC(=C4)O)CCCCCCCCCS(=O)CCCC(C(F)(F)F)(F)F,0.612783857
N#C/N=C(\NCc1ccc(S(=O)(=O)c2cccc(C(F)(F)F)c2)cc1)Nc1ccncc1,1.638486293
N#Cc1ccccc1COc1ccc2c(c1)OCO2,1.5490964305
CCCNC(=O)Cn1c(-c2cccc(OC)c2)nc2ccc(OCCCN3CCCCC3)cc2c1=O,1.731739325
COc1ccc(CN(C(=O)[C@@H](N)Cc2c(C)cc(C(N)=O)cc2C)[C@H](C)c2nc(-c3ccccc3)c[nH]2)cc1C(=O)O.Cl.Cl,2.176091259
[2H]C([2H])(c1ccc(OC)cc1)n1c(C(=O)N2CCC(C(=O)NC([2H])(C([2H])([2H])[2H])C([2H])([2H])[2H])CC2)cc2sc(Br)cc21,0.579760738
CCS(=O)(=O)N1CC2Cc3[nH]ncc3C(C1)N2S(=O)(=O)c1ccc(Cl)cc1,2.251494747
CC1CCC(C)C(N(C)c2ncnc3[nH]ccc23)C1,1.255272505
COc1c(CCc2ccc(NS(C)(=O)=O)cc2)cc(N2CCC(=O)NC2=O)cc1C(C)(C)C,0.751052252
Cc1cc(C)cc([C@@H](CC(C)C)NC(=O)c2cc(Oc3ccccc3)ccc2CCC(=O)O)c1,2.4060225
COc1ccc(Cl)cc1N1CCN(c2ccc(C(=O)N[C@H](Cc3c[nH]c4ccccc34)C(=O)Nc3ccncc3)c(F)c2)CC1,0.845222106
CC(C)CCn1cnc2c(cnn2-c2ccc(Cl)cc2)c1=O,1.3068561085
CS(=O)(=O)Nc1ccc2c(c1)S(=O)(=O)N=C(C1=C(O)C3CCCN3N(Cc3ccc(F)cc3)C1=O)N2,2.475143873
CC(C)C1CN(C(=O)c2ccccc2)CCN1C(=O)C(=O)c1c[nH]c2cccc(F)c12,1.118493723
CC(=O)c1c(O)c(-c2ccc(Cl)cc2)c[nH]c1=O,1.7294279835
COc1ccc(C(SC[C@H](N)C(=O)O)(c2ccccc2)c2ccccc2)cc1,2.209515015
N#Cc1ccc(OC2CCN(C(=O)NCc3ccc(Cl)cc3Cl)CC2)cc1,1.544043227
CO[C@@H]1COCC[C@@H]1N[C@@H]1CC[C@@](C(=O)N2C[C@@H]3C[C@H]2CN3C(=O)C2CCCC2)(C(C)C)C1,2.079181246
O=C(NCCC(c1ccccc1)c1ccccc1)c1ccc(=O)[nH]c1,1.982271233
COc1ccc(OCCc2c(O)nc(C)c(Br)c2O)cc1Br,0.51844154
COc1ccc2c(c1)C[C@H](C(=O)Nc1cc(F)c(-c3cn[nH]c3)cc1OCCN(C)C)NC2,1.707570176
CCOc1cc(CNC(C)c2ccccc2)ccc1OCC(C)C.Cl,1.5500627245
O=C(NCc1ccc(S(=O)(=O)N2CCCCC2)cc1)c1cc2ccncc2o1,1.554654651
CCCn1ccc2cc(-c3ccc(OC)cc3)cc(Cl)c2c1=O,1.03122803
CS(=O)(=O)N1CCN(Cc2nc3c(N4CCOCC4)nc(-c4cnc(N)nc4)cn3c2Br)CC1,1.464644118
CN1CC2CCC(C1)N2C(=O)[C@]12C[C@H]1c1cc(F)ccc1-c1c(C3CCCCC3)c3ccc(C(=O)NS(C)(=O)=O)cc3n1C2,2.079181246
CCN1CCN(CC1)C(=O)C2=CC(=NC3=C2C=NN3C)C4=CN=CC=C4,1.80304721
O=C(Nc1ccc(-c2nc3ccccc3[nH]2)cc1)c1ccnc(-n2cnnc2)c1,1.6305217445
CCCS(=O)(=O)N1CCN(C2(CNC(=O)c3c(F)cccc3F)CCC(F)(F)CC2)CC1,1.969362375
Oc1cccc2c1CNC(CN1CCC3(CCc4ccccc43)CC1)C2,1.086288629
Cc1c(C(=O)N[C@H]2CCOC[C@H]2C2CCOCC2)c2cc(O)ccc2n1C,1.753311391
CC(=O)c1c(Cl)c(C(=O)NOCCO)c(Nc2ccc(I)cc2F)n1C,0.845222106
Cn1nccc1C(=O)N[C@H](c1cn(C2(C#N)CC2)nn1)C1CCCCC1,1.785472203
COc1cccc2c1C(NCC(C)(C)c1ccccc1)=NC2=O,2.838644886
Cc1ccc(-c2ccc(C(CN3CCCC3)N(C)C(=O)CN3C(=O)COc4cc(Cl)c(Cl)cc43)cc2)cn1,1.70936804475
CCOC1=CC=C(C=C1)NC2=NC(=NC(=C2NC(=O)C3=CC=C(C=C3)C)C)NC4=CC=C(C=C4)OCC,1.086003706
CN1C[C@@H]2CCC[C@]2(c2ccc(Cl)c(Cl)c2)C1,1.447189051
O=C(O)c1cc(Oc2ccccc2)ccc1NS(=O)(=O)c1ccc(Br)cc1F,1.431363764
O=S(=O)(Nc1cccc(CO)c1)c1ccc(-c2ccc(Cl)cc2Cl)cc1,1.439301108
NS(=O)(=O)c1ccc(CCNc2nc(Cl)nc3cccc(-c4ccccc4)c23)cc1,1.25461807
CN(C)S(=O)(=O)NC(=O)CCCc1c(-c2ccc(F)cc2)[nH]c2ccc(C#N)cc12,1.419278217
COn1c(Br)c(Br)c(Br)c1C(=O)Nc1ccc(Br)cc1,1.1616199445
O=C(c1ccccc1)c1cc(Cl)ccc1Nc1cccc2c1N(c1ncccn1)CCC2,0.682627518
O=C(O)c1ccc(CNC(=O)c2ccc(Cl)s2)c(NC(=O)c2nc3c(s2)COCC3)c1,2.020293558
CCC1C(=O)N(C)c2cnc(-n3ccnc3-c3ccccc3)nc2N1c1ccccc1,1.124641826
CCn1[nH]ccc1=NC(=O)c1nn(-c2ccccc2)c(=O)c2ccccc12,1.4492232475
COc1ccc2c(O[C@@H]3C[C@H]4C(=O)N[C@]5(C(=O)NS(=O)(=O)C6CC6)C[C@H]5/C=C\CCCCC[C@H](NC(=O)OC(C)(C)C)C(=O)N4C3)cc(OC(C)C)nc2c1C,1.690213806
CC(C)Nc1nc(NCCO)nc(N2CCC(N3CCOC(C)C3)CC2)n1,2.6680483365
CSc1c(C(C)=O)c(=O)nc2scc(C)n12,1.420617304
Cc1nc(C(=O)N2CCC[C@@H](C)[C@H]2CNc2nc3ccccc3o2)c(-c2ccccc2)s1,1.77815125
[2H]C([2H])([2H])Oc1cccc(-n2nc3c4ccc(OC)cc4[nH]cc-3c2=O)c1,2.3358278485
CCc1ccc(-n2cc(C(=O)NOC)c(=O)c3cnc(Nc4ccc(C5CCN(C)CC5)cc4)nc32)cc1,1.381912662
CCOc1cc(=O)n2c(c1C(=O)N1CCCc3ccccc31)CCCC2,0.616302788
CC(C)(C)c1cc(NC(=O)[C@@H]2CCCCN2C(=O)N2CCCCC2)no1,1.146065989
COc1cc(CN2C(=O)C(C3=NS(=O)(=O)c4cc(NS(C)(=O)=O)ccc4N3)=C(O)[C@@H]3[C@@H]4CC[C@@H](C4)[C@@H]32)ccc1F,1.969362375
Br.CN(CCN1CCCCC1)C(=O)c1c2c(nn1C)CCCC2,1.991780201
Cc1cc(-c2[nH]c3[nH]c(=O)[nH]c(=O)c3c2-c2cc(C)sc2C)c(C)s1,1.2010272975
Cc1ccc(C(=O)/N=c2\c(C)cccn2C(=O)c2ccc(C)o2)o1,0.656954817
Cn1c(-c2ccncc2)c(C2CCCC2)c2ccc(C(=O)NC3(C(=O)Nc4ccc(/C=C/C(=O)O)cc4)CCC3)cc21,2.049295568
COc1ccccc1CNC(=O)c1c[nH]c2cc(-c3cn[nH]c3)ccc12,1.322219295
CN(C)C(=O)Cn1c(-c2ccoc2)c(C2CCCCC2)c2ccc(C(=O)O)cc21,2.397974751
Cn1c(C(=O)O)cc2cc(NC(=O)[C@]3(NC(=O)c4ccc5c(C6CCCCC6)c(-c6ccccn6)n(C)c5c4)CCCNC3)ccc21,1.447189051
Cc1cc(OCC(=O)N(C(C)C)C(C)C)ccc1Cl,0.5496781959999999
NC(=O)COc1ccc(-c2nc(-c3ccccc3)no2)cc1,1.6933680965
CC1=C(C(=CC=C1)C)NC(=O)NC2=CC=CS2,1.906227263
CON(C)C(=O)/C=C/C=C(\C)[C@@H]1C/C=C/C=C/[C@H](O)[C@H](C)[C@@H](O)[C@@H](CCC(C)=O)C(=O)N[C@@H](C(C)C)C(=O)N[C@@H](Cc2cccc(O)c2)C(=O)N2CCCC(N2)C(=O)O1,1.42327865
COc1cccc(C(=O)Nc2ccc(NC(=O)c3cocn3)cc2)c1,1.991137435
CCCN(CCCNc1ccnc2cc(Cl)ccc12)Cc1cccc2c1OCO2,1.197466849
CCOP(=O)(CC)OC1=CC=C(C=C1)[N+](=O)[O-],2.079181246
Cc1cc(OCc2ccc(F)cc2F)c(Br)c(=O)n1-c1ccc(CNC(=O)CN)cc1,3.010319376
O=C(NCCC(c1ccc(F)cc1)c1ccc(F)cc1)c1cccnc1,1.079181246
N#Cc1cccc(-c2cncc3cc(-c4ccccc4C(=O)O)oc23)c1,2.0587104235
COc1ccc(-n2cc(CO)c3cnc4c(OC)cccc4c32)c(C)c1,1.779448751
CCc1c(C)nc2cc(-c3cc(OC)cc(OC)c3)nn2c1NCCN(CC)CC,1.2458423855
COC(=O)N[C@H](C(=O)NN(CCC[C@@](O)(Cc1ccccc1)C(=O)N[C@H]1c2ccccc2C[C@H]1O)Cc1ccc(-c2cccnc2)cc1)C(C)(C)C,2.52642867
C[C@H]1CN(c2nnc(N3CC=CC=N3)c3ccccc23)CCN1C(=O)c1ccccc1,2.295268828
COc1cccc(C(=O)N[C@H](c2cn(C3(C#N)CC3)nn2)C2CCCCC2)c1,1.079181246
O=C(C(=O)N1CCN(C(=O)c2ccccc2)CC1)c1c[nH]c2c(-c3cnc[nH]3)ccc(F)c12,1.204174266
Cc1cc(=O)c(Oc2ccc(F)cc2F)c(-c2ccc([S+](C)[O-])cc2)o1,1.163487332
CC(C)(F)C(=O)NC[C@@H]1CCCN1C(=O)C[C@H](N)Cc1cc(F)c(F)cc1F,2.079181246
CNC(=O)O[C@H]1COC2=C([C@@H]1NC(=O)C3=CC=C(C=C3)F)C=C(C=C2)N4CCN(CC4)C5COC5,2.079181246
COc1ccc(CCN2C(=O)N(NS(=O)(=O)Cc3ccccc3)C[C@@H]2c2ccc(OC)cc2)cc1,0.477121255
[2H]C([2H])([2H])Oc1ccccc1-n1nc2c3ccc(OC)cc3[nH]cc-2c1=O,2.295334394
COc1cc(Br)c(S(=O)(=O)NC2CCN(C(=O)c3ccccc3)CC2)cc1OC,2.2698145615
C#Cc1ccc2c(c1)C(c1ccccc1F)=NCc1c(-c3cnco3)ncn1-2,1.922687859
CC(C)[C@]1(C(=O)N2C[C@@H]3C[C@H]2CN3C(=O)C(C)(C)C)CC[C@@H](NC2CCOCC2)C1,2.079181246
CC1=CC(=O)N(Nc2nc(-c3nccs3)nc3sc(C)c(C)c23)C1=O,1.423902382
CCCCc1ccc(-c2nc(C)c(/C(C)=N/NC(=N)N)s2)cc1,1.459392488
O=C(O)c1ccc(CN2CCC(Nc3ccc(Oc4ccc(-c5ncco5)cc4)cc3)CC2)cc1,2.69790644
COC(=O)c1ccc(S(C)(=O)=O)c(O)c1Cl,3.315766141
CC(C)N1CCN(c2ccc(NC(=O)c3ccc(-c4ccccn4)cc3)nc2)CC1,2.084328424
O=C(NCCCC(c1ccccc1)c1ccccc1)c1cccnc1,0.77815125
O=[N+]([O-])c1cn2c(n1)OC[C@@H](OCc1ccc(-c3ccc(Oc4ccccc4)cc3)cc1)C2,1.438814197
Cn1ncc2cc(-c3ccc(C(C)(C)C)cc3)c(-c3ccc(C(C)(C)C)cc3)cc21,0.912946751
CC12CCCC(/C=C/C(=O)NS(=O)(=O)c3ccc(Cl)s3)=C1N(Cc1ccc(Cl)cc1Cl)C(=O)C2,1.859033917
Brc1ccc2c3c(ccnc13)CCO2,0.4310724179999999
Cc1[nH]c(-c2cccc3ccccc23)cc1C(=O)N1CCC(CO)CC1,1.402383042
c1ccc(Cn2nnnc2C(c2ccc(-n3cncn3)cc2)N2CCCN(C3CCC3)CC2)cc1,1.079181246
CC1=C(C(=CC=C1)C)OCC(C)N,2.058323513
COc1cc2c(Nc3cc(Cl)cc(Cl)c3)ncnc2cc1O,2.0979104725
O=C(c1ccccc1OC(F)(F)F)N1CCC(N(C2CC2)S(=O)(=O)c2cccc(C(F)(F)F)c2)CC1,0.955731027
CC1=C2C[C@H]3[C@@H](CC[C@@H]4Cc5[nH][nH]c(=O)c5C[C@@]43C)[C@@H]2CC[C@@]2(C1)O[C@@H]1C[C@H](C)CN[C@H]1[C@H]2C,2.00008685
COc1ccc(S(=O)(=O)Nc2ncccn2)cc1,2.0288296755
OCCN(CC(O)c1ccc(F)c(F)c1)c1ccccc1,1.384984733
O=C1COc2ccc(NC(=O)C3CCN(c4ccc(F)c(F)c4)CC3)cc2N1,1.646384119
CN(CC(C)(CO)CO)c1ccnc(C(C)(C)C)n1,2.214685738
O=C(Cc1cccc2ccccc12)Nc1ccsc1-c1nnco1,0.893185909
Cc1[nH]nc2c1C(c1cc(-c3cccc(CCC(=O)O)c3)cc(C(F)(F)F)c1)(C(C)C)C(C#N)=C(N)O2,1.491389712
O=C(COc1nnnn1-c1cccc2ccccc12)Nc1ccccc1[N+](=O)[O-],0.477121255
CC(C)(C)c1cc(NC(=O)[C@@H]2CCCCN2C2CC2)no1,1.041313715
CC(C)c1nc2c(C(F)(F)F)cccc2n1-c1cccc(Oc2cccc(S(C)(=O)=O)c2)c1,1.477121255
COc1cccc(-c2noc(Cn3cnc4c(nnn4-c4ccc(F)cc4)c3=O)n2)c1,2.4170236945
C[C@@H]1CN(c2ccc(F)cc2C(F)(F)F)CCN1S(=O)(=O)c1ncc([C@@](O)(C(N)=O)C(F)(F)F)s1,1.322219295
Cc1nn(CCO)c(C(C)C)c1Cc1cc(Cl)cc(Cl)c1,0.602081706
Cc1ccc(N(C(C)C(=O)N(C)C)S(C)(=O)=O)cc1,1.5272323685
N#Cc1c[nH]c(C(=O)Nc2ccc(C3CCN(c4ccccn4)CC3)cc2C2=CCCCC2)n1,1.423578423
CC(C)(CN)CCN(C[C@H]1Cc2ccccc2CN1)[C@H]1CCCc2cccnc21,1.761968984
C=CCN(C(=O)CCC(=O)Nc1ccc(-c2ccc(OCC(=O)O)cc2)cc1Cl)c1ccc(C(C)(C)C)cc1Cl,0.954242509
Cc1sc(Br)nc1-c1ccc(NS(C)(=O)=O)c(Cl)c1,1.581750396
COc1ccc(C[C@H](N)c2nc3ccc(-c4cn[nH]c4)cc3c(=O)[nH]2)cc1,1.322219295
OC(c1ccccc1)(c1ccccc1)C1CCCN1,1.948554873
Cn1c(Nc2ccccc2Cl)cc(=O)n(C)c1=O,2.440676997
Cc1cn(S(=O)(=O)c2ccccc2)cc1C(=O)CC(C)C[N+](=O)[O-],1.1489743795
COCCOc1cc2ncnc(N3CCN(C(=O)Nc4ccc(Oc5ccc(C(C)(C)C)cc5)cc4)CC3)c2cc1OCCOC,0.9029814
O=C(N[C@@H](Cc1c[nH]c2ccccc12)C(=O)Nc1ccncc1)c1ccc(-c2cccc(F)c2)cc1F,1.230397825
O=C(/C=C/c1ccc2c(c1)nc(CCc1ccccc1)n2CCN1CCCCC1)NO,1.954242509
CC(C)C(=O)NCc1ccc(Cl)c(-c2nc3cc(-c4ccc(C(F)(F)F)cc4)ncc3c(=O)[nH]2)c1,2.644415838
CC12CCCC(/C=C/C(=O)NS(=O)(=O)c3cc(Cl)c(Cl)s3)=C1N(Cc1ccc3ccccc3c1)C(=O)C2,1.66833238
CCNC(=O)c1cc(S(=O)(=O)NC(C(=O)O)C(C)C)cs1,3.315766141
O=C(Nc1nc(-c2ccncc2)cs1)c1ccccn1,1.010971917
Cc1[nH]nc2c1[C@@](c1cc(F)cc(N3CCC(CC(=O)O)CC3)c1)(C(C)C)C(C#N)=C(N)O2,2.313825054
NCC[C@@H]1Cc2ccccc2[C@H](c2ccc(Cl)c(Cl)c2)C1,2.477121255
O=C(Cc1ccc(N(Cc2ccccc2)C(=O)C2CCCC2)cc1)NCc1ccco1,0.836755584
Cl.NCCc1c[nH]c2c1C(=O)C1=C(NC=CS1(=O)=O)C2=O,1.568225199
Cc1cc(C)cc(N(C)S(=O)(=O)c2ccsc2-c2nc(-c3cccnc3)no2)c1,1.310639486
Cc1cc2c3c(c1)C1(NC(=O)c4ccccc4N1)C(=O)N3C1(CCCCCC1)CC2(C)C,0.865586792
CCS(=O)(=O)c1cc(F)cc(Oc2cccc(-n3c(C)nc4c(C(F)(F)F)cccc43)c2)c1,1.477121255
COc1cc2c(cc1Nc1ncc(Cl)c(Nc3ccccc3S(=O)(=O)C(C)C)n1)CCCN(C(=O)CO)C2,0.719598145
COc1ccc(-c2ccnc3cc(C4CCCCC4)nn23)cc1OC1CCCC1,2.6310079995
Cc1ccnc(SC(F)(F)c2nc3ccccc3o2)n1,1.994238833
O=c1[nH]c2ccc(Br)cc2c2[nH]c(-c3ccccc3Cl)nc12,1.839228615
COc1nc2ccccn2c(=N)c1S(=O)(=O)c1ccccc1,1.136657162
Cc1cc(C2CCN(C(=O)[C@@H]3CN(C(C)(C)C)C[C@H]3c3ccc(F)cc3F)CC2)n(-c2ccc(F)c(F)c2)n1,1.344076327
CNc1nc(N2CCC(N)CC2)c2sc(-c3ccc(C(F)(F)F)cc3)cc2n1,2.457185446
CC(=O)CCC1=CC=C(C=C1)OC,2.079181246
CS(C)(=N)=NC(=O)c1ccc(C(F)(F)F)cc1,2.114010162
COc1ccc(Cn2nc(-c3ccc(O)cc3)n(-c3ccc(OCCN(C)C)cc3)c2=O)cc1.Cl,1.6877460645000002
O=C(Cc1cccc2ncccc12)Nc1ccsc1-c1nnc[nH]1,1.715368522
COc1ccc(C(=O)N2CCC(n3c(C)cnc3C3CCC3)C2)cc1,1.8218138655
O=C(Cn1nc(C(=O)N2CCc3ccccc32)c2cc(F)ccc21)OCc1ccccc1,0.759709925
Nc1ncnc2c1nc(Sc1cc3c(cc1Br)OCCO3)n2CCC1CCN(C=O)CC1,1.504615685
O=[N+]([O-])c1cn2c(n1)OC[C@@H](OCc1ccc(-c3cccc(OCc4ccccc4)c3)cc1)C2,1.969362375
CN(C)CC#CCCC(=O)C(C1CCC1)(C2=CC=CC=C2)O,2.007406352
COc1cc(CN2CCC(NC(=O)NC3CCCCC3)CC2)cc(OC)c1OC,2.420483149
CC(C)Oc1ccc(NC(=O)[C@@H]2C[C@@H]3CC[C@@H]2N(S(=O)(=O)c2cccs2)C3)cc1,0.868713578
CCCC(=O)CSc1[nH]c(=O)cc(C)c1C#N,2.493677477
CC(C)CN1C(=O)CN(Cc2ccc(-c3cccc(CN4CCCC(C)C4)n3)cc2)C1=O,1.176091259
Cn1nc(-c2ccc(OC(F)(F)F)cc2)nc2c(=O)n(C)c(=O)nc1-2,2.511910086
CC[C@@H]1C(=O)N(C)c2cnc(-c3cn[nH]c3-c3ccc(F)cc3F)nc2N1c1cnn(C)c1,1.452268895
COC(=O)N(C)CCCC1(C)C(=O)N(C)c2ccc(O)cc21,1.6313539185
Cn1nc(-c2cccc3ccccc23)cc1-c1cccnn1,0.514435617
CC(O)(CS(=O)(=O)c1ccc(F)cc1)C(=O)Nc1ccc(C#N)c(C(F)(F)F)c1,3.014736145
CCCNC(=O)C1CCN(C(=O)c2ccc(Br)n2Cc2ccc(OC)cc2)CC1,0.864511081
CC(C)n1cc(C[C@H](NC(=O)c2c(Cl)cc3c(c2Cl)CCN(C(=O)c2ccc4ccoc4c2)C3)C(=O)O)nn1,2.139479458
COc1cccc(-c2csc(C3(c4ccc(OC)c(C)c4)N=C(N)N(C)C3=O)n2)c1,1.3761457815
COc1ccc(-c2cc(-c3ccc(S(C)(=O)=O)cc3)ccc2N)cn1,2.397974751
CC(C)(C)/N=c1\[nH]c(-c2ccccc2O)nc2ccccc12,1.5901485765
COc1ccc(OC)c(CNC(=O)C23CCCC=C2N(C2CCCC2)C(=O)CC3)c1,0.67048749
CS(=O)(=O)Nc1ccc2c(c1)S(=O)(=O)N=C(C1=C(O)[C@H]3CCC[C@H]3N(Cc3cccc(C(F)(F)F)c3)C1=O)N2,2.06670411
COc1cccc(N(CCO)C(=O)Nc2ccc(-c3ncnc4[nH]cc(C)c34)cc2)c1,1.579760738
Cn1cc(C(NC(=O)c2cc3sccc3[nH]2)[C@H]2C[C@@H](O)C2)cn1,2.6404218315000003
COc1cc(=O)[nH]cc1C(=O)N1CCCC1c1cncc(C)c1,2.7971869695
CC1C(=O)N(Cc2ccc3ccccc3c2)c2c(/C=C/C(=O)NS(=O)(=O)c3cc(F)c(F)cc3F)cccc21,1.019579633
CC(C)N1CCc2nc(C(=O)Nc3cc(C(=O)O)cc(Cl)c3CCC(=O)Nc3ccc(Cl)cc3)sc2C1,2.457185446
Cc1ccc(-c2nnco2)cc1N1C(=O)NC(C)(c2ccc(S(C)(=O)=O)cc2)C1=O,2.28310875
CN(C)C(=O)N1CC2Cc3[nH]ncc3C(C1)N2S(=O)(=O)c1ccc(Cl)cc1,2.139479458
CN1C=C(C=N1)C2=NN3C(=NN=C3SC4=CC5=CN(N=C5C=C4)C)C=C2,2.079181246
O=C(N[C@H](Cc1c[nH]c2ccccc12)C(=O)Nc1ccncc1)c1ccc(N2CCN(c3ccc(C(F)(F)F)cc3)CC2)cc1F,0.77815125
COC[C@@H]1C[C@@H](C(=O)NC[C@H]2CCCO2)CN(Cc2nc(N3CCOCC3)oc2C)C1,1.374748346
CCOc1nc(NC(=O)C(C)(C)NC(=O)c2ccc3c(C4CCCC4)c(-c4ncc(Cl)cn4)n(C)c3c2)cnc1/C=C/C(=O)O,2.139879086
O=c1n(Cc2nc3ccccc3n2CCCCO)c2cnccc2n1C1CC1,1.531504463
O=C(Cc1cc(C(F)(F)F)cc(C(F)(F)F)c1)Nc1ccc(NC(=O)c2cscn2)cc1,1.973220247
CCN(CC)S(=O)(=O)c1ccc(C)c(N2C(=O)CC(C#N)=C2N)c1,1.1870980675
CC(=O)N1c2nc(-c3ccco3)nn2C2(CCCCC2)[C@@H]2CCCC[C@@H]21,0.57038237
COc1cc(=O)n2c(c1C(=O)NCc1ccc(F)cc1)CCCC2,1.785887132
Cc1onc2c(=O)n(C)nc(C(=O)N3CCN(C)CC3C)c12,1.653762461
Cc1n[nH]c(CC(=O)N2C[C@@H](C)[C@](O)(C(C)C)C2)n1,2.6027126585
CC(CCCNCCC12CC3CC(CC(C3)C1)C2)Nc1ccnc2cc(Cl)ccc12,1.77815125
Cl.N#Cc1c(-c2ccc(C(F)(F)F)cc2)cc(NCCN2CCOCC2)n2c1nc1ccccc12,1.201397124
Cc1cccc(C2=C(N)OC(c3ccc(Cl)cc3)C2=O)n1,0.9877562425
CN1CCN(C(=O)c2cc3cc(Cl)sc3[nH]2)CC1,1.724259481
CCNC(=O)N1CCC(NC(=O)c2cc3cc(Cl)ccc3[nH]2)C(NC(=O)c2nc3c(s2)CN(C)CC3)C1,0.858416878
COc1cc(CNCCN(C)C)c(Cl)cc1OCc1ccccc1.Cl,1.419912617
C1=CC(=CC(=C1)S(=O)(=O)NCCNS(=O)(=O)C2=CC=CC(=C2)[N+](=O)[O-])[N+](=O)[O-],1.7182525
O=C(Nc1c(O)c(Cl)cc(Cl)c1Cl)c1nc(=O)[nH][nH]1,1.005673065
Cc1n[nH]c(CN2CCOc3cc(F)c(Br)cc32)n1,1.8597421445
COc1ccc2c(c1)C1CC1(C(=O)N1C3CCC1CN(C)C3)Cn1c-2c(C2CCCCC2)c2ccc(C(=O)NS(=O)(=O)CC3CCC3)cc21,1.653212514
O=C(O[C@@H]1CC[C@@H](c2cccc(F)c2F)Cc2cccnc21)N1CCC(n2c(=O)[nH]c3ncccc32)CC1,1.371159301
c1ccc(Cn2nnnc2C(c2ccc(Cn3cccn3)cc2)N2CCCN(C3CCC3)CC2)cc1,1.041313715
CNC(=O)[C@@]12C[C@@H]1[C@@H](n1cnc3c(NC)nc(C#Cc4cnccn4)nc31)[C@H](O)[C@@H]2O,2.372875197
CC(O)c1ccc(N2CCN(CCCNC(=O)c3cc4ccccc4s3)CC2)cc1,3.315766141
Nc1nccc(-c2ccc3nc(C4COc5ccc(F)cc5C4)[nH]c3c2)n1,1.653212514
Cc1ccc(Cl)cc1N1CCN(Cc2nc3c([nH]2)c(=O)[nH]c(=O)n3C)CC1,1.5287252145
O=C(NCc1ccc(F)cc1)c1nc2c(cnn2-c2ccc(F)cc2)c(=O)[nH]1,2.3793243605
OCCCNc1nnc(-c2ccc(F)c(F)c2Nc2ccc(I)cc2F)o1,1.602081706
COc1ccc(-c2cc(-c3ccc(S(=O)(=O)N4CCN(C)CC4)cc3)cnc2N)cn1,1.691063802
OCCOCCN1CCN(c2nc(Cl)cc(Nc3ccc4[nH]ncc4c3)n2)CC1,1.862597116
NC1CN(c2nccc(-c3ccsc3)n2)CC1c1ccc(Cl)cc1Cl,2.255272505
FC(F)(F)Oc1ccccc1-c1cc(C(F)(F)F)c2[nH]c(C3=NOC4(CCCCC4)C3)nc2c1,1.01258811
CC1=CC2=C(N1)C=CC(=C2F)OC3=NC=NN4C3=C(C(=C4)OCC(C)OC(=O)C(C)N)C,0.100370545
CS(=O)(=O)c1cc(F)cc(-c2cc(N3CC(N)C(c4cc(F)c(F)cc4F)C3)ncn2)c1,2.255272505
C[C@@H]1CN(c2ccc(F)cc2C(F)(F)F)CCN1S(=O)(=O)c1cccc(N2CCN(C)CC2)c1,1.176091259
CC(C)CN1C=C(C2=CC(=C(C=C2C1=O)OC)OC)C(=O)N(C)C3=CC=CC(=C3)C(F)(F)F,-0.031517051
N[C@@H]1c2cccnc2[C@H](OC(=O)N2CCC(n3c(=O)[nH]c4ncccc43)CC2)CC[C@H]1c1cccc(F)c1F,1.91897343
COc1ccc2c(c1)[C@]1(C[C@H]1c1ccc3c(/C=C/c4ccc(N5CCN(C)CC5)nc4)n[nH]c3c1)C(=O)N2,1.1227439905
O=C(CN1CCCC(c2ccccc2)(c2ccccc2)C1=O)N1CCN(C(c2ccccc2)c2ccccc2)CC1,0.478609772
COC(=O)c1ccc(S(C)(=O)=O)c(COCCn2cncn2)c1Cl,0.595057629
CC1=CC2=C(C=C1)N3CCNC4C3=C2CCC4.CS(=O)(=O)O,0.949390007
CSc1ncc(Br)c(OC(C)C)n1,0.9140664235
CCNC(=O)N[C@@H]1CC[C@@]2(C)C(=CC[C@@H]3[C@@H]2CC[C@]2(C)C(c4cccnc4)=CC[C@@H]32)C1,8.68502e-05
C[C@H](Oc1cc(C(F)(F)F)cc(C(F)(F)F)c1)C1CC(=O)CC(=O)C1,1.869114327
Clc1ccc(-c2nc3ncccn3c2Nc2ccccc2)cc1,1.254521068
CN(C)CC1(c2ccc(Cl)c(Cl)c2)CCC1,1.278799314
Cc1ccccc1/N=C1\Nc2cccc3cccc1c23,0.76338747
Nc1ncnc2c1nc(Sc1cc3c(cc1Br)OCO3)n2CCC1CCN(CC2CCCCC2)CC1,1.080669764
Cc1cccc(NC(=O)C2CCCN(S(=O)(=O)c3c[nH]c(C(=O)N4CCCC4)c3)C2)c1C,0.9645215385
CCC(C(=O)Nc1ccc(C(=O)O)cc1NC(=O)C(CC)c1ccccc1)c1ccccc1,3.315766141
O=c1cc(-c2ccccc2)oc2ccccc12,0.9181599245
C#Cc1ccc2c(c1)C(c1ccccc1)=NCc1c(-c3cnco3)ncn1-2,1.839228615
O=C(Nc1cc2cc[nH]c(=O)c2cc1Cl)C1CNCC1c1ccc(F)cc1,1.785472203
CO/N=C(\N)c1ccc(-c2cncc(-c3ccc(/C(N)=N\OC)cc3)n2)nc1,0.880927865
CCC(=O)NCCCc1cc(OC)ccc1OCc1cccc(OC)c1,0.740378482
CC(C)CN1C(=O)CN(Cc2ccc(-c3ccc(F)c(CN4CCOCC4)n3)cc2)C1=O,1.041313715
CC1=C(C(=NO1)C2=CC=CC=C2)C3=CC=C(C=C3)S(=O)(=O)N,2.079181246
CC(C)(C)OC(=O)NCCC(=O)Nc1nc2cc(F)ccc2s1,3.315766141
CC(=O)Nc1nc(C)c(-c2nc(CC(C)(C)C(C)O)no2)s1,2.232926438
CC(Oc1cc(-c2cnn(C)c2)cnc1N)c1c(Cl)ccc(F)c1Cl,0.847167134
O=c1n(Cc2nc3ccccc3n2CCC2(O)CC2)c2cnccc2n1C1CC1,0.544043227
COc1ccc([C@H]2CN(NS(C)(=O)=O)C(=O)N2CCc2ccc(OC(F)(F)F)cc2)cc1,1.176091259
COc1nc(Nc2ccc3[nH]ncc3c2)c(Cl)c(OC)n1,1.7921731145
C[C@](O)(CS(=O)(=O)c1ccc(F)cc1)C(=O)Nc1ccc(C#N)c(C(F)(F)F)c1,2.33045436
O=C(NCCc1nc(-c2cccc(F)c2)cs1)c1cccc(F)c1,2.049528262
C1CC2=C(C(=O)NC1)OC3=C2C=C(C=C3)O,1.94142339
O=C1CCCc2sc(CN3CCOCC3)cc21,2.446764187
CC(=O)N1CCC(C(=O)N(CCCN2CCC(Cc3ccccc3)CC2)c2ccccc2)CC1,1.793271116
C=CC(=O)NCc1coc(-c2c(N)ncnc2Nc2ccc(F)c(Cl)c2)n1,1.204174266
Cc1cc(CCC#N)cc(C)c1Oc1cc(Nc2ccc(C#N)cc2)c(N)cc1COC(=O)C1CC1,0.942204072
Nc1nc(NC2CCNC2)c2sc(-c3ccc(C(F)(F)F)cc3)cc2n1,2.176091259
COc1ccc(/C=C/C(=O)NCCc2c(C)[nH]c3ccccc23)cc1OC,1.3462520969999998
CC(CC(=O)N1C[C@@H]2C[C@H]1CN2C(=O)[C@@]1(C(C)C)CC[C@@H](NC2CCOCC2F)C1)C(F)(F)F,2.079181246
CCc1nn(CCN)c(CC)c1Oc1cc(Cl)cc(C#N)c1,2.079181246
COc1ccc(CCN(C)CCCC(C#N)(c2ccc(OC)c(OC)c2)C(C)C)cc1OC,1.2683978374615386
Cc1nc(N2CCN(C)CC2)c2nc(-c3ccccc3Cl)n(CCO)c2n1.Cl,1.008269539
O=[N+]([O-])c1cn2c(n1)OC[C@H](OCc1ccc(-c3ccc(F)cc3F)nc1)C2,1.882797669
COc1c2c(cc3c1OCO3)CCN(C)C(C(=O)c1ccc(Br)cc1)=C2,0.256761023
CNCC1(c2ccc(F)c(F)c2)CCCCC1,2.324323619
CC(=O)n1cc(Nc2ccc(I)cc2F)c(C(=O)NOCCO)c1,0.477121255
Cc1ccc(/C(=C\c2ccc(/C=C/C(=O)NO)cc2)C(=O)NC2CC2)cc1,1.994238833
COc1ccc2c(CSc3nc4ccccc4o3)cc(=O)oc2c1,0.5134028025
COC1CCCCC1N(C)c1ncnc2[nH]ccc12,1.146065989
C(=C/c1nnn(Cc2ccccc2)n1)\c1ccccc1,1.21415205
C1C(C2(CN1CC3=CC=C(C=C3)C(=O)O)CN(C2)C4=CC=CC=C4)COC5=CC=CC=C5,1.811373897
Cc1n[nH]c(C)c1CCC(=O)NCc1c(F)cccc1F,1.8007774405
O=C(Cc1cccc2cnccc12)Nc1scnc1-c1nc[nH]n1,1.024338273
CC1=CC(=O)N(Nc2nc(-c3ccco3)nc3sc(C)cc23)C1=O,1.297658324
CC[C@@H]1C[C@@H](C(=O)NCc2cccc(N)n2)CN(Cc2nc(-c3ccccc3)oc2C)C1,0.540304443
COCC[C@H](CC1(C(=O)NC2(CO)Cc3ccccc3C2)CCCC1)C(=O)O,2.079181246
Cc1cccc(COC(=O)N2CC(N)C(c3ccc(Cl)cc3Cl)C2)n1,2.255272505
CC(C)[C@@H](Oc1ccc(NC(=O)C2CC=NN2C(=O)C[C@H](N)Cc2cc(F)c(F)cc2F)cc1)C(=O)O.Cl,1.989904604
CCN(CC)CC1(c2ccc(Cl)c(Cl)c2)CCCCC1,1.544043227
O=C(NCCCn1cccn1)c1c(OCC2CC2)cc(=O)n2c1CCCCC2,1.933766364
CC(C)C[C@H](C(=O)NOC(C)(C)C)N1C(=O)Nc2cc(Cl)cc(Cl)c2S1(=O)=O,1.426748941
O=S(=O)(c1ccccc1)n1ccc(C/C=C/Cc2ccn(S(=O)(=O)c3ccccc3)c2)c1,0.90226630625
COC(=O)N[C@@H](C(=O)N1CCC[C@H]1C(=O)Nc1ccc2c(c1)C(C)(C)c1cc(NC(=O)[C@@H]3CCCN3C(=O)[C@H](NC(=O)OC)c3ccccc3)ccc1-2)c1ccccc1,2.607886123
Nc1ncnc2c1c(-c1ccccc1)nn2CC(Cl)c1ccccc1,2.2442486
O=C(Nc1cc2cc[nH]c(=O)c2cc1Cl)C1CNCC1c1cccnc1,1.690213806
O=C(c1ccc(C[C@@H]2CC[C@H]([C@H](O)c3ccccc3)N2)cc1)N1CCN(Cc2nnn(CC(F)(F)F)n2)CC1,1.555768207
O=C(Cc1cccc2cnccc12)Nc1scc(Cl)c1-c1ncn[nH]1,2.079181246
O=C(c1ccc(Cl)cc1NS(=O)(=O)c1cccc2nsnc12)N1CCCCCC1,0.974090288
CCCCNc1nc(SCC)nc2c1cnn2CC(Cl)c1ccccc1,2.670411115
Cn1c(=O)c(O)c(C(=O)NCc2cccc(F)c2)c(=O)n1C,3.315766141
C[C@@H](c1ccc(Cl)cc1)N1Cc2cncn2C(C[C@@H](O)c2ccccc2)S1(=O)=O,1.380211242
O=C(Nc1cc(Br)cc2c1N(c1ncccn1)CC2)c1ccccc1,0.8397845995
Cn1nnc2ccc(-c3ccccc3Cl)c(CN)c21,1.462368046
CC1(C(=O)NC2CCCCCC2)Cn2c(cc3occc32)C(=O)N1Cc1ccco1,0.454930243
CCOC(=O)c1cccc(NC(=O)N2Cc3c(sc4c3CCCC4)-n3cccc3C2C)c1,0.5517505735
CC1=CC2=C(C=C1)N=C(O2)C3=C(C=CC(=C3)NC(=O)C4=CC5=C(C=C4)OCCO5)Cl,1.801678059
COC(=O)C1(c2ccccc2)CCN(C(=O)CCn2cncn2)CC1,1.876962342
c1ccc(-c2nc3ccccc3nc2N2CCCC2)cc1,1.1471427765
COc1ccc(-c2nc3cnc(NCc4ccc(Cl)c(Cl)c4)cc3n(CCNC(C)=O)c2=O)cc1,2.396876445
Nc1ncnc2c1c(-c1cccc(OC[C@@H]3CCCCO3)c1)cn2[C@H]1C[C@@H](CN2CCC2)C1,2.313375621
c1ccc(-c2ccccc2CN(C2CCOCC2)[C@H]2CCNC2)cc1,2.079181246
COc1cccc2c(C(=O)N3C[C@@H]4CCCN4CC3(C)C)cn(CC3CCCCC3)c12,0.698952632
CN(C)CCCN/C(=N\c1ccnc2cc(Cl)ccc12)c1ccc(Cl)cc1,1.681241237
O=S(=O)(c1ccc(C(F)(F)F)nc1)N1C2Cc3[nH]ncc3C1CC(c1ccccc1F)C2,1.477121255
Cc1ccc(S(=O)(=O)N(C)c2ccccc2)s1,0.6352654555
Cl.NC(CC(=O)N1CCCCN1)Cc1ccccc1F,2.357723394
COC(=S)NC[C@H]1CN(c2ccc(N3CC[Si](C)(C)CC3)c(F)c2)C(=O)O1,1.39161967
C[C@]12CC[C@H](O)CC1=CC[C@@H]1[C@@H]2CC[C@]2(C)C(c3cccnc3F)=CC[C@@H]12,8.68502e-05
Cc1nc(N2CCC(N3CCCC3=O)CC2)nc2ccc(NC(=O)/C=C/c3ccc(OC(F)(F)F)cc3)cc12,1.879504297
N#Cc1nccnc1NCCc1nc2c(s1)CCCC2,0.6515582785
Cc1ccc(S(=O)(=O)N(CC(=O)c2ccccc2)c2nc3nc(C)cc(C)n3n2)cc1,2.2233844675
C1=CC=C(C(=C1)C(=O)NC2=CC=CC(=C2)C3=NC4=CC=CC=C4O3)Cl,0.959041392
Cn1ncnc1CN(Cc1ccc2c(c1)OCO2)C1CCCCC1,0.7588080075000001
CCOc1cccc2c(C)nc(Nc3nc(O)c4c(n3)CCCC4)nc12,1.031956188
CNC(=O)c1c(-c2ccc(F)cc2)oc2nc(CCC(F)(F)F)c(-c3ccc(F)c(C(=O)NC(C)(C)c4ncon4)c3)cc12,1.230397825
CC1CCN(CC1)C(C2=CC=C(C=C2)F)C3=C(C=C(C=C3)C(C)C(=O)O)C4=CC=C(C=C4)C(F)(F)F,2.062544381
FC(F)(F)c1ccc(Nc2ccc3c(C4CCNCC4)c[nH]c3c2)cn1,2.596298824
COc1cc(-c2nc(C)oc2C(=O)N2CCN(c3cccc(Cl)c3)CC2)ccc1O,2.071942799
CCOCCn1nc(CC)c2nc(N3CCCC(C(N)=O)C3)nc(Nc3cc(C)ccn3)c21,0.654701031
FC1(F)CCC(CNCCCCN(C[C@H]2Cc3ccccc3CN2)[C@H]2CCCc3cccnc32)CC1,0.990009852
O=C(O)c1ccc(NC(=O)[C@@H]2c3cccc(N4CCCCC4=O)c3CCN2C(=O)/C=C/c2c(-n3cnnn3)ccc(Cl)c2F)cc1,1.491389712
CC(=O)c1cccc(NC(=O)CN(C)S(=O)(=O)c2c(C)cc(C)cc2C)c1,0.9720610825
CC(C)[C@](CCCN(C)CCC1=CC(=C(C=C1)OC)OC)(C#N)C2=CC(=C(C(=C2)OC)OC)OC,0.88536122
C[C@H]1CNC[C@@H](C(=O)Nc2ncc(SCc3ncc(C(C)(C)C)o3)s2)C1,1.5472093295
CCOc1cc(CNCCc2ccc(S(N)(=O)=O)cc2)ccc1OCc1ccccc1.Cl,1.545490999
Cc1cc(Nc2ccc(C)c(F)c2)n2ncnc2n1,1.556302501
CCCNC(=O)C1CCN(C(=O)c2cc3cc(Br)sc3n2Cc2ccc(OC)cc2)CC1,0.881270504
CC(C)(NCc1ccncc1Cl)c1ccc(F)cc1Cl,0.256761023
O=[N+]([O-])c1cn2c(n1)OC[C@@H](OCc1ccc(-c3ccc(CNc4ccccc4)cc3)cc1)C2,1.292586867
N/C(=N/C(=O)OCC(Cl)(Cl)Cl)c1ccc2[nH]c(-c3cccc(-c4ccccc4O)c3O)cc2c1,2.475143873
c1ccc(Cn2nnnc2C(c2ccc(CN3CCOCC3)cc2)N2CCCN(C3CCC3)CC2)cc1,1.146065989
CC1(C)CN(c2ccccc2NC(=O)Nc2ccc(OC(F)(F)F)cc2)c2c(O)ccc(-c3ccccc3)c21,1.402383042
O=C(Nc1ccc(N2CCCS2(=O)=O)cc1)c1cc(C2CC2)nc2ccccc12,1.9247187265
O=C(C1CCC1)N(C1CCCCC1)C1CCCCC1,0.784173488
CC(C)(C)c1cc(NC(=O)[C@@H]2CCCN2c2ccc(Cl)cc2)no1,1.380211242
c1ccc2c(c1)nc(-c1ccsc1)n2Cc1ccsc1,0.865878076
O=C1CC(=O)N(CCc2ccccc2)C(=O)N1CCc1ccccc1,1.785472203
COc1cc2c(cc1O)CC[C@@H]1[C@@H]2CC[C@]2(C)[C@@H](C)CC[C@@H]12,1.57449127
CCOC(=O)c1ccc(NC2C=CC(=O)C2Nc2ccc(C(=O)OCC)cc2)cc1,0.5852696155
COc1cc(N2CCC(N3CCN(C)CC3)CC2)ccc1Nc1ncc(Cl)c(Nc2ccccc2N)n1,1.901838398
C1CC1NS(=O)(=O)C2=CC(=C(C=C2)C3=CSC=C3)NC(=O)NC4=CC=CC(=C4)C(F)(F)F,0.649334859
CN1C(=C(C2=C(S1(=O)=O)C=CS2)O)C(=O)NC3=CC=CC=N3,2.079181246
Cc1nc(Cl)c(Cl)n1Cc1ccc(Cl)nc1,1.699805383
O=[N+]([O-])c1ccc(CNC2=NS(=O)(=O)c3cc(Cl)ccc32)cc1,3.315766141
CC1=CSC(=C1N(C(C)COC)C(=O)CCl)C,1.035829825
O=C(c1ccc2[nH]cnc2c1)N1CCc2nc3cc(-c4ccccc4Cl)[nH]n3c(=O)c2C1,2.0691022005
CCc1cc2c(Nc3ccc(OC)cc3OC)ncnc2s1,0.8502656675
CC(=O)Nc1cccc(C2CCN(C(=O)c3cc4cc(-c5ccc(Cl)cc5)c5ccccc5c4s3)CC2)c1,1.9494486495
O=C(CC1CCN(C(=O)c2cccc(C#Cc3ccccn3)c2)CC1)Nc1ccc(F)cc1F,1.340881912
CC(C)[C@@H]1CC[C@]2(C(=O)NCCCCCCCCC(=O)N[C@@H](CCC(N)=O)C(=O)O)CC[C@]3(C)[C@H](CC[C@@H]4[C@@]5(C)CC[C@H](O)C(C)(C)[C@@H]5CC[C@]43C)[C@@H]12,1.393575203
CC1=C(C=C(C=C1)C(=O)NC2=CC=CC(=C2)C(F)(F)F)OC3=C(C=CC=N3)C4=NC(=NC=C4)NC,1.054995862
C[C@@]1(O)CC[C@@]2(C)C(CC[C@@H]3[C@@H]2CC[C@]2(C)C(c4cncc(F)c4)=CC[C@@H]32)C1,8.68502e-05
NC(=O)c1c(NC(=O)c2cnn3c(C(F)F)cc(-c4ccccc4)nc23)sc2c1CCC2,1.320450123
O=c1[nH]c(C2=Cc3ccccc3OC2)nc2ccc(-c3cn[nH]c3)cc12,2.641474111
CC[C@@H]1C(=O)N(C)c2cnc(-n3ccnc3-c3ccc(F)cc3)nc2N1c1cnn(C)c1,1.748498267
Cc1cc(/C=C/C#N)cc(C)c1Oc1cc(Nc2ccc(C#N)cc2)c(N)cc1[N+](=O)[O-],1.6757627225
O=S(=O)(c1ccccc1)N(CC(O)COc1cc(Cl)ccc1Cl)c1nccs1,0.8417912365
Cc1onc2c1COC2c1c(Cl)cccc1Cl,1.8469845875
COc1cc(=O)n(C)cc1C(=O)Nc1nc(-c2ccccn2)cs1,1.208717952
C1CC(C1)N([C@@H]2CC3=C(C=CC(=C3OC2)F)C(=O)N)C4CCC4,1.174931594
CC1=CC(=C(C(=C1)C(C)(C)C)O)C(C)(C)C,2.079181246
Cc1cc(N2CCCC2c2cc(C)on2)nc(N)n1,2.5670928435
CC(C)Oc1ccc(NC(=O)[C@@H]2C[C@@H]3CC[C@@H]2N(S(=O)(=O)c2ccc(F)cc2)C3)cc1,0.936300043
CC(C)(C)c1cc(-n2c(=O)[nH]c3ccccc3c2=O)no1,2.6761892895
COc1ccccc1CNC(=O)CCCCn1c(=O)c2ccccc2n(Cc2ccccc2C#N)c1=O,0.7233512715
Cc1c(-c2ccc(-c3ccc(OC(F)(F)F)cc3)nc2)[nH]c2ccccc2c1=O,1.9481101625
CCCCCCOc1ccc(-c2nc(C)c(/C(C)=N/NC(=N)N)s2)cc1,2.380211242
NC1CN(c2ccccc2)CC1c1ccc(Cl)cc1Cl,2.255272505
Fc1ccc(-c2cc(-c3nc4c5c(ncn4n3)CCC5)[nH]n2)cc1,1.2729846695
O=C(O)C(c1c[nH]c2ccccc12)N1CCN(CC(=O)N2CCCCCC2)CC1,2.5398231405
O=C(O)c1cn2c(n1)C(c1ccccc1)N(C(=O)c1ccccc1)CC2,1.552146022
CCOC(=O)Cc1cc(=O)c2c(=O)n(-c3ccccc3)[nH]c2[nH]1,2.353100033
C[C@]12CCNC(=O)C=C1CC[C@@H]1[C@@H]2CC[C@]2(C)C(n3ncnn3)=CC[C@@H]12,8.68502e-05
O=C(Nc1ccn(-c2c[nH]c(C(O)c3cccc(C(F)(F)F)c3)n2)c(=O)c1)c1cscn1,2.079181246
COC1=CC=C(C=C1)C(=O)NC(C2=CC=CC=C2Cl)C3=CC(=C4C=CC=NC4=C3O)Cl,1.569724949
Nc1cc(C2=NOC3CCCCC23)nc(C(=O)O)c1Cl,3.315766141
C1=CC=C(C=C1)N=NC2=C(N=C(C=C2)N)N,0.872156273
C1CCN(C1)CCOC2=CC=C(C=C2)NC3=NC=C(S3)C4=CC=CC=C4,2.013427127
CCNCCNc1cc(-c2ccc(C(F)(F)F)cc2)c(C#N)c2nc3cc(Cl)cc(Cl)c3n12,2.174113878
CC1CCCC(N(C)c2ncnc3[nH]ccc23)C1,1.230397825
O=C(NCc1ccc(S(=O)(=O)c2ccc(N3CCOCC3)nc2)cc1)c1cc2ccncc2o1,1.489709364
Cc1c(CO)cccc1NS(=O)(=O)c1ccc(-c2ccc(F)cc2)cc1,1.146065989
C1=CC(=CC=C1N)S(=O)(=O)N=C(N)N,1.893817224
Cl.O=C(CCc1ccsc1)Nc1ccc2c(c1)CNCC2,2.7036508945
COc1cc(N2Cc3ccc(Sc4ccc(F)cc4)nc3C2=O)ccc1OCCN1CCCC1,2.834228116
O=C1CN(S(=O)(=O)c2ccc(C(F)(F)F)cc2)C(C(F)(F)F)c2cn[nH]c21,0.654701031
C[C@@H]([C@H](C1=C(C=CC(=C1)OC)OC)O)N,2.079181246
CN1CCc2nc(C(=O)N[C@@H]3C[C@H](C(=O)N(C)C)CC[C@@H]3NC(=O)c3cc4cc(Cl)ccc4[nH]3)sc2C1,0.61346842
O=S1(=O)c2ccccc2C(O)C(Cc2ccccc2O)N1Cc1cccnc1,1.1663966625
CC1=CC(=CC=C1)N(C)C(=S)OC2=CC3=CC=CC=C3C=C2,0.475671188
CC(=O)N1CCCC2=C1C=CC(=C2)S(=O)(=O)NC3=CC=C(C=C3)OC(F)(F)F,1.320769228
CCS(=O)(=O)CC(C)N(C)c1cnc(C#N)cn1,2.076512168
CNC(=O)c1ccc(-n2c(C)cc(OCc3ccc(F)cc3F)c(Br)c2=O)c(C)c1,2.633276705
Clc1ccc(CN(CC2CNC2)C2CCCC2)cc1Cl,0.773065702
COc1ccc2c(O[C@@H]3C[C@H]4C(=O)N[C@]5(C(=O)NS(=O)(=O)C6CC6)C[C@H]5/C=C\CCCCC[C@H](NC(=O)c5ccn(CC(F)F)n5)C(=O)N4C3)cc(OC(C)C)nc2c1C,2.079181246
O=C(NCc1cccnc1)Nc1ccc(S(=O)(=O)N2CCCCC2)cc1,2.107042763
CN1C2CCCCN2C(=O)C3=C1C=C(C=C3)C(=O)NC4=CC=C(C=C4)C#N,1.646599752
CCCc1cc(-n2ccnc2C)n2nc3nc(C)cc(C)c3c2n1,2.0315576725
CC(C)(C[C@H]1CC[C@H](N(C(=O)c2ccc([C@](C)(O)C(F)(F)F)cc2)C2CC2)CC1)C(N)=O,2.295268828
CCN1CCN(CC1)CC2=C(C=C(C=C2)NC(=O)C3=CC(=C(C=C3)C)/C=C/C4=CN=C5C(=C4OC)C=CN5)C(F)(F)F,2.079181246
CCCC(=O)OCCNc1cc(SCC(=O)OCC)c2nonc2c1[N+](=O)[O-],0.3305239115
CCOc1cc2c(cc1CNc1ccnc3c1cnn3C)OC(C)C2,0.681842254
CC(C)(O)CCn1c(Cn2c(=O)n(C3CC3)c3ccncc32)nc2ccccc21,1.414939939
Cc1c(-c2ccccc2)c(N2CC[C@H](N(C)C)C2)n2nc(C(C)(C)C)nc2c1C#N,0.936300043
CSc1nc2ccccn2c(=N)c1S(=O)(=O)c1ccccc1,0.716020047
CCCS(=O)(=O)N1C[C@H]2CC[C@H]1[C@H](C(=O)Nc1ccc(OC(C)C)cc1)C2,1.623959337
O=C1COc2c(Cl)cc(Cl)cc2N1Cc1nnc(COCc2ccccc2)n1CCC(F)(F)F,0.841443718
c1ccc(-n2ccc3cnc(N4CCCCC4)nc32)nc1,0.6473438730000001
Cc1ccc(S(=O)(=O)n2cc(Br)c3c(N4CCC(O)CC4)ncnc32)cc1,1.3414209235
O=C(CCCc1ccccc1)N[C@@H](Cc1c[nH]c2ccccc12)C(=O)Nc1ccncc1,0.602081706
COc1cccc(CN(C)C(=O)c2cc3ccc(-c4cn[nH]c4)cc3[nH]2)c1,1.662776714
NC(=O)c1cccc2c1nc1scc(CN3CCCC3)n12,1.5245268255000002
CN(C(=O)[C@@H](N)Cc1ccccc1)[C@@H](Cc1ccccc1)C(N)=O,1.176091259
CC1=C(C(N=C(N1)NC2=NC3=CC=CC=C3O2)C4=CC=CC=C4Cl)C(=O)NC5=CC=CC(=C5)CN,2.079181246
C[C@](O)(c1ccc(C(=O)N(C2CC2)[C@H]2CC[C@](CC#N)(c3ccccc3)CC2)cc1)C(F)(F)F,1.994238833
COc1ccc2c(c1CN1CCNCC1)O/C(=C\c1c[nH]c3ccccc13)C2=O,2.321323554
CN(C)c1ccc(C2c3cccn3-c3sc4c(c3CN2C(=O)NCc2ccccc2)CCCC4)cc1,1.539210392
COC(=O)C1(C(=O)OC)C[C@@H](c2ccccc2)c2ccc(N(C)C)cc2[C@@H]1CC(=O)C(C)(C)C,0.674176662
CC(C)(C)c1nc2cc(S(=O)(=O)Cc3ccc(C#N)cc3)ccc2n1CC1CCCCC1,1.519005149
O=C(c1ccc(Sc2ccc(F)cc2)cn1)N1CCCN(C2CCC2)CC1,2.020293558
N#CC1CC2Cc3[nH]ncc3C(C1)N2S(=O)(=O)c1ccc(Cl)cc1,1.7662731346666665
CN(C)c1nc2n(c(=O)n1)CCN2C(=O)Nc1ccccc1,1.1590669005
CC(C)C(CCN1CCN(C)CC1)c1ccco1,1.6079300995
Cc1cc(=O)oc2c3c(ccc12)NC(C)(C)[C@H](OC(=O)C12CCC(C)(C(=O)O1)C2(C)C)[C@@H]3OC(=O)C12CCC(C)(C(=O)O1)C2(C)C,0.982271233
CC(C)CCOCC(CN1CCOCC1)OC(=O)C2=CC(=C(C(=C2)OC)OC)OC,0.385606274
CCOC(=O)N1CCCC1c1cc2[nH]c(-c3ccccn3)nc2cc1Oc1ccc(F)cc1,0.915560026
CCC(=O)NCCCc1cc(OC)ccc1Cc1cccc(OC)c1,0.77815125
CCOCCn1nc(CC)c2nc(N(C)C3CCNC3)nc(Nc3cc(C)ccn3)c21,1.188555375
Cc1[nH]nc2c1C(c1cc(-c3cncc(C(=O)O)c3)cc(C(F)(F)F)c1)(C(C)C)C(C#N)=C(N)O2,1.80631567
O=C(Nc1cc2cc[nH]c(=O)c2cc1Cl)C1CNCC1c1ccccc1,2.114010162
CC(C)CCn1nc(N2CCOCC2)c(O)c(C2=NS(=O)(=O)c3cc(NS(C)(=O)=O)ccc3N2)c1=O,1.77815125
O=C(O)CC1(Cc2cccc(Cl)c2)C2CC3CC(C2)CC1C3,1.064242671
CCOc1cc(CNCCc2nc(C)oc2C)ccc1OCC(=O)Nc1ccccc1,2.222794227
Br.Clc1ccc(N2CCN(C[C@H]3C[C@@H]3c3ccccc3)CC2)c(Cl)c1,1.278799314
COc1cc2c(N3CCN(C(=O)Nc4ccc(OC(C)C)cc4)CC3)ncnc2cc1OCCCN1CCCC1,2.602081706
Cc1c(Cl)cccc1Oc1cccn2c(C3CCCCCC3)nnc12,1.191211125
CN(C)S(=O)(=O)c1ccc(Br)c2ccccc12,0.9078817655
CCc1cccc(CC)c1-c1cc(OC)c2c(n1)CCCC2N(CC)c1cccc2ccccc12,1.7332874889999998
CCOC(=O)[C@H](CCC1=CC=CC=C1)N[C@H]2CCCN3CCC[C@H](N3C2=O)C(=O)O,1.2219356
CCOC(=O)c1ccc(NC(=O)N(Cc2ccc3c(c2)OCO3)C2CCN(CC)CC2)cc1,2.3344395695
O=C(Nc1ccc2sc(-c3cccc(F)c3)nc2c1)N1CCCC1,1.568225199
CCN(CC)C(=O)c1sc(NC(=O)c2cc(OC)cc(OC)c2)c(C(=O)OC(C)C)c1C,1.0650353620000002
CCN(CC)S(=O)(=O)c1ccc(C(CC2CCCC2)C(=O)Nc2nc3ccc(OC)nc3s2)cc1,0.763442969
CC(C)(C)C[C@@H]1N[C@@H](C(=O)N[C@H]2CC[C@@H](O)C2)[C@H](c2cccc(Cl)c2F)[C@]12C(=O)Nc1cc(Cl)ccc12,0.602081706
C[C@@H]([C@H](C1=CC=CC=C1)O)NC,2.079181246
O=C(NCCN1CCOCC1)c1ccc(-c2c(O)ccc3ccccc23)cc1,2.52642867
CCN1CCCC1c1cc2[nH]c(-c3ccccn3)nc2cc1Oc1ccc(F)cc1,1.699359545
O=C(NOCCO)c1cc(CN2OCCC2=O)c(F)c(F)c1Nc1ccc(I)cc1F,2.556302501
COc1cc(=O)[nH]cc1C(=O)N1CCCC(N2CCOCC2)C1,2.3709245455000003
CC(C)C[C@H]1C(=O)N[C@@H](c2cccs2)CN1C(=O)c1cc(-c2ccc(F)cc2)on1,2.079181246
CCOc1ncc(S(=O)(=O)N2CCN(CC)CC2)cc1-c1nc2c(CC)n(CCOC)nc2c(=O)[nH]1,1.6647144495
CC(C)(C)OC(=O)N[C@H]1CC[C@H](n2nnc3cnc4[nH]ccc4c32)CC1,1.77815125
COC1=CC=C(C=C1)S(=O)(=O)N2CCN(CC2)S(=O)(=O)C3=CC4=C(C=C3)OCCO4,0.915560026
COc1ccc(F)cc1-n1c(=O)[nH]c2c(c1=O)CCC2,1.981315919
Cc1nc2c(s1)N(S(=O)(=O)c1ccc(C(F)(F)F)cc1)C(C1CC1)c1c[nH]nc1-2,1.249321963
O=C1CC(c2ccc3c(c2)OCO3)CC2=C1C(c1ccncc1)Nc1ccccc1N2,1.687311376
CC(C)(C)c1ccc(S(=O)(=O)n2ccnc2)cc1,3.315766141
CC[C@@H]1C(=O)N(C)c2cnc(-n3ccnc3-c3ccccc3)nc2N1[C@H]1CCOC1,1.069493576
Cc1ccc2c(c1)N(C(=O)c1cccc(F)c1)CC(C)O2,1.043280741
CC(C)[C@H](NC(=O)c1ccc2nc(-c3ccc(NC(=O)NCc4ccccc4)cc3)cn2c1)C(=O)O,1.4679129765
Cn1c(Nc2ccc(Br)cc2F)c(C(=O)NOC[C@H](O)CO)c2c1C(=O)CCC2,1.973220247
CNC(=O)c1cc(Cl)cc(C)c1NC(=O)c1cc(Br)nn1-c1c(F)c(F)cc(F)c1F,2.0545040965
COc1cc(-c2cn[nH]c2)cc2c(=O)[nH]c(C(N)c3cccc(Cl)c3)nc12,1.707570176
Nc1ncnc2c1nc(Sc1cc3c(cc1Br)C(=O)CC3)n2CCC1CCN(C=O)CC1,1.362268775
c1ccc(-c2noc(Cc3cn4ccccc4n3)n2)nc1,2.620211475
Cc1cc(C)cc(Oc2ccc(CCC(=O)O)c(C(=O)N[C@H](CC(C)C)c3cc(C)cc(C)c3)c2)c1,1.806012767
O=C(Cc1ccccc1)Nc1nnc(OC2CCN(c3nnc(NC(=O)Cc4ccccc4)s3)CC2)s1,1.922687859
Cc1cccc(NC(=O)c2nc(Br)cs2)n1,0.898954962
C[C@H](c1ccc(F)cc1)N1C(=O)O[C@](Cc2ccccc2)(c2nc3cc(Cl)ccc3[nH]2)C1=O,1.541363925
Cn1cc(/C=C/C(=O)NS(=O)(=O)c2ccc(F)c(F)c2)c2c(Oc3ccc(F)c(Cl)c3)cccc21,2.36938112
c1ccc2cc(-c3ccnn3-c3ccncc3)ccc2c1,0.725545316
C1CCN(CC1)C2=NC=NC3=C2C=C(C=C3)NC(=O)C4=CC=CC(=C4)C#N,1.093071306
CC1(C)CN(C(=O)Cc2nc(N3CCOCC3)cc(=O)[nH]2)c2ccccc21,1.871573656
C[C@@H](c1ccccc1)N1C(=O)OC[C@H]1CN1CCCC1CO,1.9121874135
CCS(=O)(=O)c1cccc(Oc2cccc(-n3c(C)nc4c(Cl)cccc43)c2)c1,1.477121255
CN1CCN(CC1)C(=O)C2=CC(=NC3=C2C=NN3C)C4=CC=C(C=C4)F,1.88337749
CNCCC(c1ccc2ccccc2c1)n1ncnn1,1.690213806
CC(=O)N1CCC(c2[nH]nc(-c3ccc(Cl)cc3)c2-c2ccncn2)CC1,2.008600172
Clc1ccc(C(CC2CNC2)Oc2ccccc2)cc1Cl,1.715368522
COc1ccc(-c2cc(-c3ccc(C(=O)NCCCO)cc3)cnc2N)cn1,2.397974751
O=C(O)c1ccc2c(Br)c(O)c(C(=O)O)cc2c1,1.568717668
Nc1nc(N2C(=O)C3CC=CCC3C2=O)nn1-c1ccccc1,3.472593732
N#CC1(n2cc([C@@H](NC(=O)c3ccc(C(F)(F)F)cc3)C3CCCCC3)nn2)CC1,0.954242509
SCc1ccc(-c2cccnc2)o1,2.075473965
CC1=C(C=CC2=C1N=C(S2)N3CCN(CC3)C(=O)CS(=O)(=O)C4=CC=CC=C4)Cl,1.786680453
N#CC1(n2cc([C@@H](NC(=O)c3ccsc3)C3CCS(=O)(=O)CC3)nn2)CC1,1.892094603
C1=CC=C(C=C1)C(=O)NC2=CC=CC(=C2)C3=NC4=C(O3)C=CC(=C4)Cl,0.733197265
Cc1c(C)c(C)c(CNC(=O)C2CNC(=O)C2)c(C)c1C,1.9569998185
COc1ccccc1CNc1ncc(C(=O)NCCc2nnn[nH]2)c(NC2CCCC2)n1,1.77815125
O=C(O)c1ccc(CCN2C(=O)CCN2CCC(O)Cc2cccc(Br)c2)cc1,0.557791018
CC(C)[C@]1(C(=O)N2C[C@@H]3C[C@H]2CN3C(=O)C2CCC2)CC[C@@H](NC2CCOCC2)C1,2.079181246
CC(NC(C)c1nc(N)nc(N(C)C)n1)c1ccccc1,1.5490964305
O=c1[nH]c2cc(Br)ccc2c2[nH]c(-c3ccccc3Cl)nc12,2.396876445
CN(C)C(=O)c1ccc2c(c1)CC(C(=O)Nc1ccc(-c3cn[nH]c3)cc1)CO2,1.845222106
CC(C)N(CCNc1ncnc2nc[nH]c12)C(C)C,1.5701328115
Cc1[nH]c2ncnc(-c3ccc(NC(=O)N(CCN(C)C)c4ccc(Cl)cc4)c(F)c3)c2c1C,1.278799314
CC(C)(C)c1ccc(NC(=O)Nc2ccc3[nH]ncc3c2)s1,1.740378482
C1=CC=C2C(=C1)C(=C(N2)C3=C(NC4=C3C=CC(=C4)Br)O)N=O,1.279210513
CN1CCc2c(c3ccccc3n2-c2cncnc2)C1.Cl.Cl,1.7566964755
CC(CCNCC12CC3CC(CC(C3)C1)C2)Nc1ccnc2ccccc12,1.77815125
O=c1ccc2cnc(Nc3cnn(C4CCNCC4)c3)nc2n1C1CCCCCC1,1.857764352
CCCc1nc(N(C)Cc2cc(-c3ccccc3)n[nH]2)c2cnn(C)c2n1,1.369844516
O=[N+]([O-])c1cn2c(n1)OC[C@@H](OCc1ccc(-c3ccc(C(F)(F)F)nc3)cc1F)C2,3.008082491
CCn1nccc1-c1cc(C(=O)O)c2ccc(Cl)c(C)c2n1,2.5801267140000004
COc1cc(N2CCN(C3CCN(c4cccc5cc(C)cnc45)CC3)CC2)c2ncccc2c1,0.300986564
CC(C)CC[C@]1(C)CN(C2CCC2)C(=O)C(C2=NS(=O)(=O)c3cc(NS(C)(=O)=O)ccc3N2)=C1O,0.34246216
Cn1c(=O)cc(N2CCC[C@@H](N)C2)n(Cc2ccc(F)cc2Cl)c1=O,2.300986564
COc1cccc2c(C(=O)N3C[C@@H]4CCCN4C[C@@H]3CC(C)C)cn(CC3CCCCC3)c12,0.698952632
C[C@]12CC[C@@H](NC(=O)C3CC3)CC1CC[C@@H]1[C@@H]2CC[C@]2(C)C(c3cccnc3)=CC[C@@H]12,8.68502e-05
Cc1nn(-c2ccccc2)c2nc3c(cc12)C(=O)CC(c1cccs1)C3,1.419659859
C(#Cc1ccc2ccccc2n1)c1ccccn1,2.211302473
CCOC(=O)Cc1c(C)nc2cc(-c3ccc(C)cc3)nn2c1O,1.477334331
Cc1cc(C2CCN(C(=O)[C@@H]3C[C@@](C)(N(C)C)C[C@H]3c3ccc(F)cc3F)CC2)n(-c2cc(Cl)ccc2Cl)n1,0.991556871
C1CN(CCC1CC2=CC(=CC=C2)OC3=NC=C(C=C3)C(F)(F)F)C(=O)NC4=CN=CC=C4,1.530071569
COC(=O)c1c(C(=O)OC)c(-c2ccc(N)cc2)n2c1CCC2,0.4552347975
COCCOc1cc(=O)n2c(c1C(=O)N1CCCC1)CCOCC2,2.687919338
CCc1nc(-c2ccncc2)cc2c1sc1ccccc12,0.5907990059999999
C[C@@H]1CN(c2ccc(C(N)=O)cc2C(F)(F)F)CCN1S(=O)(=O)c1ccc([C@](C)(O)C(F)(F)F)s1,1.00008685
Cn1c(=O)cc(Nc2ccc(I)cc2F)c2c(=O)n(C[C@@H](O)CO)cnc21,1.681241237
CNC(=O)C1CCN(c2nc(Nc3ccc4[nH]ncc4c3)nc(OC)n2)CC1,2.5422251395
CC#CC1CC2Cc3[nH]ncc3C(C1)N2S(=O)(=O)c1ccc(Cl)cc1,1.379676948
O=C(Nc1sc2c(c1C(=O)N1CC(F)(F)C1)CCOC2)c1c(F)cccc1C(F)(F)F,1.404799519
CCOCCn1nc(CC)c2nc(N3CCNCC3)nc(Nc3ccccc3)c21,1.994238833
Cc1cc(C)cc([C@@H](CC(C)C)NC(=O)c2cc(COc3cc(F)ccc3F)ccc2CCC(=O)O)c1,1.019420127
Cc1ccc(Cl)cc1NC(=O)Cn1ncc2ccccc2c1=O,1.5795906355
O=C(CCc1nnnn1C1CC1)c1ccccc1,1.820035145
CCN1CCCC1CNC(=O)C1CCCN(c2ncnc3[nH]cnc23)C1,1.8897419135
N#CCCCn1c(Cn2c(=O)n(CC(F)(F)F)c3ccncc32)nc2ccccc21,1.089905111
CCOc1cc(=O)n2c(c1C(=O)NC1CCN(Cc3ccccc3)CC1)CCCCC2,3.315766141
CC1=CC(=C(N1CC2=CC=CC=C2)C)C(=O)CN3C(=O)CCC3=O,1.591594153
C#Cc1ccc(Nc2c(C(=O)NOCCO)cc(/C=N/OCCO)c(F)c2F)c(F)c1,1.9029814
CC1CCc2cc(F)ccc2N1S(=O)(=O)c1cc(Cl)ccc1Cl,2.4473349625
O=S(=O)(Nc1cc(-c2cccs2)n[nH]1)c1c[nH]c2ncccc12,1.150445276
CCOC(=O)C1=C(SC2=C1CCN(C2)C(C)C)NC(=O)C3=CC=C(C=C3)S(=O)(=O)N(C)C4CCCCC4,0.344392274
Cc1cc(CCC#N)cc(C)c1Oc1cc(Nc2ccc(C#N)cc2)c(N)cc1Br,1.642426544
CCC(=O)NCCCc1cc(OC)ccc1C#Cc1cccc(OC)c1,1.26245109
COc1cc(/C=C/C(=O)NCCc2c(C)[nH]c3ccccc23)cc(OC)c1OC,1.0498614205
COC(=O)CCC(CP(=O)(OCOC(=O)OC(C)C)OCOC(=O)OC(C)C)C(=O)OC,0.557791018
CCCc1ncncc1C(=O)N1CC[C@@](O)(c2ccccc2)[C@H]2CCCC[C@@H]21,0.663570139
COc1cc(NC(=O)C2COc3ccc(C)cc3C2)ccc1-c1cn[nH]c1,0.77815125
Cc1ccc2c(c1)nnn2C1CCN(C(=O)N(c2ccccc2)c2ccccc2)CC1,1.43405614
COC(CNC(=O)NCc1ncnn1C(C)(C)C)C(C)C,3.315766141
CC(C)CN1C(=O)CN(Cc2ccc(-c3ccc(F)c(CN4CCCC(C)C4)n3)cc2)C1=O,0.77815125
COc1ccccc1-c1n[nH]cc1CN1CCCN(S(=O)(=O)c2cn(C)cn2)C(c2ccccc2)CC(=O)NCC1,2.242383891
COc1cc(=O)n(-c2ccc(C#N)c(Cl)c2C)nc1C,1.8549311285
CC(OC(=O)N1C[C@@H]2C[C@H]1CN2C(=O)[C@@]1(C(C)C)CC[C@@H](NC2CCOCC2)C1)C(F)(F)F,1.892094603
CCOCC1CC2Cc3[nH]ncc3C(C1)N2S(=O)(=O)c1ccc(Cl)cc1,1.176091259
Clc1ccc2c(Nc3ccc4oc(NCCCN5CCOCC5)nc4c3)ccnc2c1,1.200896496
Cc1ccc(S(=O)(=O)N2CCN(C(=O)CN3CCOCC3)C2c2ccc(Cl)cc2Cl)cc1,0.7581293444999999
CC1(CCN(CC1)C2=C(C=NC3=CC(=C(C=C32)F)F)C(=O)N4CCC(CC4)S(=O)(=O)C)C#N,2.079181246
Nc1n[nH]c2cc(-c3nc([C@H](Cc4ccccc4)NC(=O)NCc4cc(Cl)ccc4-n4cnnn4)[nH]c3Cl)ccc12,8.68502e-05
N=C(N)c1ccc2[nH]c(-c3cccc(-c4cc(F)ccc4O)c3O)cc2c1,1.924989333
N#CC1(n2cc([C@@H](NC(=O)c3ccoc3)C3CCCCC3)nn2)CC1,1.73239376
Cc1cnc(-c2nc(NCCc3ccncc3)ncc2-c2onc(C)c2C)cn1,1.7345561185
CC(=O)c1c(F)c(C(=O)NOC[C@@H](O)CO)c(Nc2ccc(I)cc2F)n1C,2.060773363
C[C@H]1CN(c2ccncc2NC(=O)c2ccc(F)c(-c3c(F)cccc3F)n2)C[C@@H](N)[C@@H]1O,1.36169007
CC(C)[C@@H]1CN(c2ccc(CO)c(S(C)(=O)=O)c2)CCN1c1ncc(CO)c(C(F)(F)F)n1,1.633488655
[2H]C([2H])([2H])Oc1ccc2c(c1)C(=O)N1CCC[C@H]1c1c(C(=O)O)ncn1-2,2.460993213
O=C(Nc1nc(-c2ccccn2)cs1)c1ccc(Cl)cc1,0.924031496
CC1(C)CC(O)CC(C)(C)N1CC(O)COc1cccc2ccccc12,0.4169031755
CC[C@H]1OC(=O)[C@H](C)[C@@H](O)[C@H](C)[C@@H](O[C@@H]2O[C@H](C)C[C@H](N(C)C)[C@H]2O)[C@](C)(O)C[C@@H](C)CN(CCNC(=S)NCCCc2ccccc2)[C@H](C)[C@@H](O)[C@]1(C)O,2.079181246
COc1cc(CN2C(=O)C(C3=NS(=O)(=O)c4cc(NS(C)(=O)=O)ccc4N3)=C(O)[C@@H]3[C@H]4CC[C@H](C4)[C@@H]32)ccc1F,2.000389541
Cc1nnc(-c2cccc(S(=O)(=O)Nc3cc(Br)ccc3C(=O)N3CCCCC3)c2)o1,0.256761023
Cn1c(=O)nc(O)c2c1nc(NCCN)n2CC(O)COc1ccccc1,2.034949298
O=C(CCn1nnnc1-c1cccnc1)c1ccccc1,1.994238833
COc1c(F)cccc1CC(c1ccccc1)N1CCNCC1,2.079181246
CCOc1ccc(CCN2C(=O)N(NS(C)(=O)=O)C[C@@H]2c2ccc(OC)cc2)cc1,1.230397825
CN(C)Cc1nccn1-c1ccc(NC(=O)c2cc(C(F)(F)F)nn2-c2ccc3onc(N)c3c2)c(F)c1,1.1990798503333335
N#Cc1c(-c2ccc(Br)cc2)no[n+]1[O-],1.256761023
Cc1cc(C)cc(Nc2ccc(CCC(=O)O)c(C(=O)N[C@H](CC(C)C)c3cc(C)cc(C)c3)c2)c1,2.533198121
O=C(CCCCCNC(=O)NC(=O)c1ccc2c(c1)nc(CCc1ccccc1)n2CCN1CCCC1)NO,1.322219295
O=C(NNc1ncnc2[nH]cnc12)C1CCCCC1,1.9147986475
CN1CCC2(CCN(c3cccc4c3CCN(C(=O)/C=C/c3c(-n5cnnn5)ccc(Cl)c3F)[C@@H]4C(=O)Nc3ccc(C(=O)O)cc3)CC2)C1=O,1.724259481
CCc1nc2c(C(F)(F)F)cccn2c1-c1cccc(Oc2cccc(S(C)(=O)=O)c2)c1,1.477121255
CCc1nn(CCOCC(F)(F)F)c2c(Nc3cc(C)ccn3)nc(N3CCNCC3)nc12,1.969362375
CC(CN1C2=CC=CC=C2SC3=CC=CC=C31)N(C)C,1.508933526
O=C(NC1c2ccccc2CCC1O)n1c(=O)n(CCN2CCOCC2)c2ccccc21,0.300986564
CCOc1cc(NC(=O)C2(NC(=O)c3ccc4c(C5CCCC5)c(-c5ncc(Cl)cn5)n(C)c4c3)CCC2)nnc1/C=C/C(=O)O,2.133602771
CCc1nc2cc(Cl)ccn2c1C(=O)NCc1ccc(N2CCN(c3ccc(OC(F)(F)F)cc3)CC2)cc1,2.079181246
CC1=CC=CC=C1N2C(=O)C3=C(NN=C3)N=C2SCC4=CC=C(C=C4)Cl,1.72607487
CNc1nc(NCCCN(C)C)c2sc(-c3ccc(C(F)(F)F)cc3)cc2n1,2.093491727
COc1ccc(S(=O)(=O)N[C@H]2CC[C@@H](N3CCC(c4ccccc4OCC(F)F)CC3)CC2)cc1OC,1.322219295
COc1ccccc1CNC(=O)c1c(OCC(C)C)cc(=O)n2c1CCCCC2,0.4414410975
O=C(N[C@@H](Cc1ccc(F)c(Br)c1)C(=O)O)c1cc(Cl)c(Cl)cc1NS(=O)(=O)c1cccc2nccnc12,1.382658248
CCS(=O)(=O)c1ccc2[nH]c(Oc3cccc(-c4ccccc4)c3)nc2c1,1.22647954
CC(C)N(Cc1ccccc1)c1ncc2cc(-c3c(Cl)cccc3Cl)c(=O)n(C)c2n1,2.102435961
[2H]C([2H])([2H])Oc1ccc(-n2nc3c4ccc(OC)cc4[nH]cc-3c2=O)cc1,2.699171685
NS(=O)(=O)c1ccc(CNc2nc(Cl)nc3[nH]cnc23)cc1,2.341731277
CCOC1CC(Nc2cncc(-c3nncn3C)c2)C12CCCC2,2.4735900355
CCCNC(=O)C1CCN(C(=O)c2cc(Br)cn2Cc2ccc(OC)cc2)CC1,0.336499759
c1ccc2c(c1)CC(c1nc3ccc(-c4cn[nH]c4)cc3[nH]1)CO2,1.300986564
FC(F)Oc1ccc(C(c2nnnn2Cc2ccccc2)N2CCCN(C3CCC3)CC2)cc1,0.954242509
Cc1nc2c(Cl)cccc2n1-c1cc(Oc2cccc(S(C)(=O)=O)c2)ccc1Cl,1.477121255
Nc1n[nH]c2cc(-c3nc([C@H](Cc4ccccc4)NC(=O)NCc4cc(Cl)ccc4-n4cccn4)[nH]c3Cl)ccc12,8.68502e-05
CN1CCCC(C1)CC2C3=CC=CC=C3SC4=CC=CC=C24.Cl,1.687528961
O=[N+]([O-])c1ccc(C2=NOC(c3ccc(N4CCOCC4)nc3)C2)o1,2.305781151
c1cn(-c2ccc(O[C@H]3CCCN(Cc4ccc5c(c4)OCO5)C3)cc2)cn1,2.027473213
CCCCCCCSc1nc2cc(OC)ccc2[nH]1,0.414939939
O=C(NCCc1nccs1)c1cc(-c2ccc(Br)s2)n[nH]1,2.036156822
Cc1ncc(-c2onc(C)c2C)c(-c2ccco2)n1,1.521296415
O=S1(=O)c2cccc3cccc(c23)N1CCc1ccccc1,2.0728625715
FC(F)(F)Oc1ccccc1CC(c1ccccc1)N1CCNCC1,2.037506178
O=C(COC(=O)c1ccc(Br)o1)c1ccc(Cl)c(Cl)c1,2.061045133
COc1cc2c(c(Br)c1OC)CN(c1cc(C(=O)O)ccc1C)C2=O,3.315766141
Cc1cc(-c2cnc(Nc3cc(Cl)cc(Cl)c3)nc2NC2CCC(N(C)C)CC2)on1,1.447189051
CC1=CC(=O)N(Nc2nc(-c3ccc(F)cc3)nc3sc(C)cc23)C1=O,1.386597927
O=C(O)CCNc1cc(N2CCc3ccccc3CC2)nc(-c2ccccn2)n1,2.694605199
CC(C)(C)NC(=O)c1cn2ccnc2c(N2CCN(c3ncccn3)CC2)n1,0.477121255
CCCCS(=O)(=O)CCCOc1cc2ncnc(N3CCN(C(=O)Nc4ccc(OC(C)C)cc4)CC3)c2cc1OC,1.77083729
c1ccc(-c2cc3cc(-c4ccccc4)[nH]c3cn2)cc1,1.466691378
COc1cc(C)c(Cl)cc1S(=O)(=O)Nc1ccc(Nc2cc(N(C)C)nc(C)n2)cc1,1.8995891745
Cc1ccc(-c2nn(C(C)(C)C)c(N)c2C#N)cc1,1.29509654
Cn1c(-c2cccc(N)n2)c(C2CCCC2)c2ccc(C(=O)NC3(C(=O)Nc4ccc(/C=C/C(=O)O)cc4)CCC3)cc21,2.477121255
Cc1nc(C2CCN(C(=O)[C@@H]3C[C@@](C)(N(C)C)C[C@H]3c3ccc(F)cc3F)CC2)n(-c2ccc(Cl)c(C)c2)n1,1.200896496
CC(C)c1noc(CCCn2ccc(-c3ccc(-c4nnn[nH]4)cc3)n2)n1,1.1102518085
N#Cc1c(NCc2ccc(F)cc2)sc2c1CCN(C(=O)c1ccccc1)C2,1.277892816
CNC(=O)c1nnn2c1[nH]c(=O)c1c(C)c(C)sc12,2.0943566340000004
COc1c(C)cnc(Cn2cnc3oc(C)c(C)c3c2=O)c1C,1.253163823
C[C@H](NP(=O)(OC[C@H]1O[C@@H](n2ccc(N)nc2=O)C(F)(F)[C@@H]1O)Oc1ccccc1)C(=O)OCc1ccccc1,1.384763635
CCN(CC)CCCCNC1=NC=C2CN(C(=O)N(C2=N1)CC3=CC(=CC=C3)NC(=O)C=C)C4=C(C(=CC(=C4Cl)OC)OC)Cl,1.633670406
CC1=CC=C(C=C1)S(=O)(=O)NCC2=CC=C(C=C2)C(=O)NCCN(CC3=CC=CC=C3)C(C)C,0.654701031
CCCNCc1ccc(COn2ccc(OCc3ccc(F)cc3)cc2=O)cc1,1.801405965
Cc1nnsc1C(=O)Nc1onc2c1CSC2,1.142680796
CCOc1cc(-c2nnc3[nH]c(=O)n(C)c(=O)c3n2)ccc1OC(C)C,2.1527721075
CCC(=O)N1CCCC1c1nc2ccccc2n1CC(=O)N(c1ccccc1)C(C)C,0.9413373135
CC(C)N1CCc2nc(C(=O)Nc3c(CNC(=O)c4ccc(Cl)s4)cccc3C(=O)O)sc2C1,2.707052496
CC(C)C(=O)Nc1ccc2cn(-c3ccc(Cl)cc3)nc2c1,2.29666519
CCC(CC)C1CC(NC(=O)Nc2c(C)ccn(C)c2=O)CCO1,1.905163369
O=S(=O)(c1ccc(C(F)(F)F)cc1)N1C2Cc3[nH]ncc3C1CC(c1ccccc1)C2,1.748498267
COc1ccc2c(c1)[C@@H]1C[C@]1(C(=O)N1C3CCC1CN(C)C3)Cn1c-2c(C2CCCCC2)c2ccc(C(=O)NS(=O)(=O)C(C)C)cc21,2.300986564
O=C(NCCCN1CCCC1=O)c1cnc(NCc2ccccc2)nc1NC1CCCC1,1.041313715
CCN(CC)C(=O)C1=CC=C(C=C1)NC2=NC3=C(C(=N2)OCC4CCCCC4)NC=N3,0.95230801
Cc1cccc(C)c1NS(=O)(=O)c1c(C)[nH]c(=O)[nH]c1=O,1.4930308795
O=S(=O)(c1ccc(Cl)s1)N1c2cc(F)c(F)cc2-c2n[nH]cc2C1C1CC1,0.810242493
CC(=O)N[C@@H](Cc1ccccc1)C(=O)N[C@H]1CCCNC(=O)[C@H](CCCN=C(N)N)NC(=O)[C@H](Cc2c[nH]c3ccccc23)NC(=O)[C@@H](CC2CCCCC2)NC(=O)[C@@H]2CCCN2C1=O,1.256761023
Oc1ccc2c(c1)CCN(CCCCc1ccccc1)CC2O,1.322219295
Cc1ccc(Nc2nc(-c3sc(C)nc3C)cs2)nc1,0.5923328805
CCn1cc(S(=O)(=O)N2CCN(S(=O)(=O)c3cnn(C)c3)CC2)cn1,1.964144151
CC1Cc2cc(S(=O)(=O)c3ccc4c(c3)OCCO4)ccc2N1S(C)(=O)=O,1.498310554
COCC1CCCN(c2nnc(-c3n[nH]c4c3CCCC4)n2C)CC1,1.845646671
CCOCCCn1nnc2c(O)nc(C(=O)NCc3cccc(Cl)c3)nc21,1.383222601
O=c1[nH]c2cc(-c3ccncc3)ccc2c2[nH]c(-c3ccccc3Cl)nc12,1.069493576
CN1CCC(c2[nH]nc(-c3ccc(Cl)cc3)c2-c2ccncn2)CC1,1.494154594
CCNC1=NC(=NC(=N1)Cl)NCC,1.773786445
C[C@]1(COCc2ccc(-c3ccc(OC(F)(F)F)cc3)cc2)CCn2cc([N+](=O)[O-])nc2O1,2.440509454
CN(C)CCN(CC1=CC=C(C=C1)Cl)C2=CC=CC=N2.Cl,1.274619619
CNC(=O)c1c(-c2ccc(F)cc2)oc2nc(CCC(F)(F)F)c(-c3cnc(OC)c(C(=O)NC(C)(C)c4ncon4)c3)cc12,1.146065989
Cc1c2c(n3c1CCCN1CCC[C@@H](C1)Nc1cc-3ccc1C(N)=O)CC(C)(C)CC2=O,0.300986564
O=c1oc2ccccc2n1Cc1c(-c2ccc(F)cc2)nc2ccccn12,2.109906601
Cc1nc(N2CCC(N3CCCC3=O)CC2)nc2ccc(NC(=O)/C=C/c3ccc(Cl)cc3)cc12,1.477121255
c1cc2c(cn1)CN(c1ncnc3sc4c(c13)CCCC4)C2,0.6157747065
CCc1ccc(-c2nnc(N3CCN(C(C)c4nccs4)CC3)n2CCCOC)cc1,1.168975949
CCCCCCc1nc2cc(/C=C/C(=O)NO)ccc2n1CCNCC.Cl.Cl,1.707570176
O=C(O[C@H]1C[N+]2(CCCc3cccs3)CCC1CC2)N(Cc1ccccc1)c1ccccc1.[Br-],0.893185909
O=c1cc(Nc2cccc(Br)c2)[nH]c(=O)[nH]1,1.893856517
CCOC(=O)c1c(C(F)(F)F)[nH]n2c(C(F)F)nnc12,1.2741141035
O=C(Nc1ccc(C(F)(F)F)cc1)N1CCC[C@@H]1c1nncn1Cc1ccc(Cl)cc1,1.5024178
CCc1nc(N)nc(N)c1-c1ccc2c(c1)N(CCCOC)C(=O)C(c1cc(F)cc(F)c1)O2,0.954242509
CCCCOCCCCCNC(=O)NC12CC3CC(CC(C3)C1)C2,1.477121255
CC1(C)CN(c2ccccc2NC(=O)Nc2ccc(OC(F)(F)F)cc2)c2c(O)ccc(-c3ccc(F)c(F)c3)c21,1.818147574
Cc1cc2n(CCNC(=O)COc3ccc(F)cc3)ccn2n1,1.5792054995
C[C@]12C[C@@H]([C@]3([C@H]([C@@H]1C[C@@H]4[C@]2(OC(O4)(C)C)C(=O)CO)CCC5=CC(=O)C=C[C@@]53C)F)O,1.435685138
CC1CCCCN1S(=O)(=O)c1ccc(NC(=O)NCc2cccnc2)cc1,1.22527015
CCCS(=O)(=O)N1CCN(C2(CNC(=O)c3cccc(C(F)(F)F)c3Cl)CCCCC2)CC1,0.955731027
COc1ccc(CC(=O)Nc2ccsc2-n2nccn2)cc1,0.256761023
O=C(Cn1c(-c2cccc(Cl)c2)nc2ccc(OCCCN3CCOCC3)cc2c1=O)NC1CC1,1.200896496
CC(C)(C)C(=O)N1CCC(C(=O)OCc2ccc(C(N)=O)cc2)CC1,1.9322334495
COc1cc(-c2nnc(/C=C/c3nnc(-c4ccc(S(C)(=O)=O)cn4)n3-c3ccccc3Cl)o2)ccn1,1.568225199
O=S(=O)(Nc1cc(CO)ccc1O)c1ccc(-c2ccc(Br)cc2)cc1,0.698952632
CCOC1CC(OC(=O)c2csc(-c3ccco3)n2)C12CCC2,0.377044495
NS(=O)(=O)c1cc(-c2nnc(/C=C/c3c(Cl)cccc3Cl)o2)c(Cl)cc1SCc1ccccc1,1.448675408
Cc1[nH]c2ncnc(-c3ccc(NC(=O)Nc4cccc(C(=O)NC(C)C)c4)cc3)c2c1C,1.672079377
CCCN(CC)Cc1ccc(CCn2ccc(OCc3ccc(F)cc3)cc2=O)cc1,1.188555375
Cc1cc2c(cc1S(=O)(=O)N(C)CC(=O)N(C)Cc1ccco1)OC(C)C(=O)N2,0.8829429025
O=c1[nH]c2cc(-c3ccccc3)ccc2c2[nH]c(-c3c(Cl)cccc3[N+](=O)[O-])nc12,2.251494747
CCOc1cc(S(=O)(=O)c2ccc3c(c2)nc(C(C)(C)C)n3CC2CCOCC2)ccn1,1.151238899
O=C(Cn1ccc2c(=O)[nH]ccc21)Nc1ccccc1Br,2.218290459
c1ccc(N(Cc2ccc3ccccc3c2)CC2CNC2)cc1,1.150725122
Cc1csc(N2N=C(c3ccccc3)CC2c2ccccc2C)n1,1.4918968455
O=[N+]([O-])c1cn2c(n1)OC[C@@H](OCc1ccc(-c3ccc(OC(F)(F)F)cc3Cl)cn1)C2,1.820035145
CNC(=O)c1c(-c2ccc(F)cc2)oc2ccc(-c3cc(C(=O)NC4(c5ncccn5)CC4)ccc3C)c(F)c12,2.079181246
O=C(NOCCO)c1cc(CN2OCCCC2=O)c(F)c(F)c1Nc1ccc(I)cc1F,2.064383104
Cc1cn(Cc2ccc(Cl)cc2Cl)c2c(-c3nnc(NS(=O)(=O)c4cc(Cl)c(Cl)s4)o3)cc(F)cc12,1.648807739
CCOc1cc(-c2ccccc2)nn1Cc1ccc2cccnc2c1,1.115156725
C=C(C)[C@@H]1CC[C@]2(C(=O)N3CCC(CCCC(=O)O)CC3)CC[C@]3(C)[C@H](CC[C@@H]4[C@@]5(C)CC[C@H](O)C(C)(C)[C@@H]5CC[C@]43C)[C@@H]12,2.8506543088000003
CC(C)N(C(=O)n1cnc(S[C@@H]2C[C@H]3CC[C@@H]2C3)n1)C(C)C,1.348343811
Cc1nn(CCC(=O)NC(C)(C)CN2CCCC(C)C2)c(C)c1C,1.502727426
CC(C)(C)c1cc(NC(=O)C(C)(C)S(=O)(=O)c2ccc(C(F)(F)F)cn2)no1,0.698952632
Cc1ccc(C(=O)c2[nH]c3ccccc3c2CC(=O)O)cc1,1.1913093705
C1=CN=CC=C1C2=NC(=NN2)C3=CC(=NC=C3)C#N,1.957128198
Cc1nc(NCC(C(C)C)N(C)C)c2nc(C)oc2n1,2.734411019
CCN(C(=O)CCC(=O)Nc1ccc(-c2ccc(CC(=O)O)cc2)cc1Cl)c1ccc(C(C)(C)C)cc1Cl,0.477121255
CC(NCCCNc1ccnc2cc(Cl)ccc12)C12CC3CC(CC(C3)C1)C2,1.204174266
Cn1ccc(-c2ccc(Cl)c(C(=O)NCC3(O)CCCCCC3)c2)n1,0.568225199
CCCCOc1cc(C(F)(F)F)cc2c1n(C)/c(=N/c1ccc(OC(F)(F)F)cc1)n2Cc1ccc(C(=O)Nc2nnn[nH]2)cc1,2.180534292
CC(Oc1cc(-c2cnn(C(C)(C)C(=O)NCCN(C)C)c2)cnc1N)c1c(Cl)ccc(F)c1Cl,0.796254823
O=C(Nc1n[nH]c(Cc2ccc(F)cc2)n1)c1ccn2nnnc2c1,1.251430545
CCS(=O)(=O)CCCn1c(Cn2c(=O)n(C(F)F)c3ccncc32)nc2ccccc21,1.740378482
CC(C)OC(=O)C1=CN(C(=O)c2ccc(OCCN3CCOCC3)cc2)CC(C)(C)c2c1[nH]c1ccccc21,0.845222106
COc1cc(C2CCNCC2)ccc1Nc1ncc(Cl)c(Nc2ccccc2CS(=O)(=O)C(C)C)n1.Cl.Cl,1.128719924
O=C(NCc1cccnc1)Nc1ccc(S(=O)(=O)N2CCOCC2)cc1,3.315766141
N#Cc1c(-c2cccs2)no[n+]1[O-],0.955731027
O=C(c1ccc(Nc2nc3ccccc3n3nnnc23)cc1)N1CCc2ccccc2C1,0.7901281435
CC(C)=CCn1c(COc2ccc(Br)cc2Cl)noc1=O,1.9382550695
COc1ccc2c(c1)C(=O)CC(c1ccccc1)O2,2.1573348535
COc1ccc(C2=Nc3c(C(C)(C)C)nn(CCCO)c3C(=O)NC2)cc1-c1ccccc1F,1.681241237
COc1ccc2c(C(=O)c3cc(OC)c(OC)c(OC)c3)c[nH]c2n1,2.223021341
CC[C@@H]1C(=O)N(C)c2cnc(-n3ccnc3-c3ccccc3)nc2N1C1CCCC1,0.256761023
CON(C)C(=O)[C@H]1CCCN1C(=O)OC(C)(C)C,3.315766141
O=C1CCCc2nc(Nc3ccc(F)cc3)ncc21,0.8987736550000001
COC(=O)C1COCCN1C(=O)C(F)(F)Sc1ccc(C(C)C)cc1,1.602081706
Cc1noc(-c2ccc3c(c2)c2c(n3CCCSc3cc(F)cc(F)c3)CCCC2=O)n1,0.9029814
O=C(CC1(c2ccc(-c3ccncc3)cc2)C2CC3CC1CC(C2)C3O)N1CC(O)C1,0.736008768
CCCCOc1cc(Cl)cc2c1n(C)/c(=N/c1ccc(OC(F)(F)F)cc1)n2Cc1ccc(C(=O)Nc2nnn[nH]2)cc1,1.803447796
CN1CCN(C(=O)c2ccc(-c3cnc(N)c(-c4ccc(C(F)(F)F)cc4)c3)cc2)CC1,1.748172516
CCOc1cc2c(cc1OCC)-n1cccc1C(c1ccccc1OC)NC2,1.9378791535
COC(=O)/C(=C/C(C)=C/c1cc(C(=O)OC)nc(O)n1)OC,0.6861686705
CC(C)n1nccc1C1CC(=O)Nc2cccc3c2c1cn3Cc1ccccc1,3.2840417855
O=C(/C=C/c1cccn(Cc2ccc3ccccc3n2)c1=O)NO,2.170212392
C[C@H](c1ccccc1)N1C(=O)O[C@](Cc2ccccc2)(c2ncc(Cc3ccccc3)[nH]2)C1=O,0.256761023
N#Cc1nccnc1OC1CCN(C(=O)C2CC(=O)N(C3CCOCC3)C2)C1,2.579778532
OC12CC3CC(C1)C(Cc1nnn[nH]1)(c1ccc(-c4ccccc4)cc1)C(C3)C2,2.838644886
Cc1c(C)n(CCN2CCOCC2)c2nc3c(c(N)c12)CCCC3,1.72060745
O=C(NC[C@H]1CC[C@@H](CCOc2ccccc2)CC1)c1cc[nH]n1,1.556302501
Cc1cc(C2CCN(C(=O)[C@@H]3CN(C(C)(C)C)C[C@H]3c3ccc(F)cc3F)CC2)n(-c2cc(Cl)ccc2F)n1,1.285001889
CC1CN(C(=O)c2ccccc2)CCN1C(=O)C(=O)c1c[nH]c2cccc(F)c12,1.543172303
Cc1nc2n(c(=O)c1CCN1CCN(c3cccc4sccc34)CC1)CCCC2,1.4139850465
CC(C)CN1C(=O)CN(Cc2ccc(-c3cccc(CN4CCS(=O)(=O)CC4)n3)cc2)C1=O,1.431363764
COc1cccc(CN(CCN2CCCC2)C(=O)c2cc3ccc(-c4cn[nH]c4)cc3[nH]2)c1,1.690213806
COc1ccc(-c2cc(CNC(=O)NC34CC5CC(C)(CC(C)(C5)C3)C4)no2)cc1,0.575892713
CN(Cc1ccc(F)cc1)Cc1ccc([N+](=O)[O-])cc1,0.849389124
Cc1nc(N2CCN(c3ccccn3)CC2)nc2c1C(=O)CC(c1cccs1)C2,1.0896436445
CC(CC(=O)O)CC(=O)Nc1sc(C(C)C)cc1C(N)=O,1.955268028
O=C1c2[nH]ncc2[C@@H](C2CC2)N(S(=O)(=O)c2ccc(C(F)(F)F)nc2)[C@H]1C1CC1,1.900699678
COc1cccc2c1C(NC[C@]1(c3ccccc3)CC[C@H](NC(=O)OC(C)C)CC1)=NS2(=O)=O,1.629921508
O=C(NCC1CCCO1)c1ccc(NC(=O)c2nc(-n3cnnc3)ccc2Br)cc1,2.4322188120000003
CC(C)CCn1c(=O)c(C2=NS(=O)(=O)c3cc(NS(=O)(=O)C4CC4)ccc3N2)c(O)c2cccn21,1.77083729
COc1ccc(CCN2C(=O)N(NS(C)(=O)=O)CC2c2ccc(C(F)(F)F)cc2)cc1,1.477121255
c1ccc(CN2CCC(n3cnc4cnc5[nH]ccc5c43)CC2)cc1,1.681241237
Cc1nc2nc(CCNS(=O)(=O)c3cccs3)cn2nc1C,3.315766141
CC(C)C(=O)Nc1ccc2oc(-c3ccc(Cl)cc3)nc2c1,2.456396402
CNc1cc2c(cc1S(=O)(=O)Nc1ccc(C)c(C)c1)CCC(=O)N2,1.294422133
CC(C)CN/C(=N/S(=O)(=O)c1ccccc1)c1ccccc1,2.175859461
Cc1c(C(=O)O)[nH]c(S(=O)(=O)NCCO)c1C,1.4669746495
C[C@@H]1CN(c2ccc(F)cc2C(F)(F)F)CCN1S(=O)(=O)c1cccc(-n2cncn2)c1,1.1548150835
CCOc1cc2c(cc1C1CC(=O)NCc3nc4sccn4c31)CCC2,1.014793293
CC1=CC=C(C=C1)N2C(=C(C(=C(C2=O)C#N)C3=CC=CC=C3)C#N)N,1.968602487
O=[N+]([O-])c1cn2c(n1)OC(CN1CCC(Oc3ccc(F)cc3)CC1)CC2,1.86914851
N[C@H](C(=O)Nc1cc2cc[nH]c(=O)c2cc1Cl)C1CCCCC1,1.531504463
CC(C)NC[C@@H](COC1=CC=C(C=C1)NC(=O)C)O,2.079181246
COCCN(C)S(=O)(=O)c1cc2c(cc1Oc1ccc(Cl)cc1)Oc1ccc(C)cc1NC2=O,0.5878870325000001
CCOc1ccc(OCC)c(NC(=O)c2cc(S(=O)(=O)N3CCOCC3)cn2C)c1,1.6494080235
CC(C)Oc1cccc(C=C(F)Oc2ccc(OC[C@@H]3C[C@@](Cn4cncn4)(c4ccc(Cl)cc4Cl)N(C)O3)cc2)c1,0.9815663845
C[C@@H](c1ccc(Cl)cc1)N1Cc2cncn2C(CC2CC2)S1(=O)=O,1.397974751
COc1ccc(C)cc1N(CC(=O)Nc1ccc(S(=O)(=O)N2CCCC2)cc1)S(C)(=O)=O,0.6209844769999999
COc1ccc(-n2cnc3c(-c4ccccc4F)csc3c2=O)cc1,1.080913038
CN(C)CCN(C)C(=O)c1ccc2c(c1)CC(C(=O)Nc1ccc(-c3cn[nH]c3)cc1)CO2,1.707570176
COCCCNC(=O)C1CCC(CN(Cc2c(Cl)cccc2Cl)S(=O)(=O)c2ccc(Br)cc2)CC1,0.256761023
COc1cc(/C=C2\C(=O)N=C(O)N=C2O)ccc1OCc1ccc(Cl)cc1,2.5741760775
CC(C)c1ccc(-c2cn3c4ccccc4nc3n2CCN2CCCCC2)cc1,0.9920245685
COc1cccc(CN(C(=O)c2cc3ccc(-c4cn[nH]c4)nc3[nH]2)C2CC2)c1,1.431363764
Cc1ccc(S(=O)(=O)Nc2cc(Br)ccc2C(=O)N2CCCCC2)cc1[N+](=O)[O-],0.773065702
CCOc1nnc(Cc2ccccc2)c2ccccc12,1.2097850615
C[C@@H]1CN(c2ccc(F)cc2C(F)(F)F)CCN1S(=O)(=O)c1cccc([C@@](O)(C(N)=O)C(F)(F)F)c1,1.255272505
C1CNCCC1C2=CC(=NN2)C3=CC=NC=C3,1.860816964
CC[C@H]1C[C@@H](C(=O)NC[C@H]2CCCO2)CN(Cc2nc(-c3ccccc3)oc2C)C1,0.91105102
Cc1cccc(NC(=O)c2nc(C)n(-c3ccc(Cl)c(Cl)c3)c2C)n1,2.086288629
O=C(O)c1ccc(NC(=O)[C@@H]2c3cccc(N4CCNCC4=O)c3CCN2C(=O)/C=C/c2c(-n3cnnn3)ccc(Cl)c2F)cc1,2.079181246
COC(=O)c1cc(OC)c(OC)cc1NC(=O)c1c(Br)cnn1C,0.9972490275
CC(C)[C@@H](Nc1ccc(CNC(=O)[C@@H]2SCCN2C(=O)C[C@H](N)Cc2cc(F)c(F)cc2F)cc1)C(=O)O.Cl,2.596298824
O=S(=O)(c1ncc(Cl)s1)N1c2cc(F)c(F)cc2-c2n[nH]cc2C1C1CC1,1.150725122
Cc1ccc(Cl)c(OCC(O)Cn2cnc3cc(C)c(C)cc32)c1,0.880798487
Cl.NC1CN(c2cc(-c3ccsc3)ncn2)CC1c1cc(F)c(F)cc1F,2.255272505
Cc1cnn(CCCn2ncc(N(C)C)cc2=O)c1,2.3133047185
CC1(C)CC(=O)C2=C(C1)c1c(ccc3ncccc13)NC2c1ccc(F)cc1,1.06823801
CC(C)CCNc1ccc(-c2cnc3ccc(NC4CCN(C)C4)nn23)cn1,1.653271408
N#Cc1c[nH]c(C(=O)Nc2ccc(C3CNS(=O)(=O)NC3)cc2C2=CCCCC2)n1,1.91975519
CCOC(=O)C1(CCN(CC1)CCC2=CC=C(C=C2)N)C3=CC=CC=C3,1.937116511
CN1CCN(C(=O)CCn2c(-c3ccccc3)cc3ccccc32)CC1,0.8173188085
[2H]C([2H])([2H])Oc1ccc2c(c1)C(=O)N1CCC[C@H]1c1c(C(=O)OC(C(F)(F)F)C(F)(F)F)ncn1-2,2.256760894
CN(C)CC(=O)N1CCC(n2cnc3cnc4[nH]ccc4c32)CC1,1.954242509
O=S1(=N[C@H]2CC[C@@H](C(F)(F)F)CC2)CCCCC1,1.716020047
CCOCCn1nc(CC)c2nc(N3CCC(C(N)=O)CC3)nc(Nc3cc(C)ccn3)c21,0.654701031
Cc1nc2ccccc2c(=O)n1-c1ccc(Cl)c(OC2CCN(C)C2)c1,2.438384499
CN1C(=O)N2C=NC(=C2N=N1)C(=O)N,1.323870607
CCCS(=O)(=O)c1ccc2[nH]c(N3CCNC(c4ccccc4)C3)nc2c1,1.674438223
COC(=O)c1[nH]cc(C(=O)C2CCNCC2)c1C,2.141177636
CCOc1cc(=O)n2c(c1C(=O)Nc1ccc(C)cc1Cl)CCCC2,1.7980300594999998
CC(=O)N1CCN2CCCc3c(C)c4c(n3-c3ccc(C(N)=O)c(c3)NC[C@H]2C1)CC(C)(C)CC4=O,1.146065989
COCCNC(=O)C(=O)N1CCC(OC(=O)c2ccc(Oc3ccccc3)cc2)C(N2CCN(c3ccc(F)cc3)CC2)C1,1.586169694
CN(C)CCCNCc1cccc(Oc2nnnn2-c2ccccc2)c1,1.0861486115
O=C(NCC1(c2cccs2)CCOCC1)c1ccc2ncsc2c1,1.005143632
CC[C@H]1OC(=O)[C@H](C)[C@@H](O[C@H]2C[C@@](C)(OC)[C@@H](O)[C@H](C)O2)[C@H](C)[C@@H](O[C@@H]2O[C@H](C)C[C@H](N(C)C)[C@H]2O)[C@](C)(O)C[C@@H](C)CN(CCN(CCC#N)C(=O)Nc2ccc3ccccc3c2)[C@H](C)[C@@H](O)[C@]1(C)O,2.079181246
CC(=O)Nc1cccc(C2CC3Cc4[nH]ncc4C(C2)N3S(=O)(=O)c2ccc(C(F)(F)F)cc2)c1,1.922687859
Cc1c2c(n3c1CCCN1C[C@H](O)C[C@@H]1CNc1cc-3ccc1C(N)=O)CC(C)(C)CC2=O,0.477121255
C1CC1CC2=C(C(=NN2C3=NC(=CS3)C(=O)O)C4=CC=CC(=C4)C5=CC=CC=C5)CC6=CC=C(C=C6)S(=O)(=O)N,1.922414024
CN1CCC(OC(=O)C2(c3ccc(F)cc3)CCCC2)C1.Cl,2.108904591
CCc1nn(CCOCC(F)(F)F)c2c(Nc3ccncn3)nc(N3CCNCC3)nc12,2.707052496
CSc1nc(Nc2cccc(Br)c2)c2cnn(CC(C)c3ccccc3)c2n1,2.917916565
CCCC1CN(C(=O)C(=O)c2c[nH]c3cccc(F)c23)CCN1C(=O)c1ccccc1,1.0
C=CC(=O)NCc1coc(-c2c(N)ncnc2Nc2ccc(OCc3ccccn3)c(Cl)c2)n1,1.397974751
CCOC(=O)C(CCC(=O)O)CP(=O)(OCOC(=O)OC(C)C)OCOC(=O)OC(C)C,1.562287429
CN1CCN(c2cc3c(cc2F)c(=O)c(-c2nnc(Cc4ccccc4)o2)cn3Cc2ccc(C(F)(F)F)cc2F)CC1,1.412302484
Cc1ccc(C2NCc3ccccc3-n3cccc32)c(C)c1.Cl,1.2863554284999998
COc1cc(=O)n2c(c1C(=O)NCc1ccc(F)cc1Cl)CCCC2,0.826929299
Fc1ccc(C(c2nnnn2Cc2ccccc2)N2CCCN(C3CCC3)CC2)cc1,0.698952632
CCOC(C#Cc1cncc(I)c1N)OCC,0.8511562605
CSc1nnc(N2C(N)=C(C#N)C3(C(=O)Nc4ccc(F)cc43)C3=C2CC(C)(C)CC3=O)s1,1.8640810865
CCCNC(=O)C1CCC(CC1)CN2C(=O)C3=C(C=CS3)N(C2=O)CC(=O)NCC4=CC=CC=C4,1.050766311
C=CCN1CC[C@]23[C@@H]4C(=O)CC[C@]2([C@H]1CC5=C3C(=C(C=C5)O)O4)O,2.079181246
Clc1cccc(Nc2nc(SCCN3CCOCC3)nc3c2cnn3CC(Cl)c2ccccc2)c1,2.908916118
C[C@](O)(c1ccc(C(=O)N(C2CC2)C2CCN(CC3(C(N)=O)CC3)CC2)cc1)C(F)(F)F,2.295268828
C=CC(=O)N1CCC[C@@H](n2nc(-c3cccc(C(=O)Nc4ccc(C(C)C)c(C)c4)c3)c3c(N)ncnc32)C1,0.698952632
Cn1c(-c2ccccn2)c(C2CCCCC2)c2ccc(C(=O)N[C@]3(C(=O)Nc4ccc(/C=C/C(=O)O)cc4)CCNC3)cc21,2.280987889
C=C(C)[C@@H]1CC[C@]2(C(=O)NCc3ccc(OC)cc3)CC[C@]3(C)[C@H](CC[C@@H]4[C@@]5(C)CC[C@H](OC(=O)CC(C)(C)C(=O)O)C(C)(C)[C@@H]5CC[C@]43C)[C@@H]12,1.080669764
COC[C@@H](C1CC1)n1cc(Cl)nc(Nc2cc(C)c(OC(F)F)nc2C)c1=O,1.599395072
Cc1noc(C)c1NC(=O)[C@H](Cc1c[nH]c2ccccc12)NC(=O)C1CCCCC1,0.602081706
N#Cc1c[nH]c(C(=O)Nc2ccc(C3CCN(C(=O)Cc4cccnc4)CC3)cc2C2=CCCCC2)n1,0.736008768
COCCCNC(=O)C1CCCN(S(=O)(=O)c2ccccc2)CCC(=O)NCC1,2.781925489
Nc1ncc(-c2nc(N3CCOCC3)nc3c2CCN3c2ccncc2)cn1,2.103872108
COc1c(C(=O)N(C)c2ccc(NS(C)(=O)=O)cc2)cc(N2CCC(=O)NC2=O)cc1C(C)(C)C,1.66833238
C1COCCN1C2=NC(=NC(=N2)N3C4=CC=CC=C4N=C3C(F)F)N5CCOCC5,1.404320467
N#Cc1ccccc1Cn1c(N2CCCC(N)C2)nc2c(Cl)cccc2c1=O,1.9029814
COc1cc(C#N)cc(Br)c1OCCCn1ccnc1,1.9075908065
CCOC(=O)N1CCC(NC(=O)c2cc3cc(Cl)ccc3[nH]2)C(NC(=O)c2nc3c(s2)CN(C)CC3)C1,0.656098202
CCN1C(=O)N(CCC(C)C)C2(CCN(Cc3cc(Cl)ccc3O)CC2)C1=O,0.954242509
Cc1ccc(-c2noc(C(F)(F)F)c2COc2c(F)cc(CCC(=O)O)cc2F)cc1,1.197316969
CC(=O)O[C@H](C)[C@@H]1NC(=O)[C@H](CC(C)C)NC1=O,2.5297345665
OCC1CCCN(CCCC2CCCc3ccc(OCc4ccc(-c5ccccc5F)cn4)cc32)C1,1.380211242
COc1cc(C(=O)Nc2ncc3c(n2)CC(c2ccc(C)cc2)CC3=O)cc(OC)c1OC,0.923826564
CCOP(=O)(OCC)OC1=NC(=NC(=C1)C)C(C)C,1.999739345
CCS(=O)(=O)c1ccc2[nH]c(N3CCOC(c4ccc(F)cc4)C3)nc2c1,2.420082161
CC1(C)CN(c2ccccc2NC(=O)Nc2ccc(OC(F)(F)F)cc2)c2c(O)ccc(-c3cc(F)cc(F)c3)c21,1.176150154
C[C@H]1CCCC(=O)CCC/C=C/c2cc(OCc3ccc(Cl)c(Cl)c3)cc(OCc3ccc(Cl)c(Cl)c3)c2C(=O)O1,1.447950957
O=c1n(Cc2nc3ccccc3n2CCCO)c2cnccc2n1C1CC1,1.255272505
N#Cc1c[nH]c(C(=O)Nc2ccc(C3CCN(C(=O)Cc4ccccn4)CC3)cc2C2=CCCCC2)n1,0.807880634
Cc1c(C(=O)OC(C)C)sc2ncnc(N3CCCCC3)c12,0.5003351279999999
O=c1[nH]c2cc(Cl)ccc2c2[nH]c(-c3ccccc3Cl)nc12,2.047664915
CC(C)(C)c1cc(NC(=O)N2CCCN(C(=O)[C@H]3CC[C@@H](O)CC3)CC2)no1,2.079181246
Fc1ccc(C(Cc2ccccc2OC(F)(F)F)N2CCNCC2)cc1,2.0222825036666667
CCCc1cnc(N2CCC(C3Cc4c(F)c(C5=CCN(S(=O)(=O)CCC)CC5)cc(F)c4O3)CC2)nc1,1.445566604
Cc1nc2ccc(N3CCN(c4ncc(C)s4)CC3)nn2n1,0.8120163225
COc1ccc(-c2cc(=O)c3c(O)c(OC)c(OC)c(OC)c3o2)cc1OC,1.339510226
CCCn1c(Oc2ccc(F)c(F)c2)nc2nc(C3CCCC3)[nH]c2c1=O,2.020293558
Cc1ccc(-c2nc3ccccc3s2)cc1NC(=O)c1cc([N+](=O)[O-])c(N2CCN(C)CC2)cc1Cl,1.982271233
Cn1cc(S(=O)(=O)N2CCC(CNC(=O)c3ccc(Cl)cc3Cl)(c3ncccc3F)CC2)nn1,1.66833238
Cc1noc2nc3c(c(C(=O)N4CCC5(CCCN(C)C5=O)C4)c12)CCC3,1.7741468655
OC1C2CC3CC1CC(C2)C3(Cc1ccccc1)Cc1nnn[nH]1,2.535415889
CC(Oc1cc(-c2cnn(CC3CN(CC(N)=O)C3)c2)cnc1N)c1c(Cl)ccc(F)c1Cl,1.4498053
CCC(=O)N(CCOC)CC(=O)N1N=C(c2cccs2)CC1c1sccc1C,1.309426675
Cc1cc(/C=C/C#N)cc(C)c1Oc1cc(Nc2ccc(C#N)cc2)c(N)cc1CO,1.478549718
CNc1cc(Cn2c(C(=O)c3cc(C)cc(Br)c3)c(C(C)C)c(=O)[nH]c2=O)cc(F)n1,0.912242957
O=C(NC1CCOCC1)C1CCN(C(=O)NCc2ccc(Cl)cc2Cl)CC1,2.477121255
COC(=O)C1=C(Nc2ccccc2C)O/C(=C\c2c[nH]c3ncccc23)C1=O,1.515256251
C[C@H]1CN(c2nnc(-c3cccnc3)c3ccccc23)CCN1C(=O)c1ccccc1,2.295268828
COc1ccc2c(c1)C(O)CCN2c1nc(C)nc2ccccc12,1.627754908
COCC(=O)N1CCC(NC(=O)c2cc3cc(Cl)ccc3[nH]2)C(NC(=O)c2nc3c(s2)CN(C)CC3)C1,1.133602771
CCc1ccc(NC(=O)N2CCCN(C(=O)CCC3CCCC3)CC2)cc1,0.698952632
CCN(CC)CCNc1cc(-c2ccc(C(F)(F)F)cc2)c(C#N)c2nc3ccccc3n12.Cl.Cl,1.136657162
CCN(Cc1cccc(F)c1)C(=O)c1occc1CS(=O)(=O)c1ccccc1,0.5417596555
Cc1cn(C2=CC[C@H]3[C@@H]4CCC5=CC(=O)NCC[C@]5(C)[C@H]4CC[C@]23C)cn1,1.00008685
O=C(Nc1cc2cc[nH]c(=O)c2cc1Cl)C1CNCC1c1ccc(Cl)cc1,2.477121255
NCc1ccc(-c2cccnc2)s1,1.591064607
O=C(Nc1ccc(-c2cn[nH]c2)cc1)NC(CO)c1ccccc1,2.079181246
O=C(C(=O)N1CCN(C(=O)c2ccccc2)CC1)c1c[nH]c2c(-c3ncon3)ccc(F)c12,1.230397825
COc1cc2c(N3CCN(C(=O)Nc4ccc(C#N)cc4)CC3)ncnc2cc1OCCCN1CCCC1,2.602081706
Cc1cc(C)cc([C@@H](CC(C)C)NC(=O)c2cc(COc3ccccc3C)ccc2CCC(=O)O)c1,1.519005149
O=C1c2ccccc2C2N=C(O)c3ccccc3N12,1.4815102815
O=[N+]([O-])c1ccc(C2=NOC(c3ccc(N4CCSCC4)cc3)C2)o1,1.100370545
Cc1c2c(n3c1CCCN1CCC[C@@H]1CNc1cc-3ccc1C(N)=O)CC(C)(C)CC2=O,1.079181246
CCC1(c2ccccc2)c2c(ccc(F)c2F)N(Cc2cc[n+]([O-])cc2)C(=O)N1CC(F)(F)F,0.803376503
COC(=O)[C@@]12Cc3ccccc3[C@@H](C1)N(C(C)(C)C)O2,0.342057576
Cc1nc(-c2ccncc2)n2c1sc1cc(OCc3ccc4ccccc4n3)ccc12,1.142473713
CS(=O)(=O)Nc1ccc2c(c1)S(=O)(=O)N=C(C1=C(O)[C@@H]3C4CCC(CC4)[C@@H]3N(CC3CCCCC3)C1=O)N2,1.698952632
O=C(N1CCCO1)N(c1ccccc1)c1ccccc1,1.6741555855
COc1cc(-c2cn[nH]c2)c(F)cc1NC(=O)C1COc2ccccc2C1,1.397974751
Cc1cc(C)cc([C@@H](CC(C)C)NC(=O)c2cc(Oc3cccc(C#N)c3)ccc2CCC(=O)O)c1,1.519005149
Cn1c(-c2cncnc2)c(C2CCCCC2)c2ccc(C(=O)NC(C)(C)C(=O)Nc3ccc(/C=C/C(=O)O)cc3)cc21,1.041313715
C=CCO/N=C/c1cn(CC=C)c2ccc(OC)cc12,1.7477504525
Cc1cn(Cc2ccc(Cl)cc2Cl)c2c(-c3cc(NS(=O)(=O)c4ccc(F)c(F)c4)no3)cc(F)cc12,1.437540761
Cc1nn(C(C)(C)C)c(C)c1S(=O)(=O)N1CC(C)OC(C)(C)C1,0.404908919
CCOc1ccccc1NC(=O)c1cc2sccc2n1C,0.4989333285
COC(=O)C(CCC(=O)O)CP(=O)(OCOC(=O)C(C)(C)C)OCOC(=O)C(C)(C)C,1.829264786
Cn1cc(-c2cccc(CNc3nnc(C(C)(C)C)o3)c2)cn1,1.3432469315
O=c1c(Br)c(Br)cnn1CCn1ncc(Br)c(Br)c1=O,1.7031327345
CCOCCCN1C(=O)CN(S(C)(=O)=O)CC1(C)C(=O)NCc1ccc(C)cc1,2.290108662
O=C(NCc1cccc(F)c1)Nc1ccc(S(=O)(=O)N2CCCCC2)cc1,1.638486293
CCCN(CCCNc1ccnc2cc(Cl)ccc12)CC1CC2C=CC1C2,1.126944624
CC(=O)N1CCCC1c1cc2[nH]c(-c3ccccn3)nc2cc1Oc1ccc(F)cc1,1.188555375
COc1cc(=O)[nH]cc1C(=O)N1CCCC1c1cn(C)nc1C,2.9537295830000003
CN1CC(c2ccc(NC(=O)c3nc(C#N)c[nH]3)c(C3=CCCCC3)c2)CN(C)C1=O,0.333121238
COc1ccc(CCSc2nc(N3CCOCC3)c3c(c2C#N)CC(C)(C)OC3)cc1OC,1.425671821
O=C(CCc1ccccc1)N[C@@H](Cc1c[nH]c2ccccc12)C(=O)Nc1ccncc1,0.77815125
Cc1cc(C)n(-c2ccc(C(=O)NCc3ccc(C)o3)cn2)n1,1.735537256
O=C(Cn1cnc2c(nnn2-c2cccc(Cl)c2)c1=O)Nc1ccc2c(c1)OCCO2,3.315766141
CC(C)(C)c1cnc(CSc2cnc(NC(=O)C3CCCNC3)s2)o1,2.0939617625
CC1=CC(=C(N1C2=CC=CC=C2)C)C3=NN=C4N3CCCCC4,1.479499661
COc1ccc2c(c1)C1(CCN(C(=O)c3ccc(C#N)cc3)C1)C(=O)N2,1.5490199475
CC(C)(C)c1cc(NC(=O)[C@@H]2CCCCN2C(=O)N2CCS(=O)(=O)CC2)on1,2.079181246
COc1nc2cc(C)ccc2cc1CN(C)C1(C)CCS(=O)(=O)C1.O=C(O)CC(O)(CC(=O)O)C(=O)O,1.042971879
Cc1cc2ccccc2c(-c2ccc(C(=O)NCCN3CCOCC3)cc2)n1,1.879504297
O=C1CCc2cc(Cl)ccc2N1Cc1ccc(Cl)cc1Cl,1.5321313170000002
CN(C)[C@@]1(C)C[C@H](C(=O)N2CCC(c3ccnn3-c3ccc(F)c(Cl)c3)CC2)[C@@H](c2ccc(F)cc2F)C1,0.725545316
COC[C@H]1C[C@@H](C(=O)NCC2CCOCC2)CN(Cc2nc(-c3ccncn3)[nH]c2C)C1,1.691965103
COc1ccc(C(=O)N[C@@H](Cc2c[nH]c3ccccc23)C(=O)Nc2ccncc2)cc1,0.9029814
CCS(=O)(=O)CCCOc1cc2ncnc(N3CCN(C(=O)Nc4ccc(OC(C)C)cc4)CC3)c2cc1OC,2.298896722
O=C(C[C@H]1CCC[C@@H](N2CCCC2)[C@@H]1C(=O)c1cccs1)c1cccs1,0.867714173
O=C(NCc1ccc(S(=O)(=O)c2ccccc2)cc1)c1ccc2nncn2c1,2.707052496
CNc1nc(NCCCN(C)C)c2sc(-c3ccc(N4CCNCC4)cc3)cc2n1,1.681241237
c1ccc2cc([C@@]34CCC[C@@H]3CNC4)ccc2c1,1.447189051
C[C@]12CC[C@H]3[C@H]([C@@H]1CC[C@]2(C)O)CC[C@@H]4[C@@]3(CC5=C(C4)NN=C5)C,1.380934463
NCC1=CCCN(c2nc3c(cc2F)c(=O)c(C(=O)O)cn3-c2ncc(F)cc2Cl)C1,1.417628425
C[C@]12CCNC(=O)C=C1C1CC1[C@@H]1[C@@H]2CC[C@]2(C)C(c3cccnc3)=CC[C@@H]12,8.68502e-05
COc1ccc2c(O[C@@H]3C[C@H]4C(=O)N[C@]5(C(=O)NS(=O)(=O)C6CC6)C[C@H]5/C=C\CCCCC[C@H](NC(=O)c5cc[nH]n5)C(=O)N4C3)cc(OC(C)C)nc2c1C,1.968482949
CC(C)(NC(=O)c1nn(CCN2CCOCC2)c2c1C[C@H]1C[C@@H]21)c1ccccc1,0.845222106
CCCS(=O)(=O)N1CC(=O)Nc2ccc(Br)cc21,1.7004068595
CCCc1cnc(N2CCC(C3Cc4c(F)c(C5=CCN(S(=O)(=O)CCC(C)(C)O)CC5)cc(F)c4O3)CC2)nc1,1.064242671
Cc1cc(C)n(-c2nc(CCNC(=O)CCn3ccc(=O)[nH]c3=O)cs2)n1,3.315766141
CCOc1cc(NC(=O)C2(NC(=O)c3ccc4c(C5CCCC5)c(-c5ncc(Cl)cn5)n(C)c4c3)CCC2)cnc1/C=C/C(=O)O,2.439301108
O=C(CCc1nnnn1-c1cccc2ccccc12)Nc1ccccc1[N+](=O)[O-],0.845222106
CS(=O)(=O)Nc1ccc2c(c1)S(=O)(=O)N=C(C1=C(O)C3CCCCCC3N(Cc3ccc(F)cc3)C1=O)N2,1.672079377
CCOC(=O)Cn1cnc2c1c(=O)n(C)c(=O)n2C,0.728567915
CC(C)CC[C@H]1CN(Cc2ccc(F)cc2)C(=O)C(C2=NS(=O)(=O)c3cc(NS(C)(=O)=O)ccc3N2)=C1O,0.812779707
OC1(Cc2nc(-c3cnccn3)no2)CCCCC1,2.2124818690000003
CCCOc1ccc(Oc2nc3ccccc3n3cnnc23)cc1,1.5563913145
COCc1ncn(-c2ncc(OC)c3c(C(=O)C(=O)N4CCc5c(cccc5-c5ccccn5)C4)c[nH]c23)n1,0.364322463
O=C(CSSCC(=O)NCCCCCn1ccc2cc(Cl)c(Cl)cc21)NCCCCCn1ccc2cc(Cl)c(Cl)cc21,1.6787383985
COc1cccc(CN(CCO)C(=O)Nc2ccc(-c3cn[nH]c3)cc2)c1,1.380211242
Nc1ncnc2c1nc(Sc1cc3c(cc1Br)OC(F)(F)O3)n2CCC1CCN(C=O)CC1,0.381699759
Cc1nc(C2CC2)nc2sc(C(=O)NC3(C#N)CCCC3)c(N)c12,1.2822230475
COc1ccnc(Oc2ccc3c(c2)c(=O)ncn3Cc2c(F)cc(F)cc2F)c1C(F)(F)F,1.924279286
COc1ccc(-c2[nH]ncc2C(=O)Nc2n[nH]c3cc(Br)ccc23)cc1,1.5346159265
CC1CN(c2nc(SCCc3ccc(NC(=O)C(F)(F)F)cc3)c(C#N)c3c2COC(C)(C)C3)CC(C)O1,2.596298824
COc1ccccc1CC(=O)c1ccc(O)c(O)c1O,1.780629744
COc1ccc(C)cc1NC(=O)c1cc2ccc3cccnc3c2[nH]1,0.9063149995
CCN(C)S(=O)(=O)NC(=O)c1ccc2c(C3CCCCC3)c3n(c2c1)CC1(C(=O)N2C4CCC2CN(C)C4)CC1c1cc(OC)ccc1-3,1.436162647
C=C(C)[C@@H]1CC[C@]2(C(=O)NCCCCCCCCC(=O)N[C@@H](CCC(N)=O)C(=O)OCc3ccccc3)CC[C@]3(C)[C@H](CC[C@@H]4[C@@]5(C)CC[C@H](O)C(C)(C)[C@@H]5CC[C@]43C)[C@@H]12,1.612889769
CC1=C2C[C@H]3[C@@H](CC[C@@H]4CC(=O)CC[C@@]43C)[C@@H]2CC[C@@]2(C1)O[C@@H]1C[C@H](C)CN[C@H]1[C@H]2C,1.845222106
CC(C)(C)c1nnc2ccc(N3CCCc4occc4C3)nn12,1.3181746155
Cn1c(=O)n(-c2ncccc2C#N)c2ccccc21,1.426080573
CCC(=O)OC(COC)c1ccccc1CS(N)(=O)=O,1.976997415
C1CC1C2=CC=CC=C2OCC3=NCCN3,2.079181246
CC1=NC(=C(O1)C2=CC(=C(C=C2)S(=O)(=O)N)F)C3CCCCC3,1.487279816
O=C(CCc1cnnn1-c1ccccc1)c1cccc(F)c1,1.124641826
N#Cc1csc(NC(=O)Cc2cccc3cnccc23)c1-c1ncn[nH]1,2.240546284
O=C1NCC2(CCNCC2)c2[nH]c(-c3ccnc(-c4ccc5c(c4)OCO5)n3)cc21,1.959136831
Nc1ccc(C(=O)Nc2nc(-c3ccc(F)cc3F)cs2)cc1,1.9269786375
CS(=O)(=O)Nc1ccc(CCNC(=O)c2ccnc3[nH]c(-c4ccc(F)cc4)nc23)cc1,1.184360798
Cc1c[nH]c2ncnc(-c3ccc(NC(=O)Nc4cccc(C(=O)NC(C)C)c4)cc3)c12,1.51851394
Cc1ccc(Cn2c(=O)c3ccc(C(=O)NC(C)C)cc3n3c(=O)n(C)nc23)cc1,1.522367584
CC(C)N1CCCN(CC1)C2=NC3=CC(=C(C=C3C(=N2)NC4CCN(CC4)CC5CCCCC5)OC)OCCCN6CCCCC6,1.476831629
CS(=O)(=O)N1CCN(CCOc2ccc3c(c2)C(c2cc(F)cc(F)c2)=C(c2cccnc2)C3=O)CC1.Cl,0.72194480575
CC(C)CCn1nc(C2CCCCC2)c(O)c(C2=NS(=O)(=O)c3cc(NS(C)(=O)=O)ccc3N2)c1=O,0.845222106
CC(C)(C)NC[C@@H](COC1=CC=CC2=C1CCCC2=O)O.Cl,2.079181246
CC(C)(C)c1cc(NC(=O)[C@@H]2CCCCN2c2ccc(Cl)cc2)no1,1.146065989
Cn1c(-c2ccc3ncccc3c2)c(C2CCCCC2)c2ccc(C(=O)NC(C)(C)C(=O)Nc3ccc(/C=C/C(=O)O)cc3)cc21,2.09684052
Cn1cc(/C=C2\C(=O)NN=C2c2nccs2)c2c(OCc3ccccc3)cccc21,1.477121255
Cc1cc(C(F)(F)F)ccc1NC(=O)N1CCC[C@@H]1C(=O)N(C)Cc1ccc(Cl)cc1,1.581767674
Cc1nn(-c2ncnc3nc[nH]c23)c2c1C(c1ccc(OC(C)C)cc1)CC(=O)N2,1.380211242
Cn1c(Nc2ccc(I)cc2F)c(C(=O)NOC[C@H](O)CO)c2c1C(=O)CC2,1.934397441
[2H]C([2H])([2H])Oc1ccc(-n2nc3c4cc(Cl)ccc4[nH]cc-3c2=O)cn1,2.8095760315
CN1CCC(N(C)C(=O)Cn2c(-c3ccoc3)c(C3CCCCC3)c3ccc(C(=O)O)cc32)CC1,2.477121255
O=[N+]([O-])c1cn2c(n1)OC[C@@H](OCc1ccc(-c3ccc(OC(F)(F)F)cc3)cc1F)C2,2.758215442
COc1ccc2c(c1)C(=O)N1CCC[C@H]1c1c(C(=O)O)ncn1-2,1.880327781
Cc1ncsc1CCS(=O)c1ccc(S(C)(=O)=O)cc1,1.869217345
Cc1nc(N2CCC(C(=O)NC(C)C)CC2)nc2ccc(NC(=O)COc3ccc(Cl)cc3)cc12,1.765674114
CC1(COC1)COC2=CC3=C(C=C2)N(C=N3)C4=NC5=C(C=CC=C5N6CCC(CC6)N)C=C4,1.877400144
Cc1c(C(=O)Nc2cccc(C(F)(F)F)n2)nn(C)c1-c1ccc(F)cc1,2.429719989
CS(=O)(=O)N1CCC(C(=O)N(CCCN2CCC(NS(=O)(=O)c3ccc(F)cc3)CC2)c2ccc(Cl)c(Cl)c2)CC1,1.365272666
CCCN(CCCNc1ccnc2cc(Cl)ccc12)CC1CC1,1.8600284485
CCn1nccc1CN(C)S(=O)(=O)c1ccc(Br)s1,1.4049757965
CNCCc1cn(C)c2c1C(=O)C1=C(NC=CS1(=O)=O)C2=O.Cl,2.397974751
O=[N+]([O-])c1cn2c(n1)OC[C@H](OCc1ccc(-c3ccc(OC(F)F)cc3)cn1)C2,1.774486271
COc1ccc(CNc2ncnc3c(CCO)c(OC)c(N(C)C(=O)C4CC4)cc23)cc1Cl,1.477121255
Clc1cccc(C(c2ccccc2)N2CCN(c3nn4nnnc4c4ccccc34)CC2)c1,2.3018078835
C=C[C@@H]1C[C@]1(NC(=O)[C@@H]1C[C@@H](c2csc(-c3cc(OC)ccc3OC)n2)CN1C(=O)[C@@H](NC(=O)OC1CCCC1)C(C)(C)C)C(=O)NS(=O)(=O)C1CC1,1.838849091
Cc1cc(Nc2cccc(F)c2)n2ncnc2n1,1.98686127
C[C@@H](Nc1ncnc2sc(-c3cccc(C(=O)NCCN(C)C)c3)cc12)c1ccccc1,1.977632165
O=C1c2[nH]ncc2C(C2CC2)N(S(=O)(=O)c2ccc(C(F)(F)F)cc2)C12CCCC2,0.773065702
COc1ccc(/C=C/c2nnc(-c3ccc(Cl)cc3Cl)o2)cc1,0.830081146
COc1cc(N2CCN(C3CCN(c4ccc(F)c5cc(C(F)(F)F)cnc45)CC3)CC2)c2ncccc2c1,1.431363764
Cn1cc2c3c1C(=O)C(N/C=C/c1ccc(O)cc1)=CC3=[N+](C)CC2.O=C([O-])C(F)(F)F,0.944581364
Cc1cc(OCc2ccc(F)cc2F)c(Br)c(=O)n1Cc1cccc(CN(C)C)c1,1.653212514
CN1C2=C(C(=C(C1=O)F)NC3=C(C=C(C=C3)I)F)C(=O)N(C=N2)CC(CO)O,2.079181246
CCc1ccc(S(=O)(=O)C2CS(=O)(=O)CC2NCc2ccccc2C)cc1,0.4256296415
CC(Oc1cc(-c2cnn(CC3(O)CCOCC3)c2)cnc1N)c1c(Cl)ccc(F)c1Cl,0.644876877
Cc1nc(NC(=O)c2nn(C)c(-c3ccc(F)cc3)c2C)ccc1F,2.328379603
O=C(c1scc2c1OCCO2)N1CCCC(Cn2ccnc2)C1,2.2763229825
Cc1c(C(=O)NCC(C)c2ccccc2)oc2ccc3c(c12)C=CC1(CCCC1)O3,1.3032127139999998
Cc1c(Cl)cccc1Oc1cccn2c(C3CCCCCC3O)nnc12,1.517117578
CC(C)CS(=O)(=O)NC(=O)c1ccc2c(C3CCCCC3)c3n(c2c1)C[C@@]1(C(=O)N2C4CCC2CN(C)C4)C[C@H]1c1cc(F)ccc1-3,2.079181246
Cc1c(CC(=O)O)c2ccsc2n1Cc1ccc(S(C)(=O)=O)cc1Cl,2.834228116
CC(C)CCCC(C)NC(=O)C1CCN(c2nc(Cl)nc3[nH]cnc23)CC1,0.7534086504999999
CCC(=O)c1ccc(CCCCCC(=O)O)s1,1.104743096
CC[C@@H](Cn1ccc2ccccc21)NS(=O)(=O)c1c(N)cc(Cl)cc1Cl,0.477121255
CONC(=O)c1cn(-c2ccc3c(c2)CCC3)c2nc(Nc3ccc(CCN4CCNC(=O)C4)cc3)ncc2c1=O,0.81970974
CCOc1cc(CNC(C)(C)C)c(Cl)cc1OC(C)C.Cl,3.315766141
CCCC1=NC(=C(N1CC2=CC=C(C=C2)C3=CC=CC=C3C4=NNN=N4)C(=O)O)C(C)(C)O,2.079181246
Cc1ccnc(NC(c2ccc([N+](=O)[O-])cc2)c2ccc3cccnc3c2O)c1,1.40654018
O=C(c1ccc(Cl)cc1NS(=O)(=O)c1cccc2nsnc12)N1CCCCC1,0.8034324233333333
COc1cc2c(cc1-c1c(C)noc1C)ncc1nc(CN3CCOCC3)n([C@H](C)COC(F)F)c12,0.719887982
CC[C@@H]([C@H](C)O)N1C(=O)N(C=N1)C2=CC=C(C=C2)N3CCN(CC3)C4=CC=C(C=C4)OC[C@H]5C[C@](OC5)(CN6C=NC=N6)C7=C(C=C(C=C7)F)F,2.079181246
CCN(CC(=O)NC)C(=O)c1cc(C)c(C)c(S(=O)(=O)NC)c1,1.986853138
CC(C)C(C(=O)Nc1cccc2[nH]ccc12)N1Cc2ccccc2C1=O,1.4704338375
COc1ccc2c(c1)CC(c1nc(N(C)CCO)c3cc(-c4cn[nH]c4)ccc3n1)CO2,1.146065989
CCOC(=O)c1c(C)c(C(=O)NCCCN(C)C)c(C)n1CC,3.315766141
Cc1nc(C)c2c(C)c(CNCC(C)(C)N3CCOCC3)sc2n1,1.365500574
Nc1c(NC(=O)N2CCCC2)c(-c2ccc(Cl)cc2)nn1-c1cc(F)ccc1F,2.0719210075000003
COc1ccccc1CNC(=O)c1c(OC)cc(=O)n2c1CCCC2,3.315766141
Cc1ccnc(Nc2nc(N3CCNCC3)nc3c(C)nn(CCOCC(F)(F)F)c23)c1,1.859033917
CCC1=NN(C(=C1Cl)C(=O)NCC2=CC=C(C=C2)OC3=CC=C(C=C3)C)C,0.875639937
CC(=O)Nc1ccc(-c2ccc(CNCCCNc3ccnc4cc(Cl)ccc34)s2)cc1,1.278799314
CN(Cc1n[nH]c2c1CCCCC2)C(=O)CCC1(Cc2ccc(-c3ccccc3)cc2)CCC(=O)N1,0.607487176
O=C(N[C@H](Cc1c[nH]c2ccccc12)C(=O)Nc1ccncc1)c1ccc(-c2ccc(OCc3ccc(F)cc3)c(F)c2)cc1F,1.176091259
O=C(CCCc1ccc(F)cc1)N[C@@H](Cc1c[nH]c2ccccc12)C(=O)Nc1ccncc1,0.77815125
Cc1ccn(CCNc2ncnc3c2CCN(c2cnccn2)CC3)n1,0.728337178
Cc1cn[nH]c1C1(C)CCCN(S(=O)(=O)c2cnn(C)c2)C1,0.6804756135
OCC=CCc1cc2cc(Cl)ccc2n1-c1ncccn1,1.588403937
CS(=O)(=O)O.C[C@H](N)C(=O)O[C@@H](C)C(=O)N1CCC(CCn2c(Sc3cc4c(cc3Br)OCO4)nc3c(N)ncnc32)CC1,0.300986564
COc1cc(=O)n(-c2ccccc2)cc1C(=O)N1CC(S(=O)(=O)c2nccn2C)C1,3.315766141
CCCN(Cc1ccc(CCn2ccc(OCc3ccc(F)cc3)cc2=O)cc1)C1CCCC1,0.654701031
CN1C[C@@H]2CCCC[C@]2(c2ccc3ccccc3c2)C1,1.662776714
O=[N+]([O-])c1cn2c(n1)OC[C@@H](OCc1ccc(-c3ccc(OC(F)(F)F)c(F)c3)cc1)C2,2.758215442
COc1ccccc1N1C(=O)c2cc3ccccc3n2CC1(C)C(=O)NC1CCCCCCC1,0.60364566
CC(C)NS(=O)(=O)c1ccc2c(c1)nc(-c1ccncc1)n2C(C)C,1.070411436
CCCS(=O)(=O)NC(=O)c1ccc2c(C3CCCCC3)c3n(c2c1)CC1(C(=O)N2C4CCC2CN(C)C4)CC1c1cc(OC)ccc1-3,2.049295568
Cc1ccoc1C(=O)N1CCCn2nc(C(=O)Cc3ccccc3)cc2C1,1.62324929
COc1cc(N2CCN(C3CCN(c4cccc5cc(F)cnc45)CC3)CC2)c2ncccc2c1,0.300986564
C[C@H]1CNC[C@H](C(=O)Nc2ncc(SCc3ncc(C(C)(C)C)o3)s2)C1,1.6109101635
CN1CCC(Nc2nc(N)nc3cc(-c4ccc(C(F)(F)F)cc4)sc23)CC1,2.607886123
COc1cccc(N2CCN(C(=O)c3cc(C)ccc3OC)CC2)c1,0.8044717705
CCOC1=CC=CC(=C1)NC(=O)C2=CC(=C(C=C2)N3CCCC3)C(F)(F)F,1.361538971
O=C(c1cccnc1Cl)N1CCN(c2nc3nccc(-c4cccs4)n3n2)CC1,2.613467544
N#Cc1cc(F)cc(C(=O)Nc2cccc(Cl)c2)c1,0.782703643
O=C1CCCC2=C1C(c1ccco1)Nc1ccc3ccccc3c12,1.3401403355
O=C(CSc1cnnn1-c1ccccc1)c1ccccc1,1.285001889
CC(C)(C)c1cc(-c2nc3c4c(ncn3n2)CCC4)n[nH]1,1.714503133
CC1(C)Oc2cc(C#Cc3cc(Cl)ccc3F)ccc2-c2[nH]c(-c3c(F)cccc3Cl)nc21,2.180534292
CS(=O)(=O)Nc1ccc2c(c1)S(=O)(=O)N=C(C1=C(O)[C@@H]3C4CCC(CC4)[C@@H]3N(Cc3ccccc3F)C1=O)N2,2.295268828
Clc1cc2nc(-c3cn[nH]c3)[nH]c2cc1Cl,1.3571263805
C[C@H](C(=O)NC1CCCC1)N(C(=O)Cn1nnc(-c2ccc3c(c2)OCO3)n1)C1CCCCC1,0.955731027
CC1(C)C(=O)N(c2ccc(C#N)c(C(F)(F)F)c2)C(=S)N1c1cncc(S(N)(=O)=O)c1,2.306856127
Cc1cc(Nc2ccc(C#N)c(C(F)(F)F)c2)n2ncnc2n1,2.447189051
O=C(c1c(OCC2CC2)cc(=O)n2c1CCOCC2)N1CCN(C2CCCCC2)CC1,1.6032559615
Cn1ccc(-c2ccc(-c3cc(Br)cnc3N)nc2)n1,1.211653024
CN(c1nccc2c(Br)csc12)C1CCN(C(=O)OC(C)(C)C)CC1,1.6110388315000002
COCCOc1cc2c(N3CCN(C(=O)Nc4ccc(C#N)cc4)CC3)ncnc2cc1OCCN1CCCCC1,0.9029814
CC1(C)Oc2ccc(C#N)cc2[C@@H](NC(=O)c2ccc(F)cc2)[C@@H]1O,3.316130361
N[C@H]1CC[C@H](n2nnc3cnc4[nH]ccc4c32)CC1,1.819543936
C[C@@H]1C[C@H](N)C[C@H](c2ccncc2NC(=O)c2ccc(F)c(-c3c(F)cccc3F)n2)C1,2.0253878
CC(C)=CCn1c(CO)nc2c1c(=O)n(C)c(=O)n2C,3.315766141
CCCC(=O)c1cnc2c(OCC)nccc2c1N[C@H](C)c1ccccc1,1.3981248825
CC(=O)N(C)CCc1cc(Br)c(OCCCNc2ncn(C)c3ncnc2-3)c(Br)c1,1.077367444
CC1=CC(=O)N(Nc2nc(-c3ccc[nH]3)nc3sc(C)c(C)c23)C1=O,1.321866804
C1=CC=NC(=C1)NS(=O)(=O)C2=CC=C(C=C2)N=NC3=CC(=C(C=C3)O)C(=O)O,2.079181246
CNC(=O)c1c(-c2ccc(F)cc2)oc2nc(CCC(F)(F)F)c(-c3ccc(OC)c(C(=O)NC(C)(C)c4ncon4)c3)cc12,0.77815125
Cn1cnc(-c2c(Br)csc2NC(=O)CN2C(=O)CCc3ncccc32)n1,1.427789154
c1cc2c(ccn2-c2ccc3ccnc(N4CCCC4)c3c2)cn1,0.9117858985
COc1c(/C=C(\C)c2ccc([N+](=O)[O-])cc2)cc(N2CCC(=O)NC2=O)cc1C(C)(C)C,1.090728812
Cc1cccc(Nc2sc(-c3cccc(F)c3)cc2C(N)=O)n1,1.505122834
Cc1ccc(N(C(C)C(=O)N2CCN(C)CC2)S(C)(=O)=O)cc1C,2.004636333
CN1CCN(CCOC(=O)N(Cc2ccccc2)c2ncnc3c2cnn3CC(Cl)c2ccccc2)CC1,2.454081296
Cn1c(-c2ccc(Cl)cn2)c(C2CCCC2)c2ccc(C(=O)NC3(C(=O)Nc4ccc(/C=C/C(=O)O)cc4)CCCC3)cc21,2.477121255
COC(=O)c1c(CC(=O)N2CCCC2C2CCCCC2)[nH]c(C(C)=O)c1C,0.5442720045
CC[C@@H]1/C=C(\C)C[C@H](C)C[C@H](OC)[C@H]2O[C@@](O)(C(=O)C(=O)N3CCCC[C@H]3C(=O)O[C@H](/C(C)=C/[C@@H]3CC[C@@H](O)[C@@H](F)C3)[C@H](C)[C@@H](O)CC1=O)[C@H](C)C[C@@H]2OC,0.505122834
CC(C)(C)NC[C@@H](C1=CC(=CC(=C1)O)O)O,2.079181246
CS(=O)(=O)Nc1ccc2c(c1)S(=O)(=O)N=C(C1=C(O)[C@@H]3C4CCC(CC4)[C@@H]3N(Cc3ccc(F)c(F)c3)C1=O)N2,2.295268828
COC[C@H](C1CC1)n1cc(C#N)nc(Nc2cc(C)c(OC)nc2C)c1=O,1.132552787
CCC1c2cccn2-c2sc3c(c2CN1C(=O)Nc1ccc(C)cc1C)CCCC3,0.7110005225
CC(C)n1nc(CNc2ccc(Cl)cc2)[nH]c1=O,1.728500868
Cn1cc(Br)c(C(=O)NCCCN2CCCC2=O)n1,3.315766141
CCCS(=O)(=O)c1nc2ccc(NS(=O)(=O)Cc3ccccc3)cc2s1,1.7635632585
CC1=C2C[C@H]3[C@@H](CC[C@@H]4Cc5nc(C)sc5C[C@@]43C)[C@@H]2CC[C@@]2(C1)O[C@@H]1C[C@H](C)CN[C@H]1[C@H]2C,2.00008685
CC(C)OC(=O)C1=CN(C(=O)c2ccc(OCCCN3CCCC3)cc2)CC(C)(C)c2c1[nH]c1ccccc21,1.230397825
C=C[C@@H]1C[C@]1(NC(=O)[C@@H]1C[C@@H](c2csc(-c3ccccc3)n2)CN1C(=O)[C@@H](NC(=O)OC1CCCC1)C(C)(C)C)C(=O)NS(=O)(=O)C1CC1,2.130333768
CC(C)(C)c1nc2cc(S(=O)(=O)c3cccc(C#N)c3)ccc2n1CC1CCOCC1,1.322929341
COc1ccc2c(c1)C(=O)N1CCC[C@H]1c1c(C(=O)NC3CC3)ncn1-2,2.582190401
CC1=NC(=CC=C1)NC(C2=C(C3=C(C=CC(=N3)C)C=C2)O)C4=CC=CC=C4F,1.150142162
Cc1ccccc1-c1nc2ccccc2cc1Cn1nc(NCCCO)c2c(N)ncnc21,0.73811823
CC1(C)CN(c2ccccc2NC(=O)Nc2ccc(OC(F)(F)F)cc2)c2c(O)ccc(-c3ccccc3F)c21,1.161365038
CC(=O)O[C@H]1C[C@H]2[C@@H]([C@H](OC(C)=O)C[C@@H]3C[C@H](NS(C)(=O)=O)CC[C@@]32C)[C@@H]2CC[C@H]([C@H](C)CCCNCCCNc3ccnc4cc(Cl)ccc34)[C@@]12C,1.041313715
COc1ccc(Oc2cc3nc(-c4ccccn4)[nH]c3cc2C2CCCN2C(C)=O)cc1,1.439986773
Cc1cccc(Cl)c1NC(=O)Nc1cc2ccccc2cc1C(=O)N[C@@H](CCCCN)C(=O)O,2.079181246
O=[N+]([O-])c1cn2c(n1)OC[C@H](OCc1ccc(OC(F)(F)F)cc1)C2,2.69790644
Cc1ccc(-c2nc3scc(CCNS(=O)(=O)c4ccc(Br)cc4)n3n2)cc1,0.873767659
CC(=O)N1N=C(c2c(O)nc3ccc(Br)cc3c2-c2ccccc2)CC1c1ccco1,1.3099967179999998
CCc1ccc(Cc2cc([C@@H]3S[C@H](CO)[C@@H](O)[C@H](O)[C@H]3O)c(OC)cc2Cl)cc1,1.950464751
Cn1cc(S(=O)(=O)N2CC(CNC(=O)c3ccc(Cl)cc3Cl)(CC3CC3)C2)cn1,1.644515988
CCCS(=O)(=O)N1CCN(C2(CNC(=O)c3ccc(Cl)cc3Cl)CCOCC2)CC1,1.656943418
CCCc1nc(C)c2c(Cl)nc3ccc(OC)nc3n12,0.924890799
Nc1ncnc2c1nc(Sc1cc3c(cc1Br)OCO3)n2CCC1CCNCC1,2.047626596
CS(=O)(=O)Nc1ccc2c(c1)S(=O)(=O)N=C(C1=C(O)[C@@H]3[C@@H]4CC[C@@H](C4)[C@@H]3N(CC3CCCCC3)C1=O)N2,1.176091259
CCCNS(=O)(=O)c1cc(N2CCCCS2(=O)=O)ccc1OC,1.937446639
C1CN(CCN1)C2=CC(=CC=C2)Cl,1.599446376
O=[N+]([O-])c1cn2c(n1)OC(COCc1ccc(-c3ccc(OC(F)(F)F)cc3)cc1)CC2,2.121065141
CC(C)CS(=O)(=O)CC(=O)n1cccc/c1=N\C(C)C,1.9095173445
CONC(=O)c1cn(-c2ccc3c(c2)CCC3)c2nc(Nc3ccc(C4CCN(CCO)CC4)cc3)ncc2c1=O,1.49224112
O=C1CCc2cc(C(=O)N3CCc4sc(Br)cc4C3)c(F)cc2N1,1.1831711725
O=C(Nc1cccc(OC(F)(F)F)c1)c1ccccn1,1.438814197
COC(=O)CCC(CP(=O)(OCOC(=O)C(C)(C)C)OCOC(=O)C(C)(C)C)C(=O)OC,0.557791018
COc1ccc2c(c1)C(=O)CCN2c1nc(C)nc2ccccc12,1.319980017
CCCn1c(CCc2ccc(Cl)cc2)nnc1CN1C(=O)COc2c(Cl)cc(Cl)cc21,0.810242493
COC(=O)CC(c1cc(Cl)c2c(c1)OCO2)c1c(O)cc(C)[nH]c1=O,0.4155304279999999
COc1cc(C(=O)NCCN(C)C)cc(OC)c1-c1cc2c(N[C@H](C)c3ccccc3)ncnc2s1,2.152349508
C[C@H]1O[C@@H](n2cc(-c3ccccc3)c3c(NCC(=O)NC4CC4)ncnc32)[C@H](O)[C@@H]1O,2.29666519
COc1cccc(CN(CCCN2CCCCC2)C(=O)Nc2ccc(-c3cn[nH]c3)cc2)c1,1.146065989
CC[C@@H]1C(=O)N(C)c2cnc(-n3ccnc3-c3ccc(F)cc3)nc2N1[C@H]1CCOC1,1.581767674
COc1cc2c(cc1NC(=O)C(C(C)=O)=C(SC)SC)oc1ccccc12,1.0250600680000002
O=c1[nH]c(C2CCc3ccccc3O2)nc2ccc(-c3cn[nH]c3)cc12,1.792251572
COc1cc(N2CCN(C3CCN(c4cccc5ccc(C)nc45)CC3)CC2)c2ncccc2c1,0.477121255
Cn1cc(S(=O)(=O)N2CCC(CNC(=O)c3ccc(Cl)cc3Cl)(CC3CC3)CC2)nn1,1.267088518
CC1=NN(C(=O)C2=C1SC3=CC=CC=C32)CC(=O)NCCC4=CC=CC=C4,0.833784375
Cc1ccc(C(C)C)c(OCC(=O)NC2=NCC(=O)N2c2ccccc2)c1,0.654701031
Cn1cc(/C=C/C(=O)NS(=O)(=O)c2cc(F)c(F)cc2F)c2c(Oc3ccc4ccccc4c3)cccc21,2.353614997
CN1C(=C(C=N1)Cl)C2=C(SC(=C2)C(=O)N[C@@H](CC3=CC(=C(C=C3)F)F)CN)Cl,2.038381691
N#Cc1cnc(C(=O)Nc2ccc(CCN3CCOCC3)cc2C2=CCCCC2)[nH]1,0.950667899
Cc1ccncc1-c1cccc2c1ncn2-c1cnccn1,2.535415889
Cc1c(Cl)cccc1Oc1cccn2c([C@]34CCC(C[C@H]3O)C4(C)C)nnc12,0.698970004
C/C(=N/NC(=O)C1=CC=NC=C1)/C(=O)O,2.079181246
CCCCN1C(=O)[C@@H]([C@H](O)C2CCCCCC2)NC(=O)C12CCN(Cc1ccc(Oc3ccc(C(=O)O)cc3)cc1)CC2.Cl,0.983971893
CC(C)c1cc(N2CC[C@@H](N)C2)nc(N)n1,2.079181246
CCOc1nc(NC(=O)C2(NC(=O)c3ccc4c(C5CCCC5)c(-c5ncc(Cl)cn5)n(C)c4c3)CCC2)ncc1/C=C/C(=O)O,2.378361557
Cn1nc(CNC(=O)c2cccn(C)c2=O)c2c1CCCC2,1.644474232
C[C@@H](CNC1=NC=CC(=N1)C2=CN(N=C2C3=C(C(=CC(=C3)Cl)NS(=O)(=O)C)F)C(C)C)NC(=O)OC,1.536053155
COc1cc(=O)n2c(c1C(=O)N1CCN(c3ccc(C)cc3)CC1)CCCC2,3.315766141
Clc1ccccc1/C=C/c1nc(-c2ccccn2)no1,1.452944364
CC(C)Oc1ccc(NC(=O)[C@@H]2C[C@@H]3CC[C@@H]2N(S(=O)(=O)C(C)C)C3)cc1,1.285001889
CN(C)CCOc1cc(-c2cn[nH]c2)c(F)cc1NC(=O)[C@H]1Cc2ccccc2CN1C,1.204174266
CCCn1ccc2cc(-c3ccc(N4CCOCC4)nc3)cc(Cl)c2c1=O,1.482268433
O=C(/C=C/c1ccc2c(c1)CN(CCc1cnn3ccccc13)C2)NO,2.049295568
C/C(NN1CCCCCC1)=C1\C(=O)N(C2CCCCC2)C(=O)N=C1O,0.865586792
CCCCCN(C(=O)Nc1ccc(N(C)C)cc1)C1Cc2ccc(SC(C)(C)C(=O)O)cc2C1,1.973220247
O=C(c1ccc(C[C@@H]2CC[C@H]([C@H](O)c3ccccc3)N2)cc1)N1CCC2(CCOC2=O)CC1,1.69134751
CC(C)C1c2c[nH]nc2-c2ccccc2N1S(=O)(=O)c1ccc(Cl)cc1,0.654701031
CS(=O)(=O)c1ccc(C(=O)NCCC(c2ccc(F)cc2)c2ccc(S(C)(=O)=O)cc2)cc1,2.477121255
Fc1ccc(C(c2nnnn2Cc2ccccc2)N2CCC(N3CCCC3)CC2)cc1,1.544043227
CC(CCCC(C)(C)O)Cc1[nH]cnc1-c1ccccc1,2.3104312345
COc1cccc(-c2csc3[nH]cnc(=O)c23)c1,1.192935262
CC1(C)CN(c2ccccc2NC(=O)Nc2ccc(OC(F)(F)F)cc2)c2c(O)cc(F)c(-c3ccc(C(F)(F)F)nc3)c21,1.25461807
Cc1c2cnn(CC(=O)NC3CCCc4ccccc43)c(=O)c2c(C)n1Cc1cccc(Cl)c1,0.6206380755
Cc1cc(Nc2cnccn2)cc(C2CCCN2C(=O)CC2(O)CCCCC2)n1,1.044725445
COc1cc2c(N3CCN(C(=O)Nc4ccc(OC(C)C)cc4)CC3)ncnc2cc1OCCCS(=O)(=O)CCC(C)C,1.491389712
CCOc1ccccc1OCCNCCCCN1C(=O)C2CCCN2C1=O.Cl,2.252804504
N#Cc1c(-c2cc(F)cc(-c3no[n+]([O-])c3C#N)c2)no[n+]1[O-],1.412302484
COc1cc2c(N3CCN(C(=O)Nc4ccc(OC(C)C)cc4)CC3)ncnc2cc1OCCCn1ccnn1,2.602081706
CC(C)CCn1nc(-c2cccs2)c(O)c(C2=NS(=O)(=O)c3cc(CS(C)(=O)=O)ccc3N2)c1=O,1.447189051
COC(=O)c1cc(S(=O)(=O)Nc2cc(Br)ccc2C(=O)N2CCCCC2)oc1C,0.955731027
CN1CCC(COCc2cc(C3CC3)cc(C3CC3)n2)(c2ccc(F)cc2)CC1,1.0
O=C(NCCN1CCOCC1)c1cc(-c2ccc(C3CCCCC3)cc2)cs1,1.568225199
O=c1cnnc(Nc2ccc(Br)cc2)[nH]1,1.720313469
Fc1ccc(-c2nccc3ccc(-c4ccc5[nH]ccc5c4)cc23)cc1,1.487166667
Cn1cnnc1-c1nn(C)c2c1CN(C(=O)c1n[nH]c3c1CCCCCC3)CC2,1.3729880705
CC[C@@H]1C(=O)N(C)c2cnc(-n3ccnc3-c3ccccc3)nc2N1CCC(F)(F)F,0.256761023
CC(C)(C)C(=O)N(CCCCCCN1C[C@H](O)[C@@H](O)[C@H](O)[C@H]1CO)c1ccc(F)cc1F,1.61097289
CNCC#Cc1cccnc1,2.133602771
CC(C)(C)c1cc(NC(=O)[C@@H]2C[C@@H](O)CN2c2ccc(Cl)cc2)on1,1.544043227
CC(=O)N1CC2Cc3[nH]ncc3C(C1)N2S(=O)(=O)c1ccc(Cl)cc1,2.020293558
Cc1c[nH]c2ncnc(-c3ccc(NC(=O)N(CCO)c4ccccc4)cc3)c12,1.939519253
CC1(C)C[C@H](O)[C@@H](n2/c(=N/C#N)[nH]c3ccccc32)c2cccc([N+](=O)[O-])c2O1,2.8690904515
Cc1ccnc(COc2cc(C)nc3onc(C)c23)n1,1.4685060575
Cc1c(Cl)c(C(=O)NN2CCOCC2)nn1C,2.3054065670000004
CC[C@H]1OC(=O)[C@H](C)[C@@H](O[C@H]2C[C@@](C)(OC)[C@@H](O)[C@H](C)O2)[C@H](C)[C@@H](O[C@@H]2O[C@H](C)C[C@H](N(C)C)[C@H]2O)[C@](C)(O)C[C@@H](C)CN(CCNC(=S)NCCCc2ccccc2)[C@H](C)[C@@H](O)[C@]1(C)O,2.079181246
O=S(=O)(c1ccccc1)N(CCCCCCN1C[C@H](O)[C@@H](O)[C@H](O)[C@H]1CO)C1CCCCC1,1.308644046
Cc1nc(N(C)CC(O)CN2CCN(C)CC2)nc(C)c1CC(C)C,2.0782984335
COCCOc1cc2ncnc(N3CCN(C(=O)Nc4ccc(Oc5ccc(Br)cc5)cc4)CC3)c2cc1OCCOC,1.300986564
CCc1nc2cc(Br)c(C(=O)OC)nc2n1CC(=O)c1ccccc1,0.66588451
Nc1noc2cc(OCCCCCOc3ccc4c(N)noc4c3)ccc12,2.683832807
C=C1C[C@H]2C3=CC=C(c4cccnc4)[C@@]3(C)CC[C@@H]2[C@@]2(C)C=CC(=O)C=C12,8.68502e-05
COc1ccc(-c2cc(C(=O)N3CCc4ccccc4C3)n[nH]2)cc1S(=O)(=O)N(C)C,0.962014415
CC(C)CCn1nc(-c2cccs2)c(O)c(C2=NS(=O)(=O)c3cc(S(N)(=O)=O)ccc3N2)c1=O,1.114010162
O=C(CCCSc1ccc(NC(=O)C2CC2)nn1)Nc1cnc2ccccc2c1,3.315766141
CCOC(=O)Cn1c(C(=O)OCC)cc2cc(NS(=O)(=O)c3ccc(OC)c(OC)c3)ccc21,0.445702795
CCCn1ccc2cc(-c3ccc(OC)nc3)cc(Cl)c2c1=O,0.936300043
Cc1ccc(-n2nc(C(C)(C)C)cc2NC(=O)Nc2ccc(OCCN3CCOCC3)c3ccccc23)cc1,2.070484721
Cc1c[nH]c2ncnc(-c3ccc(NC(=O)N(CCO)c4ccc(F)cc4)cc3)c12,1.643432935
CCOCCn1nc(CC)c2nc(N3CCCNCC3)nc(Nc3cc(C)ccn3)c21,1.715368522
C[C@@H]1C[C@H]2[C@@H]3CCC4=CC(=O)C=C[C@]4(C)C3=CC[C@]2(C)[C@@]1(O)C(=O)CO,2.321323554
Cn1cc(S(=O)(=O)N2CCC(CNC(=O)c3ccc(Cl)cc3Cl)(c3ncccc3F)CC2)cn1,1.280737678
COC(=O)Nc1ccc(-c2nc([C@H](CC(=O)N3CCOCC3)NC(=O)/C=C/c3cc(Cl)ccc3-n3cnnn3)[nH]c2Cl)cc1,0.792251572
CC1CCCCN1C(=O)NCCc1nc(-c2cccc(F)c2)cs1,0.363820665
CCCC1=CC(=C(C=C1)OCC(=O)N2CCN(CC2)C(=O)COC3=C(C=C(C=C3)CCC)OC)OC,0.447158031
O=C(N[C@@H]1CC[C@@]2(O)[C@H]3Cc4ccc(O)c5c4[C@@]2(CCN3CC2CC2)[C@H]1O5)c1ccc(Cl)c(Cl)c1.O=C(O)C(=O)O,2.478595351
Cn1cc(/C=C/C(=O)NS(=O)(=O)c2ccc(F)c(F)c2)c2c(Oc3ccc(Cl)cc3Cl)cccc21,1.853025036
CC1(CC(F)(F)F)CN(c2ccccc2NC(=O)Nc2ccc(OC(F)(F)F)cc2)c2c(O)ccc(Cl)c21,1.468424729
CN(C(=O)c1ccc(F)cc1)c1nc(-c2cncnc2)cs1,1.320450123
CCOC(=O)[C@H](CCC1=CC=CC=C1)N[C@H]2CCC3=CC=CC=C3N(C2=O)CC(=O)O,1.268343914
CS(=O)(=O)Nc1ccc2c(c1)S(=O)(=O)N=C(C1=C(O)[C@@H]3[C@@H]4CC[C@@H](C4)[C@@H]3N(Cc3ccc(F)c(F)c3)C1=O)N2,3.135258112
CCCNc1ccc2ncc(-c3ccc4[nH]ncc4c3)n2n1.O=C(O)C(F)(F)F,1.2524902545
CN(C)Cc1ccc(/C=C/c2n[nH]c3cc([C@@H]4C[C@@]45C(=O)N(C)c4ccccc45)ccc23)cc1,1.643432935
COc1c(/C=C/c2ccc(NS(C)(=O)=O)cc2)cc(N2CCC(=O)NC2=O)cc1C(C)(C)C,1.453502084
CCOc1cc(=O)n2c(c1C(=O)NCc1cccc(F)c1)CCCCC2,1.539936418
Cc1ccncc1NC(=O)c1ccnc2[nH]c(N3CCC(c4ccccc4)C3)nc12,1.49063866
COc1cc2c(cc1Nc1ncc(Cl)c(Nc3ccccc3S(=O)(=O)C(C)C)n1)CN(C1CCNCC1)CCC2.Cl,1.3635545415
CO/N=C(\N)c1ccc(-c2cncc(-c3ccc(/C(N)=N\OC)nc3)n2)cn1,1.146065989
N#CCCN[C@H]1CC[C@H](n2nnc3cnc4[nH]ccc4c32)CC1,2.139879086
O=C(N[C@H](Cc1c[nH]c2ccccc12)C(=O)Nc1ccncc1)c1ccc(-c2ccc(OCc3ccc(F)cc3)c(C(F)(F)F)c2)cc1F,1.462368046
O=C(c1ccc(Oc2ccc(F)cc2)cn1)N1CCCN(C2CCC2)CC1,2.607886123
CCCc1nn2c(N)c(C#N)nnc2c1-c1ccc(F)cc1,1.499795068
CCN(CC)C(=O)Cc1c(/C=C/c2ccccc2)[nH]c2ccccc12,0.814000277
O=C1CCC(C(=O)N2CCOC(c3ccsc3)C2)n2cccc21,2.3728073700000003
O=c1c2sc3nc(N4CCOCC4)c4c(c3c2ncn1CCc1ccccc1)CCCC4,1.0045160615
Cc1cc(/C=C/C#N)cc(Cl)c1Nc1ccnc(Nc2ccc(C#N)cc2)n1,1.043046331
COc1ccc2c(c1)C1CC1(C(=O)N1C3CCC1CN(C)C3)Cn1c-2c(C2CCCCC2)c2ccc(C(=O)NS(=O)(=O)N3CCC3)cc21,2.130333768
O=C(/C=C/c1ccc(/C=C(/C(=O)NC2CC2)c2ccc(-c3ccccc3)cc2)cc1)NO,2.174113878
COC(=O)N[C@@H]1CC[C@@H](n2cnc3cnc4[nH]ccc4c32)C1,2.541579244
COc1ccc(-c2cc(C3=Nc4c(C(C)(C)C)nn(CCO)c4C(=O)NC3)ccc2OC)c(OC)c1,1.633488655
CCc1nc2cc(Cl)ccn2c1C(=O)NCc1ccc(N2CC3CCCCC3C2)cc1,1.17312797
N#Cc1csc(NC(=O)CN2C(=O)CCc3ncccc32)c1-c1ncn[nH]1,1.969362375
CCC(=O)N(CC)c1cc2c(NCc3ccc(OC)c(Cl)c3)ncnc2c(CCO)c1OC,1.156515507
CC(C)(C)c1cc(NC(=O)[C@@H]2CCCN2c2ccc(C(F)(F)F)cn2)no1,2.079181246
CC(CNCCC12CC3CC(CC(C3)C1)C2)Nc1ccnc2cc(Cl)ccc12,1.755874856
CCc1cc(Nc2nc(Cl)ncc2OC)n[nH]1,1.3383614835
O=C(CCc1cnnn1-c1ccccc1Cl)c1ccccc1,0.841443718
CC1CCC(NS(=O)(=O)CC(=O)N2CCOCC2(C)C)CC1,3.315766141
CC(C)(O)CC[C@@H](O)[C@](C)(O)C1CC[C@@]2(O)C3=CC(=O)C4C[C@@H](O)[C@@H](O)C[C@]4(C)C3CC[C@]12C,1.8878026445
CNS(C)(=O)=Nc1ccc(C(F)(F)F)cc1,2.114010162
COc1ccc(-c2ccc(CNCCNc3ccnc4cc(Cl)ccc34)s2)cc1,1.176091259
COc1ccc(C(CC(N)=O)c2c(Cc3ccc4c(c3)CCO4)[nH][nH]c2=O)cc1OC,1.2740379759999998
CC(C)(C)NC(=O)NCCS(=O)(=O)NC(=O)c1ccc(Nc2nc(NC3(c4ccc(Cl)cc4)CC3)nc(OCC(F)(F)F)n2)cc1,2.229931241
NCc1c(-c2ccccc2Cl)ccc2ncn(Cc3ccccc3)c12,0.9029814
O=[N+]([O-])c1cn2c(n1)OC[C@@H](OCc1cccc(-c3ccc(OC(F)(F)F)cc3)n1)C2,1.859033917
CC(=O)n1cc(Nc2ccc(I)cc2F)c(C(=O)O)c1,1.462368046
NCc1nnc(-c2cc(S(N)(=O)=O)c(SCc3ccccc3)cc2Cl)o1,1.198602109
C1=C(N=C(S1)N=C(N)N)CSCC/C(=N/S(=O)(=O)N)/N,2.079181246
CC[C@H]1C[C@@H](C(=O)NCc2cccc(C)n2)CN(Cc2nc(-c3ccccc3)oc2C)C1,0.887054378
CCC1(S(=O)(=O)NC(=O)c2ccc3c(C4CCCCC4)c4n(c3c2)C[C@@]2(C(=O)N3C5CCC3CN(C)C5)C[C@H]2c2cc(F)ccc2-4)CC1,2.079181246
Cc1cc(F)c(S(N)(=O)=O)c(NCCCOC(C)C)c1,1.0623044684999998
COC(=O)C(C)(C)C(c1ccc(Nc2ccc3ccccc3c2)cc1)n1cncn1,2.314709693
O=C(/C=C/c1ccc(/C=C(/CNC2CC2)c2ccccc2)cc1)NO,1.5024178
Nc1ccc(C(=O)NCCC(c2ccccc2)c2ccccc2)cn1,1.51851394
Nc1ncnc2c1nc(Sc1cc3c(cc1Cl)OCO3)n2CCC1CCN(C=O)CC1,1.374260699
N=C(N)c1ccc(Oc2cc(Oc3ccc(C(=N)N)cc3)cc(C(=O)O[C@H]3CC[C@H](N)CC3)c2)cc1,1.352143532
CCc1nc(N)nc(N)c1-c1ccc2c(c1)N(CCCOC)C(=O)[C@@H](C)O2,1.77815125
O=C(NOCCO)c1cc(/C=N/OCCO)c(F)c(F)c1Nc1ccc(I)cc1F,1.812779707
CC12CCCC(/C=C/C(=O)NS(=O)(=O)c3cc(Cl)c(Cl)s3)=C1N(Cc1cccc(F)c1)C(=O)C2,1.715368522
O=S1(=O)CCC(/C=C/c2nc3cc(-c4ccccc4C(F)(F)F)ccc3[nH]2)CC1,1.866264587
CSc1nc2ccccn2c(=N)c1S(=O)(=O)c1ccc(Cl)c(Cl)c1,0.491389712
O=S(=O)(c1ccc(Cl)cc1)N1C2CSCC1c1cn[nH]c1C2,1.439986773
Nc1n[nH]c2nc(N3CCCC3)c3c(c12)CCN(C1CCCCC1)C3,1.712549334
CN1CCN(Cc2ccc(NC(=O)c3n[nH]cc3Nc3ncnc4[nH]ccc34)cc2)CC1,2.012921546
O=[N+]([O-])c1cn2c(n1)OC[C@@H](OCc1cnn(-c3ccc(OC(F)(F)F)cc3)c1)C2,2.475143873
CCCCC(=O)O[C@@]1([C@H](C[C@@H]2[C@@]1(C[C@@H]([C@]3([C@H]2CCC4=CC(=O)C=C[C@@]43C)F)O)C)C)C(=O)CO,0.638489257
CCCCOc1nc(N)c2c(n1)N(Cc1cccc(CN3CCCC3)c1)CC(=O)N2,1.48427136
c1ccc(Cn2nnnc2C(c2ccc(-c3ccccn3)cc2)N2CCCN(C3CCC3)CC2)cc1,1.204174266
CC(C)c1c(Cl)nc(NCCO)nc1N1CCN(C(=O)CO)CC1,2.7048708130000003
O=C(Nc1ccc2ncn(Cc3ccc(Cl)c(Cl)c3)c(=O)c2c1)OCc1ccccc1,2.52642867
O=S(=O)(Nc1ccc(N2CCOCC2)cc1)c1ccc(-c2nnc(C3CCC3)o2)o1,1.492798715
O=C(NNc1nc2ccccc2s1)c1ccccc1F,1.330825956
CN1C(=O)C=C(N(C1=O)CC2=CC=CC=C2C#N)N3CCCC(C3)N,2.079181246
CCC1=CC(=C(C=C1O)O)C2=NNC(=C2C3=CC4=C(C=C3)OCCO4)C,1.126456113
CC[C@H]1OC(=O)[C@H](C)[C@@H](O[C@H]2C[C@@](C)(OC)[C@@H](O)[C@H](C)O2)[C@H](C)[C@@H](O[C@@H]2O[C@H](C)C[C@H](N(C)C)[C@H]2O)[C@](C)(O)C[C@@H](C)CN(CCCNC(=S)NCCc2ccccc2)[C@H](C)[C@@H](O)[C@]1(C)O,2.079181246
CC(C)(C)c1ccc(CN2[C@@H]3CC[C@@H]2CC(c2cccc(O)c2)C3)cc1,1.5151893445
CC(C)OCCCNCc1ccccc1OCc1ccc(Cl)cc1Cl,1.181208842
Cc1cc(NC(=O)c2cccc(-n3cc(NC(=O)Nc4ccccc4Cl)cn3)c2)cc(C)n1,1.447189051
CCc1cc2c3c([nH]c2cc1S(=O)(=O)Nc1ccc2c(c1)OCCO2)CC(C)(C)CC3=O,0.9734460775
CC(=O)Nc1ccc(S(=O)(=O)Nc2ccccc2C(=O)c2ccccc2)cc1,0.955731027
CC(c1ccncn1)N(C)C(=O)c1ccc(OC2CCN(CCc3ccccc3)CC2)cc1,0.947586593
COC1=C(C=C(C=C1)S(=O)(=O)NC2=C(C(=CC(=C2)Cl)Cl)OC)N3CCNCC3,2.079181246
NCc1ccc(-c2ccccc2)s1,1.924279286
CCCC1=CC(=NO1)C(=O)N(C2CCCCC2)C3CCCCC3,1.150165816
COC(=O)c1ccc2c(=O)n(-c3ccccc3)c(N(Cc3ccco3)C3CCCC3)nc2c1,1.1459517015
COC(=O)c1ccc(Cn2cc(-c3nc(-c4cnccn4)no3)ccc2=O)o1,1.2127409880000002
COc1ccc(-c2c(C3CCCC3)c3ccc(C(=O)NC4(C(=O)Nc5ccc(/C=C/C(=O)O)cc5)CCC4)cc3n2C)cn1,1.977632165
CCNC(=O)Nc1sc2ccc(C)cc2c1C(=O)N1CCN(C2CCN(C(=O)C(C)C)CC2)CC1,0.472035706
N[C@@H]1CC[C@H](NC(=O)CNC(=O)c2cc(C(F)(F)F)ccc2NC(=O)N2CCC2)C[C@@H]1CS(=O)(=O)c1ccccc1,1.288552859
Clc1cccc(CNc2ncnc3c2cnn3CC(Cl)c2ccc(Br)cc2)c1,2.721112157
COCCNS(=O)(=O)c1cc(C(=O)O)cc(-c2cccc(F)c2F)c1,3.315766141
CC(=O)CC[C@H]1C(=O)N[C@@H](C(C)C)C(=O)N[C@@H](Cc2cccc(O)c2)C(=O)N2CCCC(N2)C(=O)O[C@H](/C(C)=C/C=C/C(=O)N(C)C)C/C=C/C=C/[C@H](O)[C@H](C)[C@H]1O,1.681241237
C#Cc1ccc2c(c1)C(c1ccccn1)=NCc1c(-c3cnco3)ncn1-2,2.343385842
Cc1cccc2c(O)c3nc(C)n(-c4ccccc4)c3nc12,1.756279904
O=C(N[C@@H](Cc1c[nH]c2ccccc12)C(=O)Nc1ccncc1)C1CCCCC1,0.579760738
CCCC(=O)OC[C@@H]1[C@@H](OC(=O)CCC)[C@H](OC(=O)CCC)[C@@H](OC(=O)CCC)CN1CCCCCCN(C(=O)NC(C)(C)C)C1CCCCC1,1.1286692385
COc1cc(=O)n(C)cc1C(=O)N1CCc2c(cnc3cc(C)nn23)C1,3.315766141
COC(=O)[C@@H]1CCCN1C(=O)c1ccc(OC(c2ccc(Cl)cc2)c2ccc(Cl)cc2Cl)c(F)c1F,1.709350456
N=C(NS(=O)(=O)c1ccccc1)c1ccccc1,2.0456466850000004
NS(=O)(=O)c1ccc(Nc2ccc3cc(S(=O)(=O)N4CCCCC4)ccc3n2)cc1,0.7184367845
O=C(Nc1cc2cc[nH]c(=O)c2cc1Cl)[C@H]1CCCN1,1.230397825
CC(=O)NCCOc1c(C)cc(S(N)(=O)=O)cc1C,1.7945584165
COC(=O)[C@H]1[C@@H](O)[C@@]2(O)c3c(OC)cc(C#N)cc3O[C@@]2(c2ccc(OC)cc2)[C@@H]1c1ccccc1,1.505122834
COc1ccc(CN2CCC(C(=O)N3CCN(c4cccc(C)c4C)CC3)CC2)c(OC)c1.O=C(O)C(=O)O,1.1980401105
Cc1csc(-c2noc(Cc3csc(C(C)C)n3)n2)n1,1.4068781495
COc1cccc2c1C(NC[C@]1(c3ccccc3)CC[C@H](Nc3ncccn3)CC1)=NS2(=O)=O,0.391592324
CN1C(=O)C(c2c(-c3ccc(Br)cc3)[nH]c3[nH]c(=O)[nH]c(=O)c23)c2ccccc21,1.4295435635
FC(F)n1c2ccccc2c2cc(CCOc3ncccc3-c3cncnc3)cnc21,1.792004632
CN1c2ccc(-c3cccc([C@H](O)CO)n3)cc2CCc2cc(C(F)(F)F)ccc21,1.945545984
CNS(=O)(=O)c1ccc(OC2CCN(C(=O)NCc3ccc(Cl)cc3Cl)CC2)cc1,1.079181246
CC1=CC(=NN1)NC2=C(C=C(C(=N2)N[C@@H](C)C3=CC=C(C=C3)F)C#N)F,2.079181246
CN(C)S(=O)(=O)c1cc2c(cc1NC1CCCC1)Oc1ccccc1NC2=O,3.315766141
NC(C(=O)N1CCC(Nc2ccc3[nH]ncc3c2)CC1)c1ccc(Br)cc1,1.033423755
O=C(NCc1ccccc1)NCc1ccc2[nH]c(=O)c(-c3nccs3)c(CCc3ccccc3)c2c1,0.810242493
N#C/N=C(\NCc1ccc(S(=O)(=O)Cc2ccccc2)cc1)Nc1ccncc1,1.200896496
COC(=O)c1sccc1N1C(=O)C/C(=C/c2c[nH]c3ncccc23)C1=O,1.322186081
COc1cccc2c(C(=O)N3CCN4CCC[C@@]4(C)C3)cn(CC3CCCCC3)c12.Cl,0.698952632
Cc1cc(C(=O)Nc2cnn(Cc3ccc(Cl)cc3Cl)c2)c2c(C)nn(C)c2n1,1.15786547
CCN(C(=O)Nc1ccc(C(C)C)cc1)C1Cc2ccc(SC(C)(C)C(=O)O)cc2C1,1.079181246
Cc1cc(Nc2nc(Cl)cn([C@H](COC(=O)Nc3cccnc3)C3CC3)c2=O)c(C)nc1OC(F)F,1.306177174
Brc1ccc(-c2c[nH]c(CNc3nncn3-c3ccccc3)n2)cc1,1.4899783224999998
C[C@]12CCNC(=O)C=C1C1(CC1)C[C@@H]1[C@@H]2CC[C@]2(C)C(c3cccnc3)=CC[C@@H]12,8.68502e-05
O=C(CCCN1CCC(O)(c2ccc(Cl)cc2)CC1)c1ccc(F)cc1,1.707570176
O=S(=O)(c1ccc(Cl)cc1)N1C2CNCC1c1cn[nH]c1C2,1.320450123
CCn1/c(=N/c2ccc(OC(F)(F)F)cc2)n(Cc2ccc(C(=O)Nc3nnn[nH]3)cc2)c2cc(Cl)c(Cl)cc21,2.908916118
C[C@]12C[C@@H]([C@H]3[C@H]([C@@H]1CC[C@@]2(C(=O)COC(=O)CC(C)(C)C)O)CCC4=CC(=O)C=C[C@]34C)O,0.328379603
O=C(O[C@H]1C[N+]2(CCOc3ccccc3)CCC1CC2)N(Cc1ccccc1)c1ccccc1.[Br-],1.137784202
CC(=O)N[C@@H](Cc1ccccc1)C(=O)N[C@@H](CCCN)C(=O)N1CCC[C@H]1C(=O)N[C@H](CC1CCCCC1)C(=O)N[C@H](Cc1c[nH]c2ccccc12)C(=O)N[C@H](Cc1ccccc1)C(N)=O,1.586031884
C1=CC(=CC=C1NC(=O)C[C@@H](C(=O)O)N)OC2=CC(=C(C=C2Br)F)F,2.079181246
Clc1ccc2nc(N3CCc4ccccc4C3)sc2c1,1.3991240455
O=S(=O)(c1ccccc1)N(CC(F)(F)F)c1ccc(C(O)(C(F)(F)F)C(F)(F)F)cc1,1.477121255
COc1c(F)c(F)cc2c(=O)c(C(=O)NCCCN3CCCC3=O)cn(C3CC3)c12,1.712217185
CC(Nc1ccc2cc[nH]c2n1)c1cn2ccsc2n1,1.6169833715
CC1=CC(=C(C=C1)OC)NC2=C3CCCC3=NC4=CC=CC=C42,1.476106717
Cc1ccc2c(-c3ccc4c5c(ccnc35)CCO4)c([C@H](OC(C)(C)C)C(=O)O)c(C)nc2c1,2.322219295
Cc1cc(C)nc(N2CCn3c(nnc3C3CCCN3C)C2)n1,2.4127168055
CS(=O)(=O)Nc1ccc2c(c1)S(=O)(=O)N=C(C1=C(O)[C@@H]3[C@H]4CC[C@H](C4)[C@@H]3N(Cc3cccs3)C1=O)N2,2.295268828
CCc1c2nc(-c3cc(S(=O)(=O)N4CCN(C)CC4)cnc3OCCOC)[nH]c(=O)c2nn1CC(C)C,1.447189051
CCCCCOC1CCC(NC(=O)NC23CC4CC(CC(C4)C2)C3)CC1,1.438814197
COc1cc(F)ccc1-c1cccc(Cn2ccc3ccc(NC(=O)CC(C)(C)O)cc32)n1,1.296830995
CC(C)CNc1oc(/C=C/c2cccs2)nc1C#N,0.5667570390000001
CCCS(=O)(=O)c1ccc2[nH]c(-c3ccc(=O)n(-c4ccccc4)c3)nc2c1,2.230990553
COc1cc(=O)n(C)cc1C(=O)N1CCC(n2cc(-c3ccccc3)nn2)C1,2.0505257400000003
CN(C)C1CCN(C(=O)c2ccc(NC(=O)Nc3ccc(-c4nc(O[C@H]5CCOC5)nc(N5CCOCC5)n4)cc3)cc2)CC1,1.255272505
CC(C)(C)c1cc(NC(=O)[C@@H]2CCCCN2C(=O)N2CCS(=O)(=O)CC2)no1,2.079181246
COc1ccc(-c2nc(Cc3ccccc3)sc2C)cc1.Cl,0.7584161805
Cc1cccc(CN(C(=O)[C@H]2CNCC[C@@]23OCc2cc(F)c(F)cc23)C2CC2)c1C,0.654701031
Cc1cc(NCc2cn[nH]c2-c2ccccc2)ccc1Br,1.095617486
CN1C(=O)C(=C(N=C1N2CCCCS2(=O)=O)C(=O)NCC3=CC=C(C=C3)F)O,2.079181246
Cc1ccc(S(=O)(=O)n2c(N)nc3ccccc32)cc1,1.527399254
CCCC(C)N(C)S(=O)(=O)c1ccc(NS(=O)(=O)CC)c(F)c1,1.405060474
Nc1n[nH]c2cc(-c3nc([C@H](Cc4ccccc4)NC(=O)NCc4cc(Cl)ccc4-n4cncn4)[nH]c3Cl)ccc12,8.68502e-05
C=C(C)[C@@H]1CC[C@]2(C(=O)NCc3ccc(N(C)C)cc3)CC[C@]3(C)[C@H](CC[C@@H]4[C@@]5(C)CC[C@H](OC(=O)CC(C)(C)C(=O)O)C(C)(C)[C@@H]5CC[C@]43C)[C@@H]12,1.080669764
COCCNC(=O)Cn1cc(CN2CCN(c3cc(C(=O)Nc4ccc5c(c4)-c4c(c(C(N)=O)nn4-c4ccc(F)cc4)CC5)c(Cl)cn3)CC2)cn1,0.477121255
CC(=O)NCCc1ccc(S(=O)(=O)N(C)C)cc1,3.315766141
c1cc2c(ncc3ncn([C@H]4CC[C@H](NCC5CC5)CC4)c32)[nH]1,2.450249108
OCC1(N2CCN(C3CCc4ccc(OCc5noc(-c6ccc(Cl)cc6)n5)cc43)CC2)CCCC1,0.954242509
O=C(N[C@H](Cc1c[nH]c2ccccc12)C(=O)Nc1ccncc1)c1ccc(-c2cccc(C(F)(F)F)c2)cc1F,1.51851394
Cc1ccc2oc(N3CCN4CCC3CC4)nc2n1,2.079181246
O=c1c2ccccc2nc(-c2ccco2)n1-c1cccc2ccccc12,2.3504545180000003
NC(=O)c1cn(-c2ccc3c(c2)CCC3)c2nc(Nc3ccc(CN4CCOCC4)cc3)ncc2c1=O,0.273930998
CN1CCN(CCNc2nc(Nc3ccc(Cl)c(F)c3)nc3ccccc23)CC1.Cl.Cl,1.886377907
CN(c1ccccc1Cl)S(=O)(=O)c1ccc(NC(=O)c2ccncn2)cc1,1.052082248
COc1cc2c(Nc3c(F)ccc(O)c3C)ncnc2cc1OCCN1CCCC1C(F)(F)F,0.672079377
O=c1[nH]ccc2c(Cc3nnc4ccc(-c5cccc6c5oc5ccccc56)nn34)cccc12,1.4000577785
Nc1nc(-c2ccc(F)c3c(C(=O)C(=O)N4CCN(C(=O)c5ccccc5)CC4)c[nH]c23)no1,1.230397825
O=C(Nc1ccc(Nc2ccc(-n3cccn3)nn2)cc1)c1cccc(Cl)c1,1.494196776
Cn1c(C(N)=O)cc2cc(NC(=O)C(C)(C)NC(=O)c3ccc4c(C5CCCCC5)c(-c5ccccn5)n(C)c4c3)ccc21,1.322219295
CC(C)n1c(=O)ccc2cnc(N[C@H]3CC[C@H](O)CC3)nc21,2.079181246
CCNC(=O)Nc1sc2ccccc2c1C(=O)N1CCN(C2CCN(C(=O)OC(C)C)CC2)CC1,0.472035706
Clc1ccccc1Sc1c(C2CC2)n[nH]c1C1CC1,1.144244055
O=C(Nc1ccc(Cc2nnn[nH]2)cc1)C1CCN(c2ccc(Cl)cn2)CC1,2.4795886190000003
CN(C)CCCC(C#N)c1cccc2ccccc12,3.315766141
Cc1nc(C2CCN(C(=O)[C@@H]3C[C@@](C)(N)C[C@H]3c3ccc(F)cc3F)CC2)n(-c2cc(Cl)ccc2Cl)n1,1.945545984
COc1ccc(C2=Nc3c(C(C)(C)C)nn(CCO)c3C(=O)NC2)cc1-c1cnc(N(C)C)cc1C,1.869114327
CC(C)(C)C(=O)Nc1ccc2ccn(Cc3cccc(-c4cccc5c4OCO5)c3)c2c1,1.801405965
CCCOc1cncc(C2=CC[C@H]3[C@@H]4CCN5CCCCC[C@]5(C)[C@H]4CC[C@]23C)c1,1.00008685
Cc1ccc(F)c(N2CCC(NS(=O)(=O)c3cnc4c(c3)c(C)nn4C)CC2)c1,0.7176118185
COc1cccc2c(C(=O)N3C[C@H]4CCCN4C[C@H]3CC(C)C)cn(CC3CCCCC3)c12,0.698952632
O=S(=O)(c1ccccc1)c1ccc(CCc2ccc(F)cc2F)cc1,1.775486331
C[C@]12CCC(=O)C=C1C=C[C@@H]1[C@@H]2CC[C@]2(C)C(c3cncc(F)c3)=CC[C@@H]12,8.68502e-05
CCN(CC)C(=O)C(c1ccccc1)C1CCN(c2ccc(NC(=O)Nc3c(C)noc3C)cc2F)CC1,0.393697927
CCc1ncnc(Nc2cnn(Cc3nnc4n3CCCC4)c2)c1F,2.5718401665
Cc1ccc(C(C)C)c(OCCNC(=O)CCCCNS(=O)(=O)c2ccccc2)c1,0.5363442915000001
Cc1ccccc1CN(C1CCOCC1)[C@H]1CCNC1,2.079181246
CNCc1cnc(C)cc1Oc1ccccc1Oc1ccccc1,2.079181246
C[C@H](c1ccc(F)cc1)N1C(=O)O[C@](Cc2ccccc2)(c2nc3c(NS(C)(=O)=O)cccc3[nH]2)C1=O,1.427789154
CC(=O)c1ccc(N2CCC(CC(=O)Nc3nc4cc(Cl)ccc4o3)CC2)cc1,1.415667609
COc1ccc2nc(NC(=O)C(CC3CCCC3)c3ccc(S(=O)(=O)N4CCNCC4)cc3)sc2n1.Cl,0.176091259
CN1CCC(C(=O)OC2CC(C)(C)Oc3ccc(Br)cc32)CC1=O,1.058920167
CN1CCc2nc(C(=O)N[C@@H]3CC[C@H](C(=O)N(C)C)C[C@@H]3NC(=O)c3cc4cc(Cl)ccc4[nH]3)sc2C1,0.319496119
CCN(CC)C(=O)c1ccc(C2=CC3(CCNCC3)Oc3ccccc32)c(O)c1,2.565357839
C[C@]12CCC(=O)C(O)=C1C=C[C@@H]1[C@@H]2CC[C@]2(C)C(c3cccnc3)=CC[C@@H]12,8.68502e-05
Cc1ccc(NC(=O)C(Cc2cccc(C)c2)c2nnn[nH]2)cc1,1.657806515
CC(C(=O)O)n1ccc2c(cnc3ncnn32)c1=O,1.869930813
COc1cccc2c(C(=O)N3C[C@]4(C)CSCN4C[C@@H]3C)cn(CC3CCCCC3)c12.Cl,0.698952632
CCCC(=O)N1CCC(CCn2c(Sc3cc4c(cc3Br)OCO4)nc3c(N)ncnc32)CC1,0.381699759
CC(C)(C)n1c(=O)n(Cc2nc3ccccc3n2CCCC#N)c2cnccc21,0.602081706
CN/C(=C\[N+](=O)[O-])/NCCSCC1=CSC(=N1)CN(C)C,2.079181246
O=C(Nc1ccc(/N=C(\S)Nc2cc(C(F)(F)F)cc(C(F)(F)F)c2)cc1)c1csnn1,2.041313715
CCCn1nc(C)c(-c2cncn2Cc2cccc(OC(C)C)c2)c1C.Cl,0.8308480025
CCN[C@@H](CC(C)(C)C)C(=O)N[C@H]1CC[C@@H]2CN(S(=O)(=O)c3ccc(C(F)(F)F)cc3)C[C@@H]21,1.148151927
O=C(O)CCc1cc(F)c(OCc2c(-c3ccccc3)noc2C(F)(F)F)c(F)c1,2.187638369
CC1Cc2ccccc2N1S(=O)(=O)c1ccc2c(c1)c(=O)n(CC(=O)N1CCCC1)c(=O)n2C,1.0860391375
Cc1cc(C(=O)Nc2nnc3n2CCCC3)n(C)n1,2.628290199
N#CC1(n2cc([C@@H](NC(=O)C3CCCC3)C3CCCCC3)nn2)CC1,1.300986564
CCCn1ccc2cc(-c3ccc(OCc4ccc(C(F)(F)F)nc4)cc3)cc(Cl)c2c1=O,1.24033393
COc1ccc2nc(NC(=O)C(CC3CCCC3)c3ccc(S(=O)(=O)N(C)Cc4nccn4C)cc3)sc2n1,0.176091259
COc1cc(Cn2c(-c3nnc(C)o3)cc3ccccc32)cc(OC)c1,1.2808041060000002
COc1ccc(-c2cc(-c3ccc4ncccc4c3)cnc2N)cn1,2.257726561
COc1cc(=O)[nH]cc1C(=O)N1CCC[C@H](CN2CCOCC2)C1,2.12617717
O=C(CO)Nc1ccc2ncn(Cc3ccc(Cl)c(C(F)(F)F)c3)c(=O)c2c1,1.922687859
O=C(NS(=O)(=O)CCN1CCCC1)c1ccc(Nc2nc(NC3(c4ccc(Cl)cc4)CC3)nc(OCC(F)(F)F)n2)cc1,2.229931241
CCC(C)(C)C(=O)NC(CO)c1ccccc1,2.300986564
CC1Oc2ccc(NCc3ccc(Cl)c(Cl)c3)cc2N(CCNC(=O)CO)C1=O,0.741344975
Cc1nc(N2CCN(C)CC2)c2nc(-c3ccccc3Cl)n(CCN3CCCC3=O)c2n1.Cl,1.008269539
C[C@]12C[C@@H]([C@]3(C(C1C[C@H]([C@@]2(C(=O)CO)O)O)CCC4=CC(=O)C=C[C@@]43C)F)O,2.079181246
Cc1ccc(-c2nc(C)c([C@H](OC(C)(C)C)C(=O)O)c(-c3ccc4c(c3)CCCO4)c2C)cc1,1.633488655
CC(=O)Nc1ccc(N2N=C(c3ccc(O)cc3)C(C)CC2=O)cc1,1.95529930075
C1=CC(=C(C=C1C[C@@H](C(=O)O)N)I)OC2=CC(=C(C(=C2)I)O)I,2.079181246
CC(C)(C)C(=O)CS(=O)(=O)c1cnnn1-c1ccccc1,0.810242493
CCOc1nc(NC(=O)C(C)(C)NC(=O)c2ccc3c(C4CCCC4)c(-c4ccc(F)cn4)n(C)c3c2)ccc1/C=C/C(=O)O,1.954242509
O=C(/C=C/c1ccc(C(F)(F)F)cc1)NO,2.840733235
CC(C)c1ccc(CN2CCN(CCO)CC2)cc1,1.6842691775
C1CN(CCC1CN[C@@H]2C[C@H]2C3=CC=CC=C3)CC4=CC=C(C=C4)C(=O)O,2.079181246
C1CC(NC1)C(=O)NC2=CC=C(C=C2)C3=NC(=NC=C3)NC4=CC=C(C=C4)N5CCOCC5,2.079181246
C=C1C(=O)O[C@H]2[C@H]1CC/C(C(F)(F)F)=C\CC[C@@]1(C)O[C@@H]21,1.932575223
CNCC[C@H](Oc1cccc2ccccc12)c1cccs1,2.079181246
CCN1Cc2ccccc2C[C@@H]1C(=O)Nc1cc(F)c(-c2cn[nH]c2)cc1OCCN(C)C,8.68502e-05
COc1ccc(F)c(-c2nc(COc3ccc(-n4cncn4)cc3)c(C)o2)c1,1.5544731815
Cc1cc(NCc2ccc(F)cn2)n2nc(C)c(-c3ccccc3)c2n1,1.254102304
Cn1c(=O)cc(Nc2ccc(I)cc2F)c2c(=O)n(CCO)cnc21,1.568225199
Cc1cccc(CN(C2CCOCC2)[C@H]2CCNC2)c1C,2.079181246
Cc1c(CC(=O)O)c2ccccc2n1C(=O)c1ccc(N2CCOCC2)nc1,1.3830077125
Cc1cccc(NC(=N)/N=c2\nc(O)c(Cc3ccccc3)c(C)[nH]2)c1,1.2485146724999998
CN(C)CCCNC(=O)c1cn2cc(-c3cnc(N)nc3)nc(N3CCOCC3)c2n1,2.4060225
O=C(N[C@@H](Cc1ccc(F)c(Br)c1)C(=O)O)c1cc(Cl)c(Cl)cc1NS(=O)(=O)c1cccc2nsnc12,1.578474301
C[C@@H]1C[C@H]2[C@@H]3CCC4=CC(=O)C=C[C@]4(C)C3(F)[C@@H](O)C[C@]2(C)[C@@]1(O)C(=O)CO,1.867802954
CN(C)CCOC(=O)C(C1=CC=CC=C1)(C2=CC=CC=C2)OCC#C.Cl,1.640680153
COc1ccc2c(O[C@@H]3C[C@H]4C(=O)N[C@]5(C(=O)O)C[C@H]5/C=C\CCCCC[C@H](NC(=O)OC5CCCC5)C(=O)N4C3)cc(-c3csc(NC(C)C)n3)nc2c1,0.91818092
COc1cncc(C2=CC=C3[C@@H]4CCC5=CC(=O)N(C)CC[C@]5(C)[C@H]4CC[C@]23C)c1,8.68502e-05
Cn1nc(C(=O)NCCn2ccc(-c3ccsc3)n2)ccc1=O,1.7258391625
COc1ccc2c(c1)OC1c3ccc(O)cc3OCC21,1.801112101
CC(C)(C)C(=O)N(CCCCCCN1C[C@H](O)[C@@H](O)[C@H](O)[C@H]1CO)C1CCCCC1,1.675466358
COc1cc(N2CCN(C(C)=O)CC2)ccc1Nc1ncc(Cl)c(Nc2ccc(N3CCN(S(C)(=O)=O)CC3)cc2OC)n1.O=C(O)C(F)(F)F,0.256761023
CC[C@@H]1C[C@@H](C(=O)NC[C@@H]2CCCO2)CN(Cc2nc(N3CCOCC3)oc2C)C1,0.872272846
CN(CCOC(=O)c1ccc(C(C)(C)C)cc1)C1=NS(=O)(=O)c2ccccc21,0.654701031
CN1C2=C(C=C(C=C2)Cl)C(=NC(C1=O)CC3=CC4=CC=CC=C4C=C3)C5=CC=C(C=C5)O,2.079181246
CCN(CC)Cc1ccc(CCn2ccc(OCc3ccc(F)cc3)cc2=O)cc1,1.528234791
CCC1C(=O)N(C)c2cnc(-n3ccnc3-c3ccc(F)cc3)nc2N1c1ccc(C#N)cc1,1.653271408
C[C@@H]1CN(c2ccc(F)cc2C(F)(F)F)CCN1S(=O)(=O)c1ccc([C@](O)(C(N)=O)C(F)(F)F)cc1,1.431363764
CCCNC(=O)C1CCN(C(=O)c2cc3[nH]cnc3n2Cc2ccc(OC)cc2)CC1,1.881954971
CC(C)(O)c1ccccc1-c1ccc2[nH]c(CCc3ccc(C(F)(F)F)cc3)nc2c1,0.938546355
NC(=O)c1nn(-c2ccc(F)cc2)c2c1CCc1ccc(NC(=O)c3cc(N4CCN(Cc5cnn(CCCO)c5)CC4)ncc3Cl)cc1-2,0.954242509
COc1ccc(CN2C(=O)c3cccc(N4CCN(Cc5ccccc5)CC4)c3C2=O)cc1OC,0.477121255
O=C1CN(Cc2ccc(-c3ccc(F)c(CN4CCCCC4)n3)cc2)C(=O)N1C1CC1,1.939519253
CC(Nc1oc(/C=C/c2cccs2)nc1C#N)c1ccccc1,0.7485527384999999
Fc1cnc(NC2CCN(C3CCOC3)CC2)nc1,3.2076198645
C/C=C/Cn1c(C(=O)c2cc(C)cc(C)c2)c(CC)c(=O)[nH]c1=O,1.2165134480000002
CCC(C)(C)Nc1[nH]c2c(Cl)cc(C)cc2c(=O)c1C(C)=O,1.4544637695
Cc1ccc2c(c1C)NC(=O)CC2c1ccc(O)cc1,1.7809657725
CN1C(=O)[C@@H](NC(=O)[C@H](CCC(F)(F)F)[C@@H](C(N)=O)c2ccc(F)cc2)N=C(c2ccccc2)c2ccccc21,2.130764868
CCOC(=O)C1CCN(C(=O)CCc2ccc(C(C)(C)C)cc2)CC1,0.8576354070000001
O=C(N[C@H]1C2C=CC(C2)[C@H]1C(O)(c1ccccc1)c1ccccc1)OCc1ccccc1,1.3451655215
N#Cc1cccc(OC2CCN(C(=O)NCc3ccc(Cl)cc3Cl)CC2)c1,1.672079377
C[C@](O)(c1ccc(C(=O)N(C2CC2)[C@H]2CC[C@](CCC#N)(c3ccccc3)CC2)cc1)C(F)(F)F,2.295268828
C1CCC(C(CC2CCCCN2)C2CCC2)CC1,2.300986564
Cn1nnnc1NC(=O)c1ccc(C(F)(F)F)nc1N1CCC(C#N)(c2ccccc2)CC1,1.4485942025
CN1CCN(C(=O)Cc2ccc(Br)cc2)CC1,2.441547082
c1ccc2c(c1)CN[C@@H](CN(Cc1ccc(CNCc3ccncc3)cc1)[C@H]1CCCc3cccnc31)C2,0.165896986
O=C(NCCCc1ccccc1)c1cccnc1,2.021189299
CCNC1(CN(C1)C2=NC(=NC3=C(C(=NN32)C4=CC=CC=C4Cl)C5=CC=C(C=C5)Cl)C)C(=O)N,1.311541958
CN1CCN(c2cc3c(cc2F)c(=O)c(-c2nnc(Cc4ccc(F)cc4)o2)cn3Cc2ccc(C(F)(F)F)cc2F)CC1,1.412302484
Fc1ccccc1-c1cc(C(F)(F)F)c2[nH]c(C3=NOC4(CCCCC4)C3)nc2c1,1.306177174
CC[C@H]1OC(=O)[C@H](C)[C@@H](O)[C@H](C)[C@@H](O[C@@H]2O[C@H](C)C[C@H](N(C)C)[C@H]2O)[C@](C)(O)C[C@@H](C)CN(CCNC(=O)Nc2ccc3ccccc3c2)[C@H](C)[C@@H](O)[C@]1(C)O,2.079181246
C[C@@H](CO)Nc1cc2c(cc1S(=O)(=O)Nc1ccc(F)c(Cl)c1)CCC(=O)N2,1.896415976
CC1(C)CON(Cc2cc(-c3ccccc3)sc2Cl)C1=O,1.3150548560000002
Cc1cc(Nc2nc(Cl)cn([C@H](C)C3CC3)c2=O)c(C)nc1N(C)C,0.748148895
CC(c1cccc(C(F)(F)F)c1)c1nc(-n2ccc(NC(=O)c3cscn3)cc2=O)c[nH]1,2.079181246
C/C(=N/c1ccnc2cc(Cl)ccc12)NCCCN1CCOCC1,1.397974751
C=C(C)[C@@H]1CC[C@]2(C(=O)NCCc3ccccn3)CC[C@]3(C)[C@H](CC[C@@H]4[C@@]5(C)CC=C(c6ccc(C(=O)O)cc6)C(C)(C)[C@@H]5CC[C@]43C)[C@@H]12,1.633488655
[2H]C([2H])([2H])Oc1ccc(-c2cc3c(C(=O)NC)c(-c4ccc(F)cc4)oc3nc2CCC(F)(F)F)cc1C(=O)NC(c1ncon1)(C([2H])([2H])[2H])C([2H])([2H])[2H],1.556302501
COc1ccc(-c2cc(-c3ccc(-c4nnc(C)o4)cc3)cnc2N)cn1,1.36169007
CC1=CN=CN1CCC2=NN3C(=N2)C4=CC=CC=C4N=C3SCC(=O)NC5=CC(=CC=C5)Cl,1.063333359
CC(C)(C)c1cc(NC(=O)[C@@H]2CCCN2C2CCCCC2)no1,0.602081706
CC1(C)NC(=S)N(c2ccc(C#N)c(C(F)(F)F)c2)C1=O,0.256761023
CN(C)CCCNC(=O)c1c(OCC2CC2)cc(=O)n2c1CCCCC2,2.8207670075
COc1cc2c(cc1O)CC[C@@H]1[C@@H]2CC[C@]2(C)[C@@H](O)CC[C@@H]12,1.250417492333333
C1CCC(C(CC2CCCCN2)C2CCOCC2)CC1,1.924279286
CCS(=O)(=O)c1ccc2c(c1)nc(C(C)(C)C)n2CC1CCOCC1,-0.044268973
COC(=O)Nc1ccc2c(c1)NC(=O)[C@H](C)CCC[C@H](NC(=O)c1c(F)cc(C)cc1F)c1nc-2c(Cl)[nH]1,0.9029814
CC1=C(C=CC(=C1)OP(=S)(OC)OC)SC,0.64738297
CCc1nc(N)nc(N)c1-c1ccc2c(c1)N(CCNC(C)=O)C(=O)C(C)(c1cccc(C(F)(F)F)c1)O2,0.477121255
CCCc1cnc(N2CCC(C3Cc4cc(C5=CCN(S(=O)(=O)CCCCO)CC5)cc(F)c4O3)CC2)nc1,1.34291389
CC(=O)Nc1ccc(C(=O)N(Cc2cccnc2)C2(C(=O)NCc3ccccc3)CCN(C(C)=O)CC2)cc1,1.8576477265
CC(C)N(C(=O)COC(=C(c1ccccc1)S(=O)(=O)c1ccccc1)c1ccccc1)c1ccccc1,1.6217956215
COc1cccc2c(C(=O)N3C[C@@H]4CCCN4C[C@@H]3C)cn(CC3CCCCC3)c12,0.698952632
FC(F)(F)c1ccccc1CN(C1CCOCC1)[C@H]1CCNC1,2.079181246
C=CCc1c(C)nc2c(-c3ccccc3)cnn2c1NCCCn1ccnc1,1.774797478
COc1ccc(NC(=O)N2Cc3c(sc4c3CCCC4)-n3cccc3C2c2cccs2)c(OC)c1,0.530491799
CNCC1(c2ccc(Cl)c(Cl)c2)CCCCC1,2.397974751
COc1ccc(-c2cnc(N)c(-c3ccc(OC)nc3)c2)cn1,1.939519253
CC(=O)Nc1cccc(C2(C)C(=O)N(C)C(=O)N(C)C2=O)c1,3.315766141
CC(C)C[C@@H](C(=O)N[C@@H]1CC[C@H]2CN(S(=O)(=O)c3cccc(C(F)(F)F)c3)C[C@H]21)N(C)C,0.478609772
O=C(N[C@@H](Cc1c[nH]c2ccccc12)C(=O)Nc1ccncc1)c1ccc(N2CCOCC2)cc1F,1.114010162
O=S1(=Nc2ccncc2)CCCCC1,2.114010162
CCS(=O)(=O)c1ccc(-c2cnc(N)c(-c3ccc(C(F)(F)F)nc3)n2)cc1,2.336499759
COC(C)(C)CC1n2cncc2CN([C@@H](C)c2ccc(Cl)cc2)S1(=O)=O,1.079181246
CCOc1nc(Nc2nc(-c3ccccc3)cs2)nc(OCC)n1,1.957051864
C[C@H](c1ccc(F)cc1)N1C(=O)O[C@](Cc2ccccc2)(c2nc3cc(-c4cccnc4)ccc3[nH]2)C1=O,2.52642867
Cc1cccc(NC(=O)c2nn(C)c(-c3ccncc3)c2C)n1,1.62324929
CC(=O)N1CCCC1c1cc2[nH]c(-c3ccccn3)nc2cc1Oc1ccc(C#N)cc1,1.452268895
C[C@@H]1CN(C(=O)c2ccccc2)[C@H](C)CN1C(=O)C(=O)c1c[nH]c2cccc(F)c12,1.402383042
Cc1nc2cc(NC(=O)c3cccc4cn[nH]c34)ccc2o1,1.229190929
c1ccc2c(c1)CN[C@@H](CN(Cc1ccc(CNCC3CCOCC3)cc1)[C@H]1CCCc3cccnc31)C2,0.283532265
O=C(NC1Cc2ccccc2C1)NC1CCCn2ncnc21,2.1844060195
Fc1ccccc1-c1nc(COc2ccc3c(c2)C(N2CCN(C4CCCC4)CC2)CC3)no1,1.079181246
CCCCCC[C@@](O)(c1ccccc1)[C@H]1CC[C@H]2[C@@H]3C[C@H](O)[C@H]4C[C@@H](O)CC[C@]4(C)[C@H]3CC[C@@]21C,2.049528262
Cc1cc(COc2ccc(S(=O)(=O)N3CCN(C)C(C(=O)NO)C3)cc2)c2c(n1)CCCC2,1.66833238
CC(C)c1nc(OCCCN(C)C)c(C#N)c2c1CCCC2,1.4817777360000002
Cc1nc(NC(C)Cc2ccccc2)c2sc3nc4c(cc3c2n1)COC(C)(C)C4,2.0240907895
CC(C)CCn1nc(-c2cccs2)c(O)c(C2=NS(=O)(=O)c3cc(OC(C)C(N)=O)ccc3N2)c1=O,1.114010162
CNc1nc(Nc2cccc(S(C)(=O)=O)c2)c2sc(-c3ccc(C(F)(F)F)cc3)cc2n1,1.731739325
CCCCN(C)C(=O)CSc1nnc2c3cc(-c4cc(C)ccc4C)nn3ccn12,1.8141256055
COc1ccc(-c2cnc(N3CC(N)C(c4ccc(Cl)cc4Cl)C3)nc2)cc1,2.255272505
O=C1c2[nH]ncc2[C@@H](C2CC2)N(S(=O)(=O)c2ccc(C(F)(F)F)nc2)[C@@H]1C1CC1,1.124641826
CC[C@@H](CC(=O)NCC1CCCCC1)n1c(N)nc2cc(Cl)ccc21,0.740378482
Cc1nc2c(c3c(n2CC2CCO2)CCCC3)c(-c2ccc(Cl)cc2)c1[C@H](OC(C)(C)C)C(=O)O,2.0741737725
CN(C)C1CCN(C1)CC2=C(N=C3C=C(C(=CC3=C2)OC)OC)C4=CC(=CC=C4)Cl,2.079181246
CC(C)CC1n2cncc2CN([C@H](C)c2ccc(Cl)cc2)S1(=O)=O,0.698952632
C1=NC(=C2C(=N1)N(C=N2)[C@H]3[C@H]([C@@H]([C@H](O3)CO)O)O)N,2.079181246
O=C(c1c(OCC2CC2)cc(=O)n2c1CCOCC2)N1CCN(c2ncccn2)CC1,3.315766141
C1=COC(=C1)CNC2=NN3C(=NC=C3C4=CC=C(C=C4)O)C=C2,0.975431809
CC1(C)Oc2cc(-c3cccc(C(F)(F)F)c3)ccc2-c2[nH]c(-c3c(F)cccc3Cl)nc21,2.552524742
CCOC(=O)c1cn(Cc2nnc(-c3cc(S(N)(=O)=O)c(SCc4ccccc4)cc3Cl)o2)nn1,0.707570176
Cc1c[nH]c(CN2CCCCC2CCn2cccn2)c(C)c1=O,2.329004555
CC(C)S(=O)(=O)c1ccn([C@@H](CC2CCCC2)C(=O)Nc2ccn(C)n2)c(=O)c1,1.968482949
C[C@@H]1N(S(=O)(=O)c2ccc(C(F)(F)F)nc2)[C@H](C2CC2)c2cn[nH]c2C1(F)F,1.945545984
CC(C)(C)CCn1nc(C(C)(C)C)c(O)c(C2=NS(=O)(=O)c3cc(OCC(N)=O)ccc3N2)c1=O,0.9029814
COc1ccc(Nc2nc(Cl)cn([C@H](C)C3CC3)c2=O)c(OC)n1,0.698970004
CNc1nc(NCCCN(C)C)c2sc(-c3ccc(C(C)=O)cc3)cc2n1,1.322219295
Cn1c(-c2cccnc2)c(C#N)c2ccc(Cl)cc21,2.413333299
CC1=CC(=CC=C1)/C=N/NC2=NC3=CC(=NN3C(=C2)N4CCOCC4)C5=CC=NC=C5,1.364363355
C[C@H]1[C@H]([C@H](C[C@@H](O1)O[C@H]2C[C@@](CC3=C2C(=C4C(=C3O)C(=O)C5=C(C4=O)C(=CC=C5)OC)O)(C(=O)CO)O)N)O[C@@H]6CCCCO6,2.079181246
COc1cc(=O)n(C)cc1C(=O)NCCOc1ccc(F)cc1,3.315766141
NC(=O)c1cncc(OCc2cccc(NC(=O)c3ccc(N4CCOCC4)cc3)c2)c1,1.740378482
CCOC(=O)C(CCC1(Cc2cccs2)C(=O)OC(C)(C)OC1=O)(NC(C)=O)C(=O)OCC,0.8773625875
CC1=C2C[C@H]3[C@@H](CCC4=CC(=O)CC[C@@]43C)[C@@H]2CC[C@@]2(C1)O[C@@H]1C[C@H](C)CN[C@H]1[C@H]2C,1.875061263
CCOC(=O)c1cc(CC)sc1NC(=O)COC,0.52496323
CN(c1ccccc1-c1ccc2cnc(Nc3ccc(C4CCN(CC(N)=O)CC4)cc3)nn12)S(C)(=O)=O,0.698970004
CC1=CC=CC=C1NC(=O)NC2=CC=CS2,1.356981401
CC1=CC[C@H]2C(C)(C)[C@H](O)CC[C@]2(C)[C@H]1COc1ccc2ccc(=O)oc2c1,1.431012825
Cc1nn(-c2cccc(Cl)c2)c(Cl)c1CN1CCn2c(n[nH]c2=O)C1,1.9222003665
COCCOC(=O)Cn1cc(CN2CCN(c3cc(C(=O)Nc4ccc5c(c4)-c4c(c(C(N)=O)nn4-c4ccc(F)cc4)CC5)c(Cl)cn3)CC2)cn1,0.477121255
Cc1oc(-c2ccccc2)nc1CN1CCC[C@@H](C(=O)NCc2cccc(N)n2)C1,1.311796229
CN(C)S(=O)(=O)c1cc(C(=O)NC2CCCCC2)c(Cl)cc1Cl,1.337967675
COn1c(-c2ccc(C(C)(C)C)cc2)cc2cc3cccccc-3c2c1=O,0.9827584
COc1ccc(N=S2(=O)CCCCC2)cc1,2.114010162
COc1ccc(-c2cc(-c3ccc(S(C)(=O)=O)c(F)c3)cnc2N)cn1,2.397974751
O=C(c1ccc(Oc2ccccc2)nc1)N1CCCN(C2CCC2)CC1,3.315766141
O=C(c1cccnc1)N1CCC(NS(=O)(=O)c2cc(S(=O)(=O)c3ccccc3)ccc2C(F)(F)F)CC1,0.77815125
CCc1cc2c3c([nH]c2cc1S(=O)(=O)N(Cc1ccccc1)C(C)C)CCCC3=O,3.315766141
COC1=C(C=CC(=C1)C=O)O,1.987263954
Cc1ccc2oc(=O)c(/C=C(\O)CC(C)C)nc2c1,1.733777322
Cc1nc2[nH]nc(N)c2c(C)c1-c1cnn(CCC(C)C)c1,1.3814812829999998
Cc1cc2cc(NC(=O)c3cc4nccc(-c5cnn(C)c5C)n4n3)cc(Cl)c2o1,1.0957561595
CC(C)N(C(=O)COc1nc(Cl)cc(Cl)n1)c1ccccc1,1.998172392
CN(C)CCOc1cc(-c2cn[nH]c2)c(F)cc1NC(=O)[C@H]1Cc2ccccc2CN1C(=O)CN(C)C,1.146065989
Oc1c(C(Nc2ccccn2)c2ccccc2)ccc2cccnc12,1.471262366
O=C(/C=C/c1cccc2c1N(Cc1ccc(Cl)cc1Cl)C(=O)C2(F)F)NS(=O)(=O)c1cc(F)c(F)cc1F,1.851035107
CC[C@]12CC[C@H]3[C@H]([C@@H]1CC[C@]2(C#C)OC(=O)C)CCC4=C/C(=N/O)/CC[C@H]34,0.7930916
Cl.O=C1C(c2cnc3ccccc3c2)=C(c2cc(F)cc(F)c2)c2ccc(OCCN3CCS(=O)(=O)CC3)cc21,1.4081248105
C1CN(CCC1C(=O)C2=CC=C(C=C2)F)CCN3C(=O)C4=CC=CC=C4NC3=S.Cl,0.953276337
COc1ccc([C@@]23Oc4cc(O[C@H]5COC[C@H](CO)O5)cc(OC)c4[C@]2(O)[C@H](O)[C@H](C(=O)N(C)C)[C@H]3c2ccccc2)cc1,2.255272505
CC(C)CCN1CC2(CCCN(C(=O)c3ccc(=O)n(C)n3)C2)CCC1=O,1.6476475860000002
COC(=O)c1ccc(-c2nc3c(N)nc(S(C)(=O)=O)nc3n2C)cc1,0.8892594095
CN(C)CC(C)(C)COc1ccc(NC(=O)Nc2cccnc2Oc2ccccc2C(C)(C)C)cc1,0.514435617
CN(C)C(C(=O)Nc1cc2cc[nH]c(=O)c2cc1Cl)c1ccccc1,1.176091259
O=C(NC1(c2ccccc2)CC1)c1nn(-c2ccc(F)cc2F)c2c1C[C@H]1C[C@@H]21,1.255272505
CCN(CC)CCNC(=O)c1cccc(-n2cc(NC(=O)Nc3ccccc3Cl)cn2)c1,1.602081706
CN1C[C@H]2CCCC[C@@]2(c2ccc(Cl)c(Cl)c2)C1,2.09684052
Cc1ccc(S(=O)(=O)Nc2nc3ccc(NC(=O)c4cc(-c5cccs5)n[nH]4)cc3s2)cc1,0.507128476
COC(=O)C1(CCCN(C)CCc2ccc(OC)c(OC)c2)CCCc2c1ccc(OC)c2OC,1.040086714
O=C(COc1cccnc1)Nc1ccc(S(=O)(=O)c2ccccc2)cc1,0.654701031
CC(O)CC(C)(C)CNC(=O)Nc1cc(CC(C)(C)C)nn1C,1.2601283435
CO/N=C/c1c(N)ncnc1N1CCN(C(=O)Nc2ccc(N3CCCCC3)cc2)CC1,3.052929112
C[C@]12CCNC(=O)C=C1CC[C@@H]1[C@@H]2CC[C@]2(C)C(c3cncnc3)=CC[C@@H]12,8.68502e-05
CN(C)S(C)(=O)=Nc1ccc(C(F)(F)F)cc1,1.62324929
O=C1CN(Cc2ccc(-c3cccc(CN4CCCCC4)n3)cc2)C(=O)N1CC(F)F,1.977632165
Cc1cc(C)cc([C@@H](CC(C)C)NC(=O)c2cc(COc3ccccc3)ccc2CCC(=O)O)c1,1.188679369
C=C(C)[C@@H]1CC[C@]2(C(=O)N(C)CCN(C)C)CC[C@]3(C)[C@H](CC[C@@H]4[C@@]5(C)CC=C(c6ccc(C(=O)O)cc6)C(C)(C)[C@@H]5CC[C@]43C)[C@@H]12,2.079181246
CC(C)n1nc(-c2cc(C3CC3)on2)c2c(N)ncnc21,1.114010162
CC(C)N[C@H](C(=O)Nc1cc2cc[nH]c(=O)c2cc1Cl)C1CCCCC1,1.230397825
C[C@@H]1CN(c2ccc(F)cc2C(F)(F)F)CCN1S(=O)(=O)c1ncc([C@](O)(C(N)=O)C(F)(F)F)s1,1.278799314
Cc1cccc(NC(=O)c2nn(C)c(-c3ccc(F)cc3)c2C)n1,1.913919765
CC(C)N1C(=O)C(=O)N=C1/N=C(\NCCCCCCNC(=O)OC(C)(C)C)Nc1ccc(Cl)c(Cl)c1,1.038699623
O=C(Nc1cccc(C(F)(F)F)c1)c1ccccn1,1.489585371
CC(F)(F)c1cccc(CNc2nc3cc(Nc4ccnc5cc(Cl)ccc45)ccc3o2)c1,3.315766141
CC(C)n1cc(S(=O)(=O)N2CC(C(=O)O)c3ccccc32)cn1,1.7590874745
COc1cc(C(N)=O)ccc1-c1cc2c(N[C@H](CO)c3ccccc3)ncnc2s1,2.488522515
Cc1cc(C(=O)O)nc(N2C[C@@H]3CN(c4ccccc4C(F)(F)F)C[C@@H]3C2)n1,1.969362375
CCC(C)(C)C(=O)NCc1ccccc1,2.300986564
CCOc1ccc(Nc2c(-c3cccc(O)c3)nc3ccccn23)cc1,1.4171179024999998
O=C1c2cc(Br)ccc2-n2c1nc1ccncc1c2=O,3.008082491
CCC1(C(=O)Nc2cc(CN3CCOCC3)c(C)cn2)CCCC1,0.991556871
Cn1nc(-c2ccc(OC(F)(F)F)cc2)cc1CO[C@@H]1COc2nc([N+](=O)[O-])cn2C1,2.440509454
COc1nc(Nc2ccc3cn[nH]c3c2)nc(-n2ccnc2)n1,1.027227985
N#Cc1ccc2[nH]cc(S(=O)(=O)c3cc(Cl)cc(Cl)c3)c(=O)c2c1,1.466589942
CON(C)c1nc(OCCNC(=O)OCc2ccc(Cl)cc2C)nc(N(C)C)n1,0.5945931615
Nc1nc(NC2CCOCC2)c2sc(-c3ccc(C(F)(F)F)cc3)cc2n1,3.012537144
C[C@H]1CN2C[C@H](O)CC2CN1Cc1cc2c(cc1Cl)OCO2,1.955386346
COCCOC[C@]12Cc3cnn(-c4ccc(F)cc4)c3C=C1CCN(S(=O)(=O)c1ccc(F)cc1)C2,0.893185909
Fc1ccc(C(c2nnnn2Cc2ccccc2)N2CCN(C3CCC3)CC2)cc1,0.698952632
N#Cc1c[nH]c(C(=O)Nc2ccc(C3CCN(C(=O)c4cccnc4)CC3)cc2C2=CCCCC2)n1,1.077533397
Cc1ccoc1C(=O)N1CCCn2nc(C(=O)Nc3ccccc3F)cc2C1,2.50242712
C=C(C)[C@@H]1CC[C@]2(CO)CC[C@]3(C)[C@H](CC[C@@H]4[C@@]5(C)CC=C(c6ccc(C(=O)O)cc6)C(C)(C)[C@@H]5CC[C@]43C)[C@@H]12,2.079181246
CCS(=O)(=O)c1ccc2[nH]c(OCC(F)(F)c3ccccc3)nc2c1,2.991126918
CCOc1cc(NC(=O)C2(NC(=O)c3ccc4c(C5CCCC5)c(-c5ncc(Cl)cn5)n(C)c4c3)CCC2)ncc1/C=C/C(=O)O,2.161427901
COc1ccc(OCc2nc3c4c(-c5ccccc5)c(-c5ccccc5)n(CCO)c4ncn3n2)cc1,0.6658291635
CN1CCN(C(=O)[C@H](CNC(=O)c2ccc(Cl)s2)NS(=O)(=O)c2cccc(N3CCOCC3=O)c2Cl)CC1,1.625314706
O=C(CC1(c2ccncc2)C2CC3CC1CC(C2)C3O)N1CC(O)C1,1.91975519
CC(=O)Nc1cccc(C(=O)Nc2ccccc2)c1,1.9104237105
CC1C(=O)N(Cc2ccc3ccccc3c2)c2c(/C=C/C(=O)NS(=O)(=O)c3ccc(Cl)c(Cl)c3)cccc21,1.313366815
CCCOCCCOCCCCCNC(=O)NC12CC3CC(CC(C3)C1)C2,1.189507449
O=C(O)c1cc2ccc(Cl)c(Cl)c2[nH]c1=O,1.6543450015
C[C@H]1CN(c2nnc(-c3ccc(C(F)(F)F)cc3)c3ccccc23)CCN1C(=O)c1ccccc1,2.295268828
CC(C)c1ccc(Cc2cc([C@@H]3S[C@H](CO)[C@@H](O)[C@H](O)[C@H]3O)ccc2Cl)cc1,2.4060225
COc1c(C2CC2c2ccc(NS(C)(=O)=O)cc2)cc(N2CCC(=O)NC2=O)cc1C(C)(C)C,1.194740317
C=CCn1c(CN2C(=O)c3cccc4cccc(c34)C2=O)nnc1SCC(=O)OCC,2.5103949315
Cc1cccc(Nc2sc(-c3ccccc3F)cc2C(N)=O)n1,1.278799314
NC(=O)c1cn(Cc2nnc(-c3cc(S(N)(=O)=O)c(SCc4ccccc4)cc3Cl)o2)nn1,1.416640507
Cc1nc(C)c(-c2csc(Nc3ccc(C(=O)N4C5CCC4CN(c4ncc(C(F)(F)F)cn4)C5)cn3)n2)s1,2.590399142
COC[C@@H]1C[C@@H](C(=O)NCC2CCOCC2)CN(Cc2nc(-c3ccccc3)oc2C)C1,0.611744544
O=C(Cc1ccncc1)N1CCc2nc(-c3cc4cc(F)ccc4[nH]c3=O)[nH]c2C1,2.457185446
COc1ccccc1CC(c1ccc(F)cc1)N1CCNCC1,2.079181246
CCN1CCC(NC(=O)c2nc(N3CCN(c4ncccn4)CC3)c3nccn3c2C)CC1,2.079181246
Cn1ccnc1COC(=O)c1cc(C(C)(C)C)n[nH]1,1.065337387
C1=CC=C(C=C1)C(C2=CC=CC=C2)C(=O)C3C(=O)C4=CC=CC=C4C3=O,2.079181246
COc1ccc(OC)c(NC(=O)C2Cn3cccc3C(=O)N2C)c1,1.538449725
OC[C@@H]1[C@@H](O)[C@H](O)[C@@H](O)CN1CCCCCCOc1cccc(F)c1,2.475143873
O=C(NCc1ccc(Cl)cc1Cl)N1CCC(Oc2ccccc2)CC1,1.322219295
Fc1ccc(-n2cc(C3CCCCN3)nn2)cc1Cl,2.0991499045
C1=CC=NC(=C1)CCN2C(C3=C(C2=O)C=CC=C3F)C(=O)NCC4=CC=C(C=C4)OC(F)(F)F,0.820201459
CC(C)N1CCN(c2ccc(NC(=O)c3ccc(-c4ccccn4)cc3)cc2F)CC1,2.348694911
COc1ccccc1N1CCN(/N=C\C(Cl)=C\c2ccccc2)CC1,2.1388610455
CC1CCC(N(C)c2ncnc3[nH]ccc23)CC1,1.431363764
CN1CCc2nc(C(=O)NC3CN(C(=O)CO)CCC3NC(=O)c3cc4cc(Cl)ccc4[nH]3)sc2C1,1.179034466
C[C@H](C1=CC=CC=N1)C2=C(CC3=CC=CC=C32)CCN(C)C.C(=C\C(=O)O)\C(=O)O,2.079181246
Cc1cc2nc(NCCCO)n(CC(=O)c3cc(C(C)(C)C)c(O)c(C(C)(C)C)c3)c2cc1C,1.950164410666667
CC(C)(C)c1cc(NC(=O)N2CCCN(C(=O)N3CCS(=O)(=O)CC3)CC2)no1,2.079181246
COCCN(Cc1cccc(OC)c1)C(=O)Nc1ccc(-c2cn[nH]c2)cc1,1.322219295
O=C(CC1(c2ccc(F)cc2)C2CC3CC(C2)CC1(O)C3)N1CC(O)C1,0.698970004
CC(=O)N(C)C[C@H]1C[C@H](c2ccc(CN3CCCC3)c(Cl)c2)C1,2.079181246
Cn1nc(-c2cccc3c2CCNC3)c2c(Cl)cccc21,1.837321756
CS(=O)(=O)Nc1ccc2c(c1)S(=O)(=O)N=C(C1=C(O)C3C4CCC(C4)C3N(Cc3ccc(F)cc3)C1=O)N2,1.826284802
Cc1ccc(-c2cc(-c3nc4c5ccccc5ncn4n3)[nH]n2)c(C)c1,1.160858034
CSc1cccc(NC(=O)N2Cc3c(sc4c3CCCC4)-n3cccc3C2C)c1,0.924704225
CC(C)(CO)CCCNC(=O)N1CCC2(CC1)OCCO2,3.315766141
CN(C)S(=O)(=O)C1=CC=C(C=C1)S(=O)(=O)N(CC2=CC=CC=C2Cl)CC3=CC=CO3,0.52179165
COCCOc1cc2ncnc(N3CCN(C(=O)Nc4ccc(C#N)cc4)CC3)c2cc1OC,1.9029814
CC(C)CN(CC(C)C)C(=O)Cn1nc(C(C)(C)C)ccc1=O,0.4314744685
N#Cc1cccc(C2(CC(=O)O)C3CC4CC(C3)CC2C4)c1,1.696992623
CC(C)[C@H](N)C(=O)Nc1cc2cc[nH]c(=O)c2cc1Cl,1.949292401
OC1=C2C(=Nc3ncnn3C2c2cn(-c3ccccc3)nc2-c2cccnc2)CCC1,1.7795199094999998
O=C(Cc1ccc(Cl)cc1)Nc1cccc(-c2nc(C(F)(F)F)[nH]c2-c2ccnc(NCCN3CCNC3=O)n2)c1,1.820035145
CC(C)(C)c1nc2cc(S(=O)(=O)c3c(Cl)cccc3Cl)ccc2n1CC1CCOCC1,2.4060225
CCc1nc2cc(Cl)ccn2c1C(=O)NCc1ccc(-c2ccc(C(=O)O)cc2)cc1,2.079181246
Cc1ccc(Nc2cc(C)n3c(=O)[nH]nc3n2)cc1F,1.6459710245
CCn1c(N)c(-c2nc3ccccc3[nH]2)c(=O)c2ccccc21,2.129066092
Cc1nn(CCc2nn[nH]n2)c(C)c1Br,1.255528445
COc1ccc([C@H](O)[C@H]2OCCN(Cc3ccccc3)C2=O)cc1,0.9806338125
COc1cc2c(Nc3ccc(Br)cc3F)ncnc2cc1OCC1CN(C(=O)OC(C)(C)C)CCO1,1.569155929
CCc1cc(-c2ccc(C(F)(F)F)o2)n(-c2ccc3c(c2)nc(-c2cc(C(=O)N4CCCC4)ccc2O)n3Cc2c[nH]c(=O)c(C)c2)n1,1.041313715
O=[N+]([O-])c1cn2c(n1)OC[C@@H](OCc1ccc(-c3ccccc3OCCCO)cc1)C2,1.896644974
CC(C1=CC=C(C=C1)C(=O)NCCC(=O)O)N2C(=CC(=N2)C3=CC(=CC(=C3)Cl)Cl)C4=CC5=C(C=C4)C=C(C=C5)OC,2.079181246
CCCC(C)COCCCCCNC(=O)NC12CC3CC(CC(C3)C1)C2,1.292586867
CCOc1cc(NC(=O)C2(NC(=O)c3ccc4c(C5CCCC5)c(-c5ccccn5)n(C)c4c3)CCC2)ccc1/C=C/C(=O)O,1.80631567
COc1ccc(-c2cc3cc(C)cc(C)c3o2)cc1OC,3.315766141
Cc1cc(Oc2ccc(-n3cncn3)cc2)nc(C)n1,1.937375208
O=[N+]([O-])c1cn2c(n1)OC[C@@H](COc1ccc(OC(F)(F)F)cc1)C2,2.482869696
CC1(C)C(=O)N(c2ccc(C#N)c(C(F)(F)F)c2)C(=S)N1CCCC(=O)O,2.533198121
CC(NCc1csc(Br)c1)c1cc2ccccc2o1.Cl,0.6802242615
CN(C(=O)c1ccc(F)cc1)c1nc(-c2cc(N)ncn2)cs1,1.66833238
CCN1CCC[C@H]1CNC(=O)C2=C(C(=CC(=C2OC)Cl)Cl)O,2.079181246
CCCCSc1nc2cc(OC)ccc2[nH]1,0.924279286
O=C(CCS(=O)(=O)c1ccccc1)N(Cc1cccnc1)c1nc2ccc(Cl)cc2s1,1.5079963875
CCCC1(Cn2ccnc2-c2nccn2C)CCC1,0.502729286
Clc1ccc2c(NCCCNCc3ccccc3)ccnc2c1,1.77815125
Cc1ccc2c(-c3ccc(Cl)cc3)c([C@H](OC(C)(C)C)C(=O)O)c(C)nc2c1,2.36169007
CC(C)(C)NC(=O)N(CCCCCCN1C[C@H](O)[C@@H](O)[C@H](O)[C@H]1CO)C1CCCCC1,2.8098206943333337
Nc1nc(N2CCN(C3CCCCC3)CC2)nc2ccccc12,1.110005528
CC(C)(C)c1cc(NC(=O)N2CCCN(C(=O)C3CCOCC3)CC2)no1,2.079181246
Cc1cc(=O)[nH]c(SCC(=O)c2cc(C)n(CC3CCCO3)c2C)c1C#N,1.1990786464999998
O=C(NCc1cccnc1)Nc1ccc(S(=O)(=O)Nc2ccccc2)cc1,1.969362375
O=C(NCCc1nc(-c2ccccc2)cs1)c1ccccc1F,2.758215442
NC(=O)C1CN(c2cc(=O)n3ccccc3n2)CCN1,2.4431173575000003
CN1C[C@H]2CC(C[C@H]2C1)COC3=C(C=C4C(=C3)N=CN=C4NC5=C(C(=C(C=C5)Cl)Cl)F)OC,1.79190108
COc1cccc(CN(C(=O)Nc2ccc(-c3cn[nH]c3)cc2)C2CC2)c1,1.397974751
CCN(CC(O)COc1ccccc1)C(=O)c1cccc(-c2ccc(O)cc2)c1,1.329036818
CCc1cccc(CC)c1NC(=O)CN(c1cccc(Cl)c1Cl)S(C)(=O)=O,0.7106470625
O=C(c1cc2n(n1)CCN(C(=O)c1cccc3[nH]ccc13)C2)N1CCOCC1,2.4466354005
Cc1cc(C)nc(Nc2n[nH]c(COc3ccccc3)n2)n1,1.900735525
CC1(C)CN(c2ccccc2NC(=O)Nc2ccc(OC(F)(F)F)cc2)c2c(O)cc(F)c(-c3cnc(Cl)cn3)c21,1.423578423
CC(=O)N1CCCC1c1cc2[nH]c(-c3ccccn3)nc2cc1Oc1ccc(-c2ccccc2)cc1,1.515256251
CC(C)(C)NCC(COC1=CC=CC2=C1CCC(=O)N2)O,2.079181246
OC(Cn1c(Cc2ccccc2)nc2ccccc21)Cn1c2ccc(Cl)cc2c2cc(Cl)ccc21,3.315766141
CCc1nc(N)nc(N)c1-c1ccc2c(c1)N(CCCOC)CCO2,1.414939939
O=C(N[C@@H]1CC[C@H]2CN(Cc3cccc(C(F)(F)F)c3)C[C@H]21)C(C1CCCCC1)C1CCCCC1,0.67224464
CCCc1cnc(N2CCC(C3(C)Cc4cc(C5=CCN(S(=O)(=O)CCCCO)CC5)ccc4O3)CC2)nc1,1.238247268
CSc1nc2ccc(Br)cn2c(=N)c1S(=O)(=O)c1ccccc1,0.875061263
CC(=O)COc1cc(N2C(=O)C(C)=C(C)C2=O)c(F)cc1Cl,0.7814838105
COc1ccc(C2=Nc3c(C(C)(C)C)nn(CCO)c3C(=O)NC2)cc1-c1cnc(N(C)C)nc1,1.556302501
CC(C)(C)c1nnc2ccc(NC3CCCc4cn(C5CCCC5)nc43)nn12,1.2412692705
CCN(CC)CCNc1nc(C)cc(COC)c1C(N)=O,1.304462955
CCOC(=O)N1CC2Cc3[nH]ncc3C(C1)N2S(=O)(=O)c1ccc(Cl)cc1,1.879504297
O=C(NCc1ccc(S(=O)(=O)c2ccc(C(F)(F)F)cc2)cc1)c1cc2cnccc2[nH]1,2.020293558
CCOC(=O)C(C)(C)Cc1nc(-c2ccc(OCc3ccc(OC)cc3)cn2)no1,0.6544431655
CCOC(=O)C1CC2Cc3[nH]ncc3C(C1)N2S(=O)(=O)c1ccc(Cl)cc1,0.256761023
COc1cncc(C2=CC[C@H]3[C@@H]4CC=C5C[C@H](NC(=O)C6CC6)CC[C@]5(C)[C@H]4CC[C@]23C)c1,8.68502e-05
COC1=CC2=C(C=C1)C(=O)CCC2,1.245265839
CCc1ccc2c(c1)[nH]c(=O)c1nc(-c3ccccc3Cl)[nH]c12,1.415667609
Cc1cn2cc(-c3ccc(O)c(O)c3O)nc2s1,1.049295568
O=C(C1CCCC1)N1CCc2nc3cc(C4CCCN(C(=O)C5CCCC5)C4)nn3c(O)c2C1,1.4471502545
c1ccc(Cn2c(-c3ccc(Oc4ccccc4)cc3)cn3ncnc23)cc1,1.28539355
c1ccc(-n2ncc3c(Nc4cccc5ccccc45)ncnc32)cc1,1.252634642
Cc1ccc(-c2nc(C)c([C@H](OC(C)(C)C)C(=O)O)c(-c3ccc4c(c3Cl)NCCO4)c2C)cc1C,2.008600172
Cn1nccc1-c1ccnc2nc(Cc3ccc4c(c3)CCC(C)(C)O4)nn12,1.2052242645
O=C(O)c1ccc(CN2[C@@H]3CC[C@H]2C[C@@H](Nc2ccc(Oc4ccc(-c5ncco5)cc4)cc2)C3)cc1,2.321323554
O=c1c(O)c(-c2ccccc2)oc2cc(O)ccc12,0.743514996
O=C1CC(c2ccccc2)=NN1c1nc(-c2ccc(Cl)cc2)cs1,1.8970528355
C[C@@H]1CN(CCO)CCN1c1cc2[nH]c(SC(C)(C)C)nc2cc1Cl,2.174113878
N#Cc1ccc2c(ccc(=O)n2CC(=O)Nc2scc(Br)c2-c2ncn[nH]2)c1,1.748498267
O=S(=O)(c1ccc(C(F)(F)F)nc1)N1[C@@H](C2CC2)c2cn[nH]c2C(F)(F)[C@@H]1C1CC1,1.515256251
CC1=CC=C(C=C1)C2=NC(=NC(=N2)SC)C(Cl)Cl,1.27188608
O=C(N[C@@H](Cc1c[nH]c2ccccc12)C(=O)Nc1ccncc1)c1ccc(-c2ccccc2)cc1F,1.204174266
CC1(C)CCN(c2ccccc2NC(=O)Nc2ccc(OC(F)(F)F)cc2)c2ccccc21,1.01258811
CCN1CCN(CC1)C(=O)C2=CC3=C(C=C2)S(=O)(=O)C4=CC=CC=C4C(=O)N3CC5=C(C=CC(=C5)C)C,0.093421685
COC(=O)CC1C(=O)NCCN1S(=O)(=O)c1ccc(F)c(Cl)c1,1.5999797545
Cc1ccc(N(Cc2ccc(F)cc2)N(C)CC(=O)NC2CCCCC2)cc1,0.39543037
O=c1[nH]nc(-c2ccnc(NC3CCOCC3)c2)n1-c1ccc2ccccc2c1,1.820035145
CC(C)[C@@H](NC(=O)NC[C@H](C)O)C(=O)N1CC[C@](O)(c2ccc(Cl)cc2)C(C)(C)C1,2.512332468
CSc1ccccc1CNc1ncc([N+](=O)[O-])c(NCC2CCC(CN)CC2)n1,1.812779707
COc1cccc(CN2C(=O)CC3(C)CCCC(/C=C/C(=O)NS(=O)(=O)c4cc(Cl)c(Cl)s4)=C23)c1,1.638486293
COC1=CC=CC=C1CN[C@@H]2[C@@H](N3CCC2CC3)C(C4=CC=CC=C4)C5=CC=CC=C5,1.544688022
O=C(NC[C@H]1CC[C@@H](CCOc2ccccc2)CC1)c1ccc(O)nn1,1.300986564
CC(C)CC1n2cncc2CN(Cc2cccs2)S1(=O)=O,0.300986564
O=c1[nH]c2cc(-c3ccccc3)ccc2c2[nH]c(-c3c(Cl)cccc3C(F)(F)F)nc12,2.343385842
O=C(NC1CCOCC1)C1CCN(C(=O)NCc2ccccc2)CC1,2.477121255
O=c1[nH]nc(CNS(=O)(=O)c2cc(Cl)sc2Cl)[nH]1,1.931121905
CC(=O)N[C@@H]1CC[C@@]2(C)C(CC[C@H]3C4=CC=C(c5cccnc5)[C@@]4(C)CC[C@@H]32)C1,8.68502e-05
O=c1ccn(-c2ccc(Cl)c(-c3ccc(Cl)cc3)c2)[nH]1,1.263758584
CN(C)CC1(c2ccc(F)c(Cl)c2)CCCCC1,1.278799314
CCOC(=O)c1ccc(-c2ccc(C3CC(=O)Nc4cc5c(cc43)OCO5)o2)cc1,1.6367449
[2H]C([2H])([2H])Oc1ccc(-c2cc3c(C(=O)NC)c(-c4ccc(F)cc4)oc3nc2CCC(F)(F)F)cc1C(=O)NC(C)(C)c1ncon1,1.176091259
O[C@@H](CN1c2cccc(-c3cccc(OC(F)(F)F)c3)c2CC[C@@H]1c1cccc(OC(F)(F)C(F)F)c1)C(F)(F)F,2.107142106
CCOCCOCC(OC(=O)C1CCCC(NC(=O)NC23CC4CC(CC(C4)C2)C3)C1)c1ccccc1,1.562287429
Cn1cc(-c2nn(S(=O)(=O)c3ccc(Br)s3)c(-c3cnn(C)c3)c2Cl)cn1,0.5784315689999999
O=C(Nc1ccc(F)c(-c2nc3ncccc3o2)c1)c1cscn1,1.556302501
Nc1nccc(NCCNc2cc(-c3cccc(Cl)c3)nc(N)n2)n1,1.707570176
NC1CN(C(=O)NCc2cccc(F)c2)CC1c1ccc(Cl)cc1Cl,2.255272505
CS(=O)(=O)Nc1ccc2c(c1)S(=O)(=O)N=C(C1=C(O)[C@@H]3[C@@H]4CC[C@@H](C4)[C@@H]3N(CC3CCCC3)C1=O)N2,1.230397825
Cc1[nH]c(C(=O)NCc2ccc3c(c2)OCO3)c(C)c1S(=O)(=O)N1CCCCCC1,2.053899009
Clc1cccc(CN(CC2CNC2)c2ccccc2)c1Cl.O=C(O)C(F)(F)F,1.623959337
Cc1c2c(n3c1CCCN1CCOC[C@@H]1CNc1cc-3ccc1C(N)=O)CC(C)(C)CC2=O,0.477121255
O=c1n(C2CCOC2)nc(-c2ccnc(NC3CCOCC3)c2)n1-c1ccc2ccccc2c1,1.200896496
CS(=O)(=O)Nc1ccc2c(c1)S(=O)(=O)NC(C1=C(O)[C@@H]3CCC[C@@H]3N(Cc3ccc(F)cc3)C1=O)=N2,2.3928095405
O=C(OCCCn1ccccc1=O)c1cncc2ccccc12,0.7771652875
CC(=O)O[C@H]1C[C@H]2[C@@H]([C@H](OC(C)=O)C[C@@H]3C[C@H](N(C)C)CC[C@@]32C)[C@@H]2CC[C@H]([C@H](C)CCCN(C)CCCNc3ccnc4cc(Cl)ccc34)[C@@]12C,1.77815125
O=C(O)Cc1ccccc1Nc1c(Cl)cccc1Cl,0.8290777
Cc1ccc(C(=O)N2CCN(C(=O)c3ccc(C)cc3)C2)cc1,1.737934999
Cc1ccc(C(=O)C2=CN(c3ccc(N(C)C)cc3)c3ccccc3S2(=O)=O)c(C)c1,0.8415814875000001
Cc1ccc(CN2CCC(CNC(=O)c3c4c(nc5ccccc35)C(=O)N(C3CCCCC3)C4)C2)cc1,1.0025396775000002
CC(=O)N1CCC(C(=O)N(CCCN2CCC(Cc3ccc(C(N)=O)cc3)CC2)c2ccc(Cl)c(Cl)c2)CC1,2.035211213
CCOC(=O)N1CCN(S(=O)(=O)c2c(C)c(C)c(C)c(C)c2C)CC1,0.7666530595000001
c1ccc2c(c1)CN[C@@H](CN(CCCCNCC1CCCCC1)[C@H]1CCCc3cccnc31)C2,1.0
Cc1cc(/C=C/C#N)cc(C)c1Nc1ccnc(Nc2ccc(C#N)cc2)n1,1.5983376778
CCCn1ccc2cc(-c3ccncc3)cc(Cl)c2c1=O,0.796617374
O=C(NCc1ccccc1F)Nc1ccc(S(=O)(=O)N2CCCCC2)cc1,1.568118514
Cc1ccc(-c2cc(-c3ccc(S(C)(=O)=O)cc3)cnc2N)c2cccnc12,2.0253878
CCCS(=O)(=O)c1ccc2[nH]c(N3CCOC(c4ccccc4)C3)nc2c1,1.920451247
CCN(CC)CCn1c(CCc2ccccc2)nc2cc(/C=C/C(=O)NO)ccc21.Cl.Cl,1.204174266
CC(C)(C)c1nc2cc(S(=O)(=O)CC3CC3)ccc2n1CC1CCOCC1,0.723308277
CN(C)CCn1c(=O)n(C(=O)N[C@H](C(N)=O)C(C)(C)C)c2ccccc21,2.079181246
CC1c2c[nH]nc2-c2ccc(F)cc2N1S(=O)(=O)c1ccc(Cl)cc1,0.868713578
O=C(/C=C/c1cccc2c1N(Cc1ccc3ccccc3c1)C(=O)C2)NS(=O)(=O)c1cccc(Cl)c1,1.565411316
O=C(Cc1ccc(Cl)cc1Cl)NCc1ccc(O)c(O)c1,1.447189051
COc1cccc2c(C(=O)N3C[C@@H]4CCCN4C[C@H]3C)cn(CC3CCCCC3)c12.Cl,0.698952632
CN1CCN(C(=O)c2ccc3c(c2)CC(C(=O)Nc2ccc(-c4cn[nH]c4)cc2)CO3)CC1,1.612762671
Cc1cccc(Nc2sc(-c3ccc(F)cc3F)cc2C(N)=O)n1,1.380211242
CCOc1cc(=O)n2c(c1C(=O)NCc1ccccn1)CCCCC2,2.4312844425
Brc1ccc2c(c1)CCN2Cc1cnc(-c2ccncc2)s1,1.622971139
COc1cc2c(cc1Cc1cccc(Cl)c1F)c(=O)c(C(=O)O)cn2[C@H](CO)C(C)C,1.332258026
COc1ccc(C(=O)N2CCC(c3ccc(OC)cc3)(c3ccc(OC)cc3)CC2)cc1,1.065418316
COCCN1CCC(c2[nH]nc(-c3ccc(Cl)cc3)c2-c2ccncc2)CC1,1.332398059
CCOc1ccc(OCC)c(NC(=O)c2cc(S(=O)(=O)N3CCc4ccccc43)cn2C)c1,0.7758225245000001
CCN1C=CC(=C(C=C2C=CC(=O)C=C2)CS(=O)(=O)[O-])C=C1.[Na+],1.707568724
NC(CCc1c(Cl)cccc1Cl)c1ccc(Cl)cc1Cl,1.6513180435
CN1C(=O)c2cc(/C=C/C(=O)NO)ccc2OC12CCN(Cc1ccc(F)cc1)CC2,1.609674042
O=S(=O)(CCc1ccccc1)NCCc1csc2nc(-c3ccccc3F)nn12,0.759994929
Cc1cccc(Nc2sc(-c3cccc(C(F)(F)F)c3)cc2C(N)=O)n1,1.556302501
Cc1c(C(=O)O)[nH]c(CCNC(=O)OC(C)(C)C)c1S(N)(=O)=O,1.933771369
COc1ccc(OC)c(NC(=O)c2cc(S(=O)(=O)N3CCC(C)CC3)c(C)n2C)c1,0.894923813
COc1cc(OC)cc(N2CCN(C(=O)c3oc(C)nc3-c3cccc(F)c3)CC2)c1,1.280447019
O=C(CN(CCc1ccccc1)C(=O)CNS(=O)(=O)c1ccccc1)NCC1CCCO1,0.909273072
COc1ccc2c(c1)C[C@H](C(=O)Nc1ccc(-c3cn[nH]c3)cc1SCCC(=O)N(C)C)NC2,0.477121255
Cc1nc(CC(C)C)cc(C(=O)N2C[C@@H](N(C)C)[C@H](C(C)C)C2)n1,1.2805952645
OCCCCCNc1nnc(-c2ccc(F)c(F)c2Nc2ccc(I)cc2F)o1,1.602081706
CC1(C(=O)N[C@@H](Cc2ccc(NC(=O)c3c(Cl)cccc3Cl)cc2)C(=O)O)CC(C2CCCCC2)=NO1,2.457185446
CC(C)OC(=O)C1=CN(C(=O)c2cccc(OCCN(C)C)c2)CC(C)(C)c2c1[nH]c1ccccc21,0.9029814
CC(C)c1ccc(NC(=O)N2CCCN(C(=O)CCC3CCCC3)CC2)cc1,0.845222106
CC1(C)C(C(=O)O)C1C(=O)Nc1c[nH]c(=O)[nH]c1=O,1.557681133
CCCc1nc2c(C)cc(-c3nc4ccccc4n3C)cc2n1Cc1ccc(-c2ccccc2C(=O)O)cc1,2.951175959
Cc1c(N2CCOCC2=O)cccc1S(=O)(=O)N[C@@H](CNC(=O)c1ccc(Cl)s1)C(=O)N1CCOC[C@@H]1C,1.663137356
CC(=O)Nc1nc(-c2cnc3ccc(Cl)cn23)c(C)s1,0.66397768
Cc1c(NC(=O)c2ccc(Cl)cc2)c(=O)n(-c2ccccc2)n1C,2.0693618220000003
C[C@H]1CCCC(=O)CCCCCc2cc(OCc3ccccc3)cc(O)c2C(=O)O1,1.6715819005
CCCCCc1ccc2c(c1)[nH]c(=O)c1nc(-c3ccccc3Cl)[nH]c12,0.868713578
CC(C)C(NCc1cc(=O)n(C)c(=O)n1C)c1ccc(C2CCCCC2)cc1,0.561881209
CCCNC(=O)C1CCN(C(=O)c2cc3sccc3n2Cc2ccc(Cl)cc2)CC1,1.012921546
CC(C)CN1C[C@@H]2C[C@H]1CN2c1cc(F)c(-c2ccnc3c(-c4cccc5[nH]ncc45)c(-c4ccncc4)nn23)c(F)c1,0.477121255
Cc1nc2c(C(F)(F)F)cccc2n1-c1cccc(Oc2cccc(S(=O)(=O)C(C)C)c2)c1,1.477121255
C[C@]1(O)CC[C@@]2(C)C(CC[C@@H]3[C@@H]2CC[C@]2(C)C(c4cccnc4)=CC[C@@H]32)C1,8.68502e-05
C[C@H](c1ccccc1)N1C(=O)O[C@](Cc2ccccc2)(c2nnc(-c3cc(F)cc(F)c3)o2)C1=O,1.839228615
CCC1(CCCCN2CCN(c3ccc(Cl)cc3)CC2)C(=O)Nc2ccccc21,1.586031884
Clc1ccc(C2=Nn3c(nnc3-c3[nH]nc4c3CCC4)SC2)cc1Cl,1.146065989
CC12CCCC(/C=C/C(=O)NS(=O)(=O)c3ccc(F)c(F)c3)=C1N(Cc1ccc(F)c(F)c1)C(=O)C2,1.945545984
COc1ccc(-c2nnc(N3CCN(C(=O)c4ccccc4)CC3)c3ccccc23)cc1,1.820035145
Cc1n[nH]c(-c2ccccc2)c1-c1nc2ccccc2n1Cc1ccccc1,0.9638509555
CC1=C2C[C@H]3[C@@H](CC[C@@H]4Cc5nn(C)cc5C[C@@]43C)[C@@H]2CC[C@@]2(C1)O[C@@H]1C[C@H](C)CN[C@H]1[C@H]2C,1.544043227
COC(=O)N1CC(C)CN(c2ccc(NC(=O)Nc3cc(C)ccc3OC)cc2)S1(=O)=O,1.5045428575
N#Cc1c(N)c(-c2ccccc2)c(F)c2ccccc12,1.0576272
C1=CC=NC(=C1)CO,2.079181246
Cc1cccc(OCC(O)Cn2nc(C)c3c(C)onc3c2=O)c1,1.4408516225
O=C(Nc1cc(F)c(-c2cn[nH]c2)c(F)c1)C1COc2ccccc2C1,1.568225199
CC(=O)CC[C@H]1C(=O)N[C@@H](C(C)C)C(=O)N[C@@H](Cc2cccc(O)c2)C(=O)N2CCCC(N2)C(=O)O[C@H](/C(C)=C/C=C/C(=O)Nc2cccnc2)C/C=C/C=C/[C@H](O)[C@H](C)[C@H]1O,0.875061263
COc1cc(=O)n(-c2ccccc2)cc1C(=O)N1CCC2(CC1)OCCO2,2.3959859725
O=C(NC1CCCC1)N[C@@](Cc1ccccc1)(c1cc(F)cc(C(F)(F)F)c1)c1ccc(Cl)cn1,0.634151234
CC[C@H]1OC(=O)[C@H](C)[C@@H](O[C@H]2C[C@@](C)(OC)[C@@H](O)[C@H](C)O2)[C@H](C)[C@@H](O[C@@H]2O[C@H](C)C[C@H](N(C)C)[C@H]2O)[C@](C)(O)C[C@@H](C)CN(CCCN(CCC#N)C(=O)Nc2ccc(Cl)cc2Cl)[C@H](C)[C@@H](O)[C@]1(C)O,2.079181246
CC1C(=O)N(Cc2ccc(Cl)cc2Cl)c2c(/C=C/C(=O)NS(=O)(=O)c3ccc(F)c(F)c3)cccc21,1.679049329
COc1ccc2c(c1)C(=O)N1CCC[C@H]1c1c(C(=O)N(C)C)ncn1-2,2.784650637
CCc1cccc(C)c1/N=C1/N=C(N2CCOCC2)N(c2ccc(C)cc2)C12CCCCC2,2.2776301575
O=C(CCCF)N1N=C(c2c(-c3ccc(Cl)cc3)c3ccccc3[nH]c2=O)CC1c1ccc(Cl)cc1,1.436118759
CS(=O)(=O)c1cc(Cl)ccc1CNC(=O)c1ccc(OCCC(F)(F)F)nc1,2.477121255
CC1CC(C(=O)C(C1)C(CC2CC(=O)NC(=O)C2)O)C,2.079181246
O=[N+]([O-])c1cn2c(n1)OC(COc1ccc(-c3ccc(F)cc3)nc1)C2,1.910704037
CC(C)(C)c1cc(NC(=O)[C@@H]2C[C@@H](O)CN2CC2CCOCC2)on1,1.681241237
Cc1nc(-c2cccc3ccccc23)sc1C(=O)N1CCC(O)CC1,1.599395072
CC(C)c1nc2ccccn2c1C(=O)NCc1ccc(-c2ccccc2)cc1,1.499714569
CS(=O)(=O)Nc1ccc2c(c1)S(=O)(=O)N=C(C1=C(O)[C@H]3CCC[C@H]3N(Cc3ccc(F)c(F)c3)C1=O)N2,2.512332468
CC(C)n1nc(-c2ccc3nc(N)sc3c2)c2c(N)ncnc21,3.315766141
Cc1c(C(Cc2ccc(F)c(F)c2)P(=O)(OC(C)C)OC(C)C)sc2ccccc12,0.866955072
COc1ccc(-c2cc(-c3ccc(C(F)(F)F)cc3)cnc2N)cn1,2.45484486
Cc1nc(C)c(-c2csc(Nc3ccc(C(=O)N4C5CCC4CN(c4ncc(C#N)cn4)C5)cn3)n2)s1,1.328714949
O=C(CCn1nnnc1-c1cnccn1)c1ccccc1,1.249321963
COc1ccccc1-c1ccc2cnc(Nc3ccc(N4CCN(C)CC4)cc3)nn12,1.602081706
NCCN1CCOC(CC(=O)Nc2cc(Cl)cc(Cl)c2)C1=O,2.1027400945
COC1=C(C=CC(=C1)N2CCOCC2)NC(=O)C3=CSC(=N3)C4=CN=CC=C4,1.479863113
CCS(=O)(=O)c1ccc2[nH]c(SCc3cccc(Cl)c3)nc2c1,1.663784018
Cc1ccncc1-c1cccc2c1cnn2-c1ccccn1,2.130764868
CC(=O)N[C@@H]1CC[C@@]2(C)C(=CC[C@@H]3[C@@H]2CC[C@]2(C)C(c4cncc(C(F)(F)F)c4)=CC[C@@H]32)C1,8.68502e-05
CCCNC(=O)CC[C@@H](C)[C@H]1CC[C@H]2[C@@H]3[C@H](OC(C)=O)C[C@@H]4CC5(CC[C@]4(C)[C@H]3C[C@H](OC(C)=O)[C@]12C)OOC(C)(C)OO5,1.380211242
CN(C/C=C/c1ccc(-c2ccccc2)cc1)Cc1cccc2cc[nH]c12.Cl,1.97183228
CC1(n2nnc3cnc4[nH]ccc4c32)CCN(S(C)(=O)=O)CC1,3.283301229
CC1(C)CC(NS(=O)(=O)c2cc(Cl)ccc2Cl)CC(C)(C)N1,1.99701741
CCCCS(=O)(=O)N[C@@H](CC1=CC=C(C=C1)OCCCCC2CCNCC2)C(=O)O.O.Cl,2.079181246
[2H]C([2H])([2H])Oc1ccc2c(c1)C(=O)N1CCC[C@H]1c1c(C(=O)OC)ncn1-2,2.8713478835
CC1c2c[nH]nc2-c2c(F)cccc2N1S(=O)(=O)c1ccc(Cl)cc1,0.773065702
O=S(=O)(c1ccc(C(F)(F)F)nc1)N1C2Cc3[nH]ncc3C1CC(c1cccc(F)c1)C2,1.879504297
C[C@@H](O)C(=O)N1CCC(CCn2c(Sc3cc4c(cc3Br)OCO4)nc3c(N)ncnc32)CC1,1.70670641
C[C@H]1CN(C(=O)c2ccccc2)CCN1c1nnc(-c2ccccc2)c2ccccc12,2.295268828
O=S(=O)(c1cccc(F)c1)c1ccc2c3c(oc2c1)C1(CCCOC1)NCC3,1.477121255
CC(C)N(/C(=N/c1c(F)cccc1F)Nc1ccc2c(c1)C=CC(C)(C)O2)C(C)C,0.7694066795000001
COc1cc(OC)c(C(=O)Nc2sc(C(C)C)cc2C(=O)OC(C)C)cc1OC,2.0563854515
COc1ccc(-n2nc(S(C)=O)c(-n3ccnc3)c2-c2ccc(Cl)c(Cl)c2)cc1,1.219882171
CCn1c(=O)n([C@@H]2CCN(CC3CCCCCCC3)C[C@H]2CO)c2ccccc21,0.256761023
CC1(c2ccccn2)CCN(C(=O)C(O)c2ccccc2)C1,1.943443792
COc1cc(C2N=C(N3CCc4ccccc43)N=C3NC(C)=CC(=O)N32)ccc1O,1.1541841865
C1CCC(C(CC2CCCCN2)C2CCCCC2)CC1.O=C(O)/C=C\C(=O)O,1.991137435
Cc1ccccc1NC(=O)NC(=O)CSc1nc2ccccc2nc1C,1.668404556
O=C(N[C@@H](Cc1c[nH]c2ccccc12)C(=O)Nc1ccncc1)c1ccc(Br)cc1F,1.079181246
N[C@H](Cc1cccc(F)c1)C(=O)Nc1ccc(-c2cn[nH]c2)cc1,1.826204423
CCCNC(=O)C1CC12CCN(C(=O)c1cc3sc(Br)nc3n1Cc1ccc(OC)cc1)CC2,0.696338912
CC(=O)O[C@H]1C[C@H]2[C@@H]([C@H](OC(C)=O)C[C@@H]3C[C@H](N(C)C)CC[C@@]32C)[C@@H]2CC[C@H]([C@H](C)CCCNCCNc3ccnc4cc(Cl)ccc34)[C@@]12C,1.77815125
CCOc1ncc(-c2ccc(S(C)(=O)=O)cc2)cc1-c1ccc(OC)nc1,2.085219201
COc1ccc(F)cc1S(=O)(=O)N[C@H]1CC[C@@H](N2CCN(c3ccccc3OC(C)C)CC2)CC1,0.300986564
CN(C)C(=O)c1cccc(-c2cc(N3CC(N)C(c4cc(F)c(F)cc4F)C3)ncn2)c1,2.255272505
CC(C)CC1n2cncc2CN(Cc2ccccc2)S1(=O)=O,0.477121255
COc1cc(N2CCN(C3CCN(c4cccc5c(OC)cc(C(F)(F)F)nc45)CC3)CC2)c2ncccc2c1,1.114010162
COc1cccc(CN2C(=O)CC3(C)CCCC(/C=C/C(=O)NS(=O)(=O)c4cc(F)c(F)cc4F)=C23)c1,1.879504297
CCOC(=O)c1cnc2nc(C3CCC3)nn2c1C,0.8645175305
CC1CCc2cc(F)ccc2N1S(=O)(=O)c1ccc(S(=O)(=O)NC2CCCCC2)cc1,2.655546354
CCCN(CCC)CC(c1ccc(-c2cccnc2)cc1)N(C)C(=O)CN1C(=O)COc2cc(Cl)c(Cl)cc21,0.998503381
CCN1CCCC1CNC(=O)C(C2=CC=CC=C2)(C3=CC=CC=C3)O,2.079181246
CS(=O)(=O)Nc1ccc2c(c1)S(=O)(=O)N=C(C1=C(O)[C@@H]3[C@H]4CC[C@H](C4)[C@@H]3N(Cc3ccc(F)cc3Cl)C1=O)N2,3.313567139
Cc1ccc(CN2C(=O)N(Cc3ccccc3)C(=O)C2CC(C)C)s1,0.776187231
CN(C)[C@H]1[C@@H]2C[C@@H]3CC4=C(C(=CC=C4)O)C(=C3C(=O)[C@@]2(C(=C(C1=O)C(=O)N)O)O)O,2.079181246
O=C(N[C@@H](Cc1c[nH]c2ccccc12)C(=O)Nc1ccncc1)c1ccc2cc(F)ccc2c1,1.146065989
CC1=C(C=C(C=C1)NC(=O)C2=CC(=CC=C2)N(C)C)NC(=O)C3=CC=C(C=C3)O,1.27600199
CCc1c[nH]c2ncnc(NCC(Cc3ccccc3)c3ccccn3)c12,0.486961806
Cc1c(C2=CCN(C(=O)N(C)C(C)C)CC2)nnn1-c1cccnc1F,2.107042763
O=C(Cc1cccc2ccccc12)Nc1ccsc1-c1cc[nH]n1,0.841443718
CCc1cc(CC)nc(OCCCn2c3c(c4cc(-c5nc(C)no5)ccc42)C(=O)CCC3)n1,0.9029814
OC(Cn1cnc2ccccc21)Cn1c2ccccc2c2ccccc21,0.8020107605
Cc1cccc(NC(=O)c2cccc(-n3ncc4cc(Nc5ccccc5F)ccc43)c2)c1,0.949292401
O=C(Nc1cccc(-c2ccc(C(F)(F)F)nc2)c1)O[C@@H]1COc2nc([N+](=O)[O-])cn2C1,2.552524742
O[C@@H](CN1c2cccc(-c3cccc(OC(F)(F)F)c3)c2OC[C@@H]1c1cccc(OC(F)(F)C(F)F)c1)C(F)(F)F,1.792251572
COC1=C(C=C(C=C1)CCNC2=C3C(=CN(C3=NC=N2)C4=CC(=CC=C4)Cl)C5=CC=CC=C5)OC,0.555094449
O=C(/C=C/c1cccc2c1N(Cc1ccc3ccccc3c1)C(=O)C2(F)F)NS(=O)(=O)c1cc(Cl)c(Cl)s1,1.952585935
CC1=C(C=C(N1CCCN2CCOCC2)C3=CC=CC=C3)C(=O)NC4=CC=CC(=C4)C(F)(F)F,0.906335042
Cc1cccc(-c2c(C3CCCCC3)c3ccc(C(=O)NC(C)(C)C(=O)Nc4ccc(/C=C/C(=O)O)cc4)cc3n2C)n1,1.322219295
CC(C1=NOC(C)(C(=O)N[C@@H](Cc2ccc(NC(=O)c3c(Cl)cccc3Cl)cc2)C(=O)O)C1)c1ccccc1,2.607886123
Nc1nnc(-c2ccc(F)c(F)c2Nc2ccc(I)cc2F)o1,3.380211242
CC1=CC2=C(N1)C=CC(=C2F)OC3=NC=NN4C3=C(C(=C4)OCC(C)O)C,2.079181246
CC(C)OC(=O)[C@H](C)NP(=O)(OC[C@H]1O[C@@H](n2ccc(N)nc2=O)C(F)(F)[C@@H]1O)Oc1ccccc1,1.969362375
O=C(NCc1ccc(S(=O)(=O)N2CCCCC2)cc1)c1ccn2cncc2c1,1.528234791
CN=S(=O)(c1ccc(C(F)(F)F)cc1)N(C)C,2.114010162
CCOc1cc(NC(=N)c2ccccn2)ccc1-c1ccc(-c2ccc(NC(=N)c3ccccn3)cc2OCC)o1,2.079181246
CC(C)(C)c1cc(NC(=O)[C@@H]2CCCCN2c2ccc(C(F)(F)F)cn2)no1,1.869114327
C1=Cn2nc(/C=C/c3cccs3)nc2-c2ccccc2O1,1.1783779920000002
O=C(NCC1(O)CCCCCC1)c1cc(-c2cnoc2)ccc1Cl,1.348343811
CS(=O)(=O)Nc1ccc(C(=O)CSc2ccc3c(c2)OCCO3)cc1,0.51851394
C[C@](O)(c1ccc(C(=O)N(C2CC2)[C@H]2CC[C@H](CCC#N)CC2)cc1)C(F)(F)F,2.295268828
CC(C)CCn1nc(-c2cccs2)c(O)c(C2=NS(=O)(=O)c3cc(C#N)ccc3N2)c1=O,0.982271233
Cc1nc(C(=O)Nc2ccnc(Cl)c2)c(C)n1-c1ccc(F)cc1,2.352182518
C[C@H](c1ccc(F)cc1)N1C(=O)O[C@](Cc2ccccc2)(c2nc3cc(NS(C)(=O)=O)ccc3[nH]2)C1=O,2.457185446
O=C(CS)NCCCCCn1ccc2cc(Cl)c(Cl)cc21,1.513720857
O=C(c1ccc(Oc2ccc(F)cc2)nc1)N1CCCN(C2CCC2)CC1,2.174113878
COc1cccc(C2(O)CCCCC2CN(C)C)c1,2.9389503495
Cc1nc(C)c(-c2csc(Nc3ccc(C(=O)N4C5CCC4CN(c4ncc(S(C)(=O)=O)cn4)C5)cn3)n2)s1,1.511390473
Cc1cc(C)n(NC(=O)c2nn(C)cc2Br)c(=O)c1,1.274365488
CCOc1ccc(Cc2nc3cc(SCC)c(Cl)cc3n2CC2CCOCC2)cc1,2.711507148
O=c1[nH]ncn2c1cc1cc(Br)ccc12,1.8103829225
CC1CCN(S(=O)(=O)c2ccc(NC(=O)NCc3cccnc3)cc2)CC1,1.464644118
CCN(CC)CCCNc1nc(-n2nc(C)cc2C)nc2sc3c(c12)CC(C)(C)OC3,1.435340631
CCN1CCCC1CNC(=O)C2=CC(=C(C=C2OC)N)S(=O)(=O)CC,2.079181246
O=C(N[C@@H](Cc1c[nH]c2ccccc12)C(=O)Nc1ccncc1)c1ccc(-c2cc(F)ccc2F)cc1F,1.079181246
COC1=CC(=CC(=C1)OC)OC,1.258637283
CC1=CN=C(S1)NC(=O)C2=C(C=CC(=C2)S(=O)(=O)N(C)C)N3CCCC3,1.384890797
O=C(Cn1c(=O)ccc2ccc(OC(F)(F)F)cc21)Nc1scc(Br)c1-c1ncn[nH]1,1.22527015
O=C(NCc1ccc(Cl)cc1Cl)c1ccc(=O)[nH]c1,1.892094603
CC(=O)N1CCCC1c1cc2[nH]c(-c3ccccn3)nc2cc1Oc1cccc(F)c1,1.069493576
Cc1nc(C)c(-c2csc(Nc3ccc(C(=O)N4CCN(c5ncc(C(F)(F)F)cn5)CC4C(F)(F)F)cn3)n2)s1,2.226989922
O=C(NCCN1CCCCC1)c1cc2ccc3ccccc3c2o1,1.845127978
C1COCCN1C2=CC(=O)C3=C(O2)C(=NC=C3)C4=CC=CC=C4,1.582858462
C[C@@H](N1Cc2cc(Br)sc2C1=O)[C@](O)(Cn1cncn1)c1ccc(F)cc1F,2.623373357
CCCCCC1CN(C(=O)c2ccccc2)CCN1C(=O)C(=O)c1c[nH]c2cccc(F)c12,0.748148895
Cn1c(-c2ccc(Cl)cn2)c(C2CCCC2)c2ccc(C(=O)NC3(C(=O)Nc4ccc(/C=C/C(=O)O)cc4)CCC3)cc21,2.477121255
Cc1cc(C)cc(C(=O)c2c(C(C)C)c(=O)[nH]c(=O)n2Cc2ccnc(N)c2)c1.Cc1ccc(S(=O)(=O)O)cc1,1.0430415245
NC(=O)OC(CCN1CCN(c2ccccc2)CC1)c1ccc(F)cc1,1.255272505
Cn1cncc1-c1cccc(-c2cn3cccc(C#N)c3n2)c1,2.138891483
COCCn1c(-c2ccccc2Cl)nc2c(N3CCN(CCF)CC3)nc(C)nc21.Cl,1.285001889
CCN(CCCN1C(=O)CCC1(C)C(=O)NCCC(C)C)c1cccc(C)c1,0.836387702
C[C@@H]1CN(C(=O)c2ccccc2)CCN1C(=O)C(=O)c1c[nH]c2c(C(N)=O)ccc(F)c12,3.176091259
CCS(=O)(=O)c1ccc2[nH]c(C(F)(F)c3ccc(-c4ccccc4)cc3)nc2c1,0.478609772
C[C@@H]1C[C@H](N)CN(c2ccncc2NC(=O)c2csc(-c3c(F)cccc3F)n2)C1,1.690213806
O=C(c1ccc(Nc2cc(-n3cccc3)ncn2)cc1)N1CCN(Cc2ccc3c(c2)OCO3)CC1,1.4793236945
CN1CC2(CCN(C(=O)NC3CCCCC3)CC2)CC1C(=O)N1CCOCC1,2.0671153115
COc1ccc2[nH]c(SCc3ccccc3)nc2c1,2.079181246
CC(C)(C)C1CCc2c(sc(NC(=O)Cc3ccccc3)c2C#N)C1,2.6230856
CCCS(=O)(=O)N1CC=C(c2ccc3c(c2)CC(C2CCN(c4ncc(C5CC5)cn4)CC2)O3)CC1,1.104646419
CN1C2CCCCN2C(=O)C3=C1C=C(C=C3)C(=O)NC4=CC=C(C=C4)S(=O)(=O)N,1.515741417
Cc1cc(=O)c(Oc2ccc(F)cc2F)c(-c2ccc([S@+](C)[O-])cc2)o1,1.069493576
O=C(NC12CC3CC(CC(C3)C1)C2)C1CCN(c2cc(-n3cccc3)ncn2)CC1,0.623367348
CNC(=O)c1ccc(OC2CCN(C(=O)NCc3ccc(Cl)cc3Cl)CC2)cc1,1.230397825
CC[C@@H]1/C=C(\C)C[C@H](C)C[C@H](OC)[C@H]2O[C@@](O)(C(=O)C(=O)N3CCCC[C@H]3C(=O)O[C@H](/C(C)=C/[C@@H]3CC[C@@H](O)[C@H](OC)C3)[C@H](C)[C@@H](O)CC1=O)[C@H](C)C[C@@H]2OC,0.380211242
c1ccc(Cn2nnc(C3(c4ccccc4)CCOCC3)n2)cc1,1.376088702
Cc1ccc(CSc2nc(O)c3c(n2)CCC3)cc1,0.863441829
FC(F)(F)c1ccccc1-c1ccc2[nH]c(C3=NOC4(CCOCC4)C3)nc2c1,2.535415889
CNC(C)C1(c2ccc(Cl)c(Cl)c2)CCCCC1,2.008023628
Oc1cccc(-c2cn(Cc3ccc4sccc4c3)nn2)c1,1.14379951
O=[N+]([O-])c1cn2c(n1)OC(COc1ccc(-c3ccc(F)cc3)cn1)CC2,1.668807568
O=S1(=O)N=C(NCCc2cccs2)c2ccccc21,1.7188163267499998
CC(=O)c1cccc(N(CC(=O)Nc2ccc(S(=O)(=O)N3CCCC3)cc2)S(C)(=O)=O)c1,1.1828980835
O=c1c2c3nc4ccccc4nc3n(C3CCCC3)c2ncn1Cc1ccco1,1.733907192
Cc1nn(-c2ncnc3nc[nH]c23)c2c1C(c1ccc(F)cc1Cl)CC(=O)N2,1.763442969
CCOc1ccc2c(C(=O)c3cc(OC)c(OC)c(OC)c3)c[nH]c2n1,2.753707057
Cc1nc(N2CCC(N3CCNC3=O)CC2)nc2ccc(NC(=O)/C=C/c3ccc(OC(F)(F)F)cc3)cc12,2.047664915
c1cc2c(C3CCNCC3)c[nH]c2cc1Nc1ccc2c(C3CCNCC3)c[nH]c2c1,2.552524742
COc1ccccc1CC(c1cccc(F)c1)N1CCNCC1,2.079181246
Cc1nc(C)c(CN2CC(C)C(=O)Nc3ccccc32)s1,1.4861866204999998
CCN(CC)CCCC(C)Nc1ccnc2cc(C(F)(F)F)ccc12,2.7971209005
CCOc1cc(O[C@@H]2C[C@H]3C(=O)N[C@]4(C(=O)NS(=O)(=O)C5CC5)C[C@H]4/C=C\CCCCC[C@H](NC(=O)c4cc[nH]n4)C(=O)N3C2)c2ccc(OC)c(C)c2n1,1.863441829
CCOc1cc(CNCCO)cc(Br)c1OC(C)C.Cl,0.256761023
CCCCc1ccc(-c2nc(C)c(-c3ccnc(N)n3)s2)cc1,2.290034611
CCOCCCNC(=O)CCC(=O)NNC1=NC2=CC=CC=C2C3=NC(=NN31)C4=CC=CC=C4,1.944433318
Cc1nc(C)c(-c2nc(C)c3sc4cc(OCc5ccc6ccccc6n5)ccc4n23)s1,1.074095697
Cc1cccc(C(=O)/N=c2\c(C)cccn2C(=O)c2cccc(C)c2)c1,2.0555568265
CC(C)(CC1=CC=CC=C1Cl)N,2.079181246
C[C@@H]1CN(C(=O)c2ccccc2)[C@@H](C)CN1C(=O)C(=O)c1c[nH]c2cccc(F)c12,0.914498416
CC(C)OC(=O)C1=CN(C(=O)c2cccc(OCCCN3CCOCC3)c2)CC(C)(C)c2c1[nH]c1ccccc21,0.602081706
O=C(c1ccc(Br)cc1NS(=O)(=O)c1ccc2nsnc2c1)N1CCCCC1,1.008269539
CCOC(=O)C1CCN(c2nccc3c2OC(C)(C)C=C3)CC1,0.5165661130000001
C=C(C)[C@@H]1CC[C@]2(C(=O)NCc3ccc(OC(F)(F)F)cc3)CC[C@]3(C)[C@H](CC[C@@H]4[C@@]5(C)CC[C@H](OC(=O)CC(C)(C)C(=O)O)C(C)(C)[C@@H]5CC[C@]43C)[C@@H]12,1.080669764
CC(=O)N[C@@H](Cc1ccccc1)C(=O)N[C@@H](CCCN)C(=O)N1CCC[C@H]1C(=O)N[C@H](CCC(C)C)C(=O)N[C@H](Cc1csc2ccccc12)C(=O)N[C@H](Cc1ccccc1)C(N)=O,0.955731027
O=C1CN(Cc2ccc(-c3ccc(F)c(CN4CCCCC4)n3)cc2)C(=O)N1CC1CC1,1.300986564
COC1=CC2=C(C=C1)N=C(N2)[C@H]3CCN(C3)CC4=CC=C(C=C4)C(=O)O,2.079181246
O=C(Nc1nc2ccc(F)cn2n1)NC1C2CCOC2C12CCC2,1.6367571765
COc1ccc(-n2nc3c4cc(Cl)ccc4[nH]cc-3c2=O)cc1,2.125780936
O=S(=O)(c1ccc(C(F)(F)F)cc1)N1C2Cc3[nH]ncc3C1CC(c1nc[nH]n1)C2,2.295268828
O=c1n(Cc2ccncc2)nc(-c2ccnc(NC3CCCCC3)c2)n1-c1ccc2ccccc2c1,0.725545316
COc1cc(=O)n(C)cc1C(=O)NCc1nc(C)no1,2.4420395405
CN1CCN(c2cc3c(cc2F)c(=O)c(-c2noc(Cc4ccccc4)n2)cn3Cc2ccc(C(F)(F)F)cc2)CC1,1.412302484
CCOC(=O)c1c(N)sc2c1CCC(NC(=O)OC(C)(C)C)C2,2.9983323375
COC(=O)Nc1ccc(C(=O)N[C@@H](Cc2ccccc2)C(=O)NCCc2cc(Cl)ccc2-n2cnnn2)cc1,0.300986564
Cn1cc(Cc2cccc(-c3cccc4c3OCO4)n2)c2cc(NC(=O)CC(C)(C)O)ccc21,1.554654651
Fc1ccc(C(c2nnnn2Cc2ccccc2)N2CCN(CC3CCCO3)CC2)cc1,0.477121255
COc1cccc(-n2nncc2CCC(=O)c2ccccc2)c1,0.868713578
C[C@H](NC(=O)c1cc(Cl)cnc1Oc1cccc(Cl)c1)c1ccc(C(=O)O)cc1,2.079181246
Cn1cc(N=S2(=O)CCCCC2)cn1,2.114010162
Nc1sc2c(c1C(=O)c1ccc(-c3ccccc3)cc1)CCCC2,8.68502e-05
CCOc1ncc(S(=O)(=O)N2CCN(CC)CC2)cc1-c1nc2c(CC)n(CCN3CCOCC3)nc2c(=O)[nH]1,1.255272505
CCC(CC)/N=c1\c(O)c(O)\c1=N/c1cccc(C(=O)N(C)C)c1O,2.020293558
O=C(Cn1cnc2c(nnn2-c2cccc(Cl)c2)c1=O)N1CCCc2ccccc21,1.204529461
CC[C@H](NC(=O)COc1ccc2[nH]c(=O)c(-c3nccs3)c(CCc3ccccc3)c2c1)c1ccccc1,1.137784202
O=C(Cc1cccc2ccccc12)Nc1ccsc1-c1nc[nH]n1,0.974090288
O=C(NCc1cccnc1)Nc1ccc(Sc2ccc(Cl)cc2)cc1,1.66833238
O=C(CCc1ccc(C(F)(F)F)cc1)N[C@@H](Cc1c[nH]c2ccccc12)C(=O)Nc1ccncc1,0.477121255
CCN(CC)C1=CC(=NC2=NC=NN12)C,2.079181246
CS(=O)(=O)c1ccc(-c2cnc(N)c(-c3ccc(C(F)(F)F)nc3)n2)cc1,2.397974751
CS(=O)(=O)N1CCCC1C(=O)Nc1nc2cc3c(cc2s1)OCO3,0.36298312
COc1cc2ncnc(-n3nc(-c4ccccn4)nc3N)c2cc1OCCCNC(=O)OC(C)C,1.819543936
C1C[C@H](NC1)C2=NC3=C(C(=O)N2)OC4=C3C=C(C=C4)Cl,2.079181246
CC1C(=O)c2[nH]ncc2C(C)N1S(=O)(=O)c1ccc(C(F)(F)F)cc1,1.653271408
O=C1c2ccc(Cl)cc2-n2c1nc1ccccc1c2=O,1.501926491
CC(C)(NC(=O)C1CCC(NC(=O)C2CCCC2)CC1)c1noc(C(N)=O)n1,1.8534310685
COc1ccc(OC)c(N2C(=O)c3cc4occc4n3CC2(C)C(=O)NC2CCCCCC2)c1,0.6257184335
COc1cccc(CN(c2nc3nc(C)c(Cl)c(C)n3n2)S(=O)(=O)c2ccc(Cl)cc2)c1,0.696393238
COc1ccc(-c2nnc3c4ccccc4c(Cl)nn23)cc1,0.5787949450000001
COc1cccc(CNC(=O)c2cn(-c3ccccc3)c3cc(-c4cn[nH]c4)ccc23)c1,1.00008685
Cc1nc(C2CCN(C(=O)[C@@H]3C[C@@](C)(N)C[C@H]3c3ccc(F)cc3F)CC2)n(-c2ccc(Cl)c(C)c2)n1,1.922687859
CCC(=O)NCCCc1cc(OC)ccc1CCc1cccc(OC)c1,0.707570176
CC(C)(N)C(=O)N1CCC(c2ccc(NC(=O)c3nc(C#N)c[nH]3)c(C3=CCCCC3)c2)CC1,2.049307415
CC1=CC=C(C=C1)C(=O)OC2=C(C=C(C=C2)C(CNC(C)(C)C)O)OC(=O)C3=CC=C(C=C3)C,0.356025857
C=C(C)[C@@H]1CC[C@]2(C(=O)NCc3ccccc3C(=O)NCCNC(C)=O)CC[C@]3(C)[C@H](CC[C@@H]4[C@@]5(C)CC[C@H](OC(=O)CC(C)(C)C(=O)O)C(C)(C)[C@@H]5CC[C@]43C)[C@@H]12,1.080669764
CCC(=O)c1ccc(OCCCn2cnc3ccccc32)cc1,1.3484879365
CCCCCOC1=CC2=C(C=C1C3=C(C=CC(=C3)/C=C/C(=O)O)O)C(CCC2(C)C)(C)C,1.034227261
CC(C)OC(=O)C1=CN(C(=O)c2cccc(CN3CCCCC3)c2)CC(C)(C)c2c1[nH]c1ccccc21,0.77815125
COc1cc(=O)n2c(c1C(=O)NCc1cccc(C(F)(F)F)c1)CCCC2,1.4044119435
Cc1ccc(NC(=O)N2Cc3c(sc4c3CCCC4)-n3cccc3C2C)cc1Cl,1.036955972
CC(C)Cn1c(NCCc2ccccc2)nc2c1c(O)nc(=O)n2C,1.457545471
CCOC(=O)c1cc2n(c1)CCCc1c(N)n[nH]c1-2,1.747935759
C[C@@]1([C@H]2C[C@H]3[C@@H](C(=O)C(=C([C@]3(C(=O)C2=C(C4=C1C=CC=C4O)O)O)O)C(=O)N)N(C)C)O,2.079181246
COc1ccc2[nH]c(SCC3CC3)nc2c1,1.11058971
[2H]C([2H])([2H])Oc1ccc2c3nn(-c4ccc(OC)cc4)c(=O)c-3c[nH]c2c1,2.7606903345
COc1ccc2c(c1)/C(=C\c1ccc3c(/C=C/c4ccc(N5CCN(C)CC5)nc4)n[nH]c3c1)C(=O)N2,1.146065989
CS(=O)(=O)Nc1ccc2c(c1)S(=O)(=O)N=C(C1=C(O)C3CCCCC3N(Cc3ccc(F)cc3)C1=O)N2,2.295268828
O=S(=O)(NCCn1c(-c2ccncc2)nc2ccccc21)c1ccc(Br)s1,0.7593797769999999
COC(=O)C1(C(=O)OC)C(CC(=O)c2ccc(Br)cc2)c2cc(N(C)C)ccc2C(c2ccccc2)N1S(=O)(=O)c1ccc(C)cc1,1.38329422
C=C[C@H]1C[N@+]2(Cc3cc(C(C)(C)C)c(OC)c(C(C)(C)C)c3)CC[C@H]1C[C@H]2[C@H](O)c1ccnc2ccccc12.[Br-],1.009367117
Cc1nn(C)cc1-c1nn(-c2ccccc2)c(-c2cn(C)nc2C)c1C,1.84327622
CCc1nc(N)nc(N)c1-c1ccc2c(c1)N(CCC(=O)NC)C(=O)C(C)(c1cc(F)cc(F)c1)O2,1.568225199
O=C(Cc1nc(N2CCOCC2)cc(=O)[nH]1)N1CCc2ccccc21,0.815465612
c1ccc(Cn2nnnc2C(c2ccc3c(c2)CCO3)N2CCCN(C3CCC3)CC2)cc1,1.300986564
O=C(CCCOc1ccc(F)cc1F)Nc1ccc2nc[nH]c(=O)c2c1,1.4067380835
CC1=CC=C(C=C1)S(=O)(=O)NC2CCC(CC2)C(C)(C)C,0.593286067
N#Cc1c[nH]c(C(=O)Nc2ccc(C3CCN(C(=O)[C@H](O)CO)CC3)cc2C2=CCCCC2)n1,1.774373492
COc1cc(Br)c(S(=O)(=O)NC2CCN(C(C)=O)CC2)cc1OC,1.9039864905
CC(C)CC(=O)Nc1ccc(-n2cnc(C(=O)NCc3ccccc3Cl)c2)nc1,2.558242646
CNCC1(c2cccc(Cl)c2)CCCCC1,2.318105092
CC1=C(C(N=C(N1)NC2=NC3=CC=CC=C3O2)C4=CC=CC=C4Cl)C(=O)NC5=CC=CC(=C5)C6=CNN=C6,1.691435152
CCOc1cc(=O)n2c(c1C(=O)NCCCN1CCCc3ccccc31)CCCCC2,0.5133362235000001
CC(C)C(=O)N[C@H]1CC[C@H](n2cnc3cnc4[nH]ccc4c32)CC1,2.209515015
CC(=O)c1c(Nc2ccc(C)cc2Cl)[nH]c2c(F)ccc(C)c2c1=O,0.4516035115
COc1c(Cl)c(-c2cc(C3(O)CCCCC3)on2)c(OC)c2c1OCO2,0.887868603
O=C(/C=C/c1ccc2c(c1)C(=O)CC1(CCN(Cc3ccccc3)CC1)O2)NO,1.541363925
FC(F)(F)c1ccccc1-c1ccc2[nH]c(/C=C/C3CCSCC3)nc2c1,1.238247268
O=S(=O)(c1ccc(C(F)(F)F)cc1)N1C2CC[C@@H](c3ccccc3)C1c1cn[nH]c1C2,1.069493576
CCCCCn1cc2c(=O)n(CC34CC5CC(CC(C5)C3)C4)nc-2c2ccccc21,1.969362375
CC(C)Nc1ccnc(N2CCN(Cc3cccs3)C(CCO)C2)n1,0.8430965260000001
CC(C)[C@]1(C(=O)N2C[C@@H]3C[C@H]2CN3C(=O)C2CC2)CC[C@@H](NC2CCOCC2)C1,2.079181246
COc1cc(-c2cn[nH]c2)cc2c(=O)[nH]c(C3COc4ccccc4O3)nc12,1.34246216
CN/C(=N/c1cc(C)nn1-c1ccccc1)c1ccc(F)cc1,1.2255044135
CN(C)CCCNC(=O)Cn1cc(CN2CCN(c3cc(C(=O)Nc4ccc5c(c4)-c4c(c(C(N)=O)nn4-c4ccc(F)cc4)CC5)c(Cl)cn3)CC2)cn1,1.556302501
COc1ccc(-c2nc(-c3ccc(OC)cc3)c(-c3ccc(OC)cc3)s2)cc1,2.149435756
CC(=O)C1=CC(=C(C=C1)O)C(=O)N,2.079181246
COc1cc(Cl)c(NC(=O)c2cc(S(=O)(=O)N3CCOCC3)cn2C)c(OC)c1,1.6086697985
O=C(N[C@@H](Cc1c[nH]c2ccccc12)C(=O)Nc1ccncc1)C1CCC(F)(F)CC1,0.77815125
CCNCCNc1cc(-c2ccc(Cl)c(Cl)c2)c(C#N)c2nc3ccccc3n12,1.609674042
CCCCCCSc1nc2cc(OC)ccc2[nH]1,0.579760738
CC(C)(C)c1ccc(C(O)CCCN2CCC(C(O)(c3ccccc3)c3ccccc3)CC2)cc1,1.2539704194
Cc1c(Cl)cccc1S(=O)(=O)NC(C)(C)CC(=O)N[C@H]1C2CC3CC1C[C@](C(N)=O)(C3)C2,1.900699678
C=C(C)[C@@H]1CC[C@]2(C(=O)NCCCCCCCNC(=O)[C@H](CCC(N)=O)NC(=O)OC(C)(C)C)CC[C@]3(C)[C@H](CC[C@@H]4[C@@]5(C)CC[C@H](O)C(C)(C)[C@@H]5CC[C@]43C)[C@@H]12,1.277150614
CN(C)CCOc1cc(-c2cn[nH]c2)ccc1NC(=O)[C@@H]1Cc2ccccc2CN1,1.991137435
COc1cccc(N(Cc2n[nH]c(=O)[nH]2)C(=O)CCC2CCCC2)c1,1.6325310145
Cc1c(O)ccc(C(=O)Cc2ccccc2F)c1O,1.7283300835
COCCOc1cc2ncnc(N3CCN(C(=O)Nc4ccc(Oc5cccc6cnccc56)cc4)CC3)c2cc1OCCOC,1.176091259
CCOc1ccc(CCNS(=O)(=O)c2ccc3c(c2)C(C)(C)C(=O)N3)cc1OCC,0.654701031
COCCOc1cc2c(N3CCN(C(=O)Nc4ccc(C#N)cc4)CC3)ncnc2cc1OCCN1CCCC1,1.845222106
Cc1c(-c2cc(-c3cnn(C)c3C)n(Cc3ccc(Cl)c(Cl)c3)n2)cnn1C,0.8995451059999999
COC(=O)c1ccc(-c2cc(C#N)cc(C3(C(C)C)C=C(N)Oc4n[nH]c(C)c43)c2)s1,0.477121255
COc1ccc(NC(=N)NCCCOc2ccc(F)cc2)cc1,1.365487985
O=C(N[C@@H](Cc1ccc(F)c(Br)c1)C(=O)O)c1ccc(Br)cc1NS(=O)(=O)c1cccc2nccnc12,1.227204795
CSc1ccccc1Nc1nc(N2CCNCC2)nc2c(NCC3CC3)ncnc12,1.734181218
COc1ccc(S(=O)(=O)[C@H]2CS(=O)(=O)C[C@@H]2NCc2ccc3c(c2)OCO3)cc1C,0.643943808
O=C(CNC(=O)Cc1ccccc1)NCC(=O)OCc1cccc(C(=O)c2ccccc2)c1,0.910323409
Cc1cc(C#N)cc(C(=O)NCc2ccc3c(c2)OCO3)c1NC(=O)c1cc(Br)nn1-c1ncccc1Cl,1.3782624285
CCC1=CC=C(C=C1)CNC(=O)C2=C(C3=C(S2)N=CC=C3)N4C(=CC=C4C)C,0.278753601
CN1C/C=C/CCOc2cccc(c2)-c2ccnc(n2)Nc2ccc(N3CCOCC3)c(c2)C1,1.322219295
COc1cccc(-c2nc3ccc(OCCCN4CCCCC4)cc3c(=O)n2CC(=O)NC2CC2)c1,1.994238833
Cc1ccn(-c2ccc(NS(=O)(=O)c3ccc4c(c3)Cc3ccccc3-4)cc2)n1,1.7794095885
N#CC1(n2cc([C@@H](NC(=O)c3ccsc3)C3CCCC3)nn2)CC1,1.602081706
Cc1cc(C)c(C)c(S(=O)(=O)N2CCN(CCc3cn(C)nn3)CC2)c1C,0.8085640315
O=C(NCc1ccc(S(=O)(=O)N2CCCCC2)cc1)Nc1cccnc1,1.783298428
O=[N+]([O-])c1cn2c(n1)O[C@H](COc1ccc(-c3ccc(F)cc3)nc1)CC2,1.954301404
C1CN(CCN1CCCNC(=O)CN2C(=O)C3=C(C=N2)C4=CC=CC=C4N3)C5=CC=CC=C5,2.079181246
CCN(CC)CCCC(C)Nc1ccnc2cc(OC(F)(F)F)ccc12,2.065280871
CONC(=O)c1cn(-c2ccc3c(c2)CCC3)c2nc(Nc3ccc(C4CCNCC4)cc3)ncc2c1=O,2.357106862
O=C1COc2c(Cl)cc(Cl)cc2N1Cc1nnc(-c2ccccn2)n1CCC(F)(F)F,0.893185909
CCC1=C2C=C(C=CC2=NC3=C4C=C5C(COC(=O)[C@@]5(CC)O)C(=O)N4CC13)OC(=O)N6CCC(CC6)N7CCCCC7,2.079181246
O=C(NC1CCCC1)N1Cc2c(sc3c2CCCC3)-n2cccc2C1c1cccc(F)c1,0.7740114645
CN(c1ccccc1F)S(=O)(=O)c1cc(C(=O)N2CCN3CCC[C@@H]3C2)c(Cl)cc1F,0.353671036
CC1CCCN(c2ncc(CN(Cc3ccccc3)C3CCN(C)CC3)cn2)C1.Cl,0.7364861825
CCOc1ccc(S(=O)(=O)N2CCC3(CC2)Nc2ccccc2-n2cccc23)cc1,0.8598623675
COc1cc(Br)ccc1C1NCCc2c1[nH]c1ccccc21,1.4752752425
CN1CCN(c2ccc(Nc3ncc4ccc(-c5ccccc5N(C)S(C)(=O)=O)n4n3)cc2)CC1,1.602081706
N#C[C@@H]1CCCN1C(=O)c1ccccc1C(=O)NCc1ccccc1,1.491389712
CC(C)(C)c1cc(NC(=O)[C@@H]2CCC(=O)N2c2ccc(F)cc2)on1,1.995635195
Cc1nc2c(C(F)(F)F)cccc2n1-c1cccc(Oc2cc(F)cc(S(C)(=O)=O)c2)c1,1.477121255
CCCS(=O)(=O)N1CCN(C2(CNC(=O)c3ccc(Cl)c(Cl)c3)CCCCC2)CC1,1.142473713
N[C@H]1CC[C@H](Nc2ccc3ncc(-c4cnc(NCc5ccccn5)nc4)n3n2)CC1,2.732824859
O=C(c1ccc(Oc2ccc(Cl)c(Cl)c2)nc1)N1CCCN(C2CCC2)CC1,1.237330039
O=C(Nc1ccc2sc(-c3cccc(F)c3)nc2c1)N1CCCCC1,0.949292401
COCCOc1cc2ncnc(N3CCN(C(=O)Nc4ccc(OC(C)C)cc4)CC3)c2cc1OCCOC,1.934397441
C1C[C@H](C(=O)N(C[C@@H]1C2=C(C(=CC=C2)F)F)CC(F)(F)F)NC(=O)N3CCC(CC3)N4C5=C(NC4=O)N=CC=C5,1.779596491
Cc1nc(C)c(-c2csc(Nc3ccc(C(=O)N4C5CCC4CN(c4ncccn4)C5)cn3)n2)s1,0.926111465
O=S1(=O)N=C(N2CCN(c3ccccc3)CC2)c2ccccc21,2.1249267085000003
CC(C)CC1n2cncc2CN(CC2CC2)S1(=O)=O,1.740378482
O=C(Cc1cccc2ccccc12)Nc1ccsc1-n1ccnc1,1.069493576
COCC[C@H]1C[C@@H]1c1cncc(OC[C@@H]2CCN2)c1,2.377546323
CCCOC(C1=CC=CC=C1)(C2=CC=CC=C2)C(=O)OC3CCN(CC3)C.Cl,1.053462605
Cc1nc2nc(Cl)n(Cc3ccc(-c4cc(CC(C)C)sc4S(=O)(=O)NC(C)(C)C)cc3)c2cc1-c1ccccc1,0.70394142
CC(C)Cc1nc2nccc(-c3ccncc3)n2n1,2.1738454775
Cc1cccc(OC(CC2CNC2)c2ccc(Cl)c(F)c2)c1,1.308644046
CCC1=CC=CC2=C1OC(=C2)C(CNC(C)(C)C)O,1.984122083
Cc1nc2ccccc2n1-c1ccc(C(=O)N(C)[C@@H]2CCN(C(C)C)C2)cc1,1.146065989
Cc1c(C#N)c2ccccc2n1Cc1nc(CCc2ccccc2)n[nH]1,0.8852019120000001
CC(C)(CC(=O)N[C@H]1C2CC3CC1C[C@](C(N)=O)(C3)C2)NS(=O)(=O)c1c(F)cccc1F,2.139479458
Cc1cc(N2C(=O)C(C)(C)N(CCCS(N)(=O)=O)C2=S)ccc1C#N,2.225398675
CCN(CC)CCCC(C)Nc1ccnc2cc(Oc3ccccc3)ccc12,2.490622271
C=Cc1cnc(N2CCC[C@@H](N)C2)n(Cc2ccccc2C#N)c1=O,2.214790882
CCCNS(=O)(=O)c1nc2nc(C)cc(C)n2n1,1.9079906485
CCC(CC)C(=O)N/C(=N/c1nccn1C(C)(C)C)Nc1ccc(Cl)c(Cl)c1,1.414939939
COc1cc(OC)c2[nH]c(C(=O)OCc3ncc(Cl)n3C)cc2c1,0.7572214614999999
CC(C)(C)c1cc(NC(=O)[C@@H]2CCCCN2Cc2ccccc2)no1,1.00008685
Cc1cc(C(=O)NC2CCCc3c2[nH]c2ccccc32)c2c(C)noc2n1,1.9193347585
CC1(/C=C/c2nc3cc(-c4ccccc4C(F)(F)F)ccc3[nH]2)CCOCC1,1.161365038
C=CCn1c(=O)n(Cc2cccnc2)c2nc(N)nc(Cl)c21,2.0271453495
CCc1ccc(-c2nc3c(=O)n(Cc4ccccc4)c(=O)nc-3n(C)n2)cc1,2.355987592
CC(=O)N[C@H](CCNC(=O)c1cc(NC(=O)c2cc(NC(=O)c3cc(NC(=O)c4nccn4C)cn3C)cn2C)cn1C)C(=O)Nc1cn(C)c(C(=O)Nc2cc(C(=O)Nc3cc(C(=O)Nc4cc(C(=O)NCCCN(C)CCCNC(=O)c5cccc(C(=O)O)c5)n(C)c4)n(C)c3)n(C)c2)n1,2.596298824
CC(C)(C)C(=O)Nc1cc(NC(=O)C(C)(C)C)cc(C(=O)Nc2c[nH]c(=O)[nH]c2=O)c1,0.6205860830000001
Cc1c(Cl)cccc1Oc1cccn2c(C3CCNC(=O)CC3)nnc12,2.130764868
C1=CC(=CC=C1N/C(=N/C(=NCCCCCCN=C(/N=C(/NC2=CC=C(C=C2)Cl)\N)N)N)/N)Cl.Cl.Cl,2.079181246
Cc1ccncc1-c1cccc2c1cnn2-c1cccnn1,1.774373492
CC1CN(CCN1C2=CC=CC(=C2)C)C(=O)CCC(=O)NNC3=NC4=CC=CC=C4C5=NC(=NN53)C,0.82672252
CCNC(=O)N1CC(N)C(c2ccc(Cl)cc2Cl)C1,2.255272505
FC1(F)CCC2(CC1)CC(c1nc3cc(-c4ccccc4C(F)(F)F)ccc3[nH]1)=NO2,1.222238291
Cc1ccc(-c2nnc(C(C)N3CCc4sccc4C3)o2)cc1,0.8234206905
Cc1ccc(C(=O)N(CCCN)[C@@H](c2oc3cc(Cl)ccc3c(=O)c2Cc2ccccc2)C(C)C)cc1,2.489958479
O=C(COc1ccccc1)NCCn1cc(-c2ccncc2)c(-c2ccccc2F)n1,0.8434105599999999
CCCOc1cccc([C@@H]2c3ccc(OC)cc3OC(=O)[C@H]2C(C)(C)O)c1,1.5821098645
CCCN[C@@H]1CC[C@H](NC(=O)CNC(=O)c2cccc(C(F)(F)F)c2)C[C@@H]1CS(=O)(=O)c1ccccc1,0.496969034
COC1=CC2=C(C=C1)N=C(N2)[C@H]3CCN(C3)CC4=CC(=CC=C4)C#N,1.090963077
CN1C(=O)C(O)(C2OC(C)(C)CCC2=O)c2ccccc21,1.4328325805
CO[C@@H]1CC[C@@]2(C)[C@H](CC[C@H]3[C@@H]4CC[C@@]5(CC(C)=C4C[C@@H]32)O[C@@H]2C[C@H](C)CN[C@H]2[C@H]5C)C1,1.300986564
COc1ccc(-c2cc(CNC(=O)NCC34CC5CC(CC(C5)C3)C4)no2)cc1,0.634151234
COC1=CC(=C(C=C1)OC)C2=NN=C3N2N=C(CS3)C4=CC(=C(C=C4)OC)OC,1.152394719
CC(C)(NC(=O)c1nn(-c2ccc(F)cc2F)c2c1C[C@H]1C[C@@H]21)c1ccncc1,1.322219295
COCc1cc(=O)n2c(n1)N(Cc1cccc(C#N)c1)CC2,2.05867942
COc1cc(OC)c(-c2[nH]nc3c2C(=O)CCC3)cc1OC,1.505968693
CN(C)CCn1cc(NC(=O)c2cccc(-n3cc(NC(=O)Nc4ccccc4Cl)cn3)c2)cn1,1.544043227
c1ccc(-c2ccc3c(C4CCCC4)cncc3c2)cc1,1.1018661294999998
Cc1cc(C)c2c(c1)C(NC(=O)c1ncoc1C1CCCO1)CCO2,1.4739986405
C[C@@H]1C[C@H]([C@H](O)C(C)(C)O)O[C@H]2[C@H]1[C@@]1(C)CC[C@@]34C[C@@]35CC[C@H](O[C@H]3CNCCO3)C(C)(C)[C@@H]5CC[C@H]4[C@]1(C)[C@H]2O,1.656943418
[2H]C([2H])([2H])Oc1ccc(-n2nc3c4ccc(Br)cc4[nH]cc-3c2=O)cc1,2.308885475
CN1CCC(Nc2ccn(-c3ncccc3C(F)(F)F)n2)CC1,2.382811241
O=C(Cc1cccc2cnccc12)Nc1ccsc1-c1cscn1,0.810242493
[2H]C([2H])([2H])Oc1ccc2c(c1)C(=O)N1CCC[C@H]1c1c(C(=O)OCC(C)C)ncn1-2,2.2714091190000003
CCc1nc2cc(Cl)ccn2c1C(=O)NCc1ccc(-c2ccncc2)cc1,1.460927897
CCC1(N2CCN(C(=O)c3sccc3C)CC2)CCN(S(C)(=O)=O)C1,1.5816013375
Cn1c(=O)c2cc(C(=O)O)c(=O)n(C)c2n(C)c1=O,1.9133152355
CCOC1=CC(=C(C=C1C(=O)CCC(=O)O)OCC)OCC,2.079181246
CC(=O)N1CCC(c2ccc(NC(=O)c3ncc(C#N)[nH]3)c(C3=CCCCC3)c2)CC1,2.130764868
COc1cnc(-n2ccc(C(F)(F)F)n2)c2[nH]cc(C(=O)C(=O)N3CCc4c(cccc4-c4ccccn4)C3)c12,0.177579777
CCC(=O)Nc1ccc(C(=O)OCc2ccc(C(=O)c3ccccc3)cc2)cc1,1.6736353295
Cc1cccc(NC(=O)c2nc(C)n(-c3ccc(F)cc3)c2C)n1,1.643432935
O=C(O)C1=Cc2cc(Cl)cc(-c3ccc(CO)cc3)c2OC1C(F)(F)F,2.457185446
COc1cc(Cn2c(=O)[nH]c(O)c(C(C)=O)c2=O)cc(OC)c1,0.8497104695
C(=C/CN(C[C@H]1Cc2ccccc2CN1)[C@H]1CCCc2cccnc21)\CNCc1ccccn1,0.774591962
Cc1ccc(C(=O)N2CCc3c([nH]cnc3=O)C2)s1,1.539404747
CCN(CC1=CC=NC=C1)C(=O)[C@@H](CO)C2=CC=CC=C2,2.079181246
CNC(=O)c1c(-c2ccc(F)cc2)oc2nc(CCC(F)(F)F)c(-c3cccc(C(=O)NC(C)(C)c4ncon4)c3)cc12,2.079181246
COc1ccc(C)cc1N(C)C(=O)c1cc2ccc3cccnc3c2[nH]1,0.555447853
CN(C)c1nc(N2CCOC3(CCCC3)C2)ncc1F,0.6816758105
Cc1cc(-c2nnc(Cn3cnc4c3c(=O)n(C)c(=O)n4C)o2)c(C)o1,1.768358315
COc1ccc(-c2csc(N/N=C3\CC(=O)c4ccccc43)n2)cc1OC,1.8547296125
CCOCc1c(C(=O)NCc2cncn2C)cnn1-c1ncc(C)c(N2CCC2)n1,1.879504297
COc1ccc2nc(NC(=O)C(CC3CCCC3)c3ccc(S(=O)(=O)NC4CCCCC4)cc3)sc2n1,0.681241237
CN(C)C(=O)N1CCC(Oc2nc(-c3cccc4[nH]ncc34)nc(N3CCOCC3)n2)CC1,2.588717899
Cc1nc2c(s1)CN(C(=O)CNS(=O)(=O)c1ccc(Oc3ccccc3)cc1)CC2,1.0616702915
Cc1ccc(Cn2c(=O)c3nn(C)cc3n3c(=O)n(Cc4nc(-c5ccccc5)oc4C)nc23)cc1,1.1715570205
C1CCC(CC1)C(=O)NC2=NN=C(O2)C3=CC4=C(C=C3)OCCO4,-0.244125144
O=C(NC1CC1)c1ccc2c(c1)CC(c1nc3ccc(-c4cn[nH]c4)cc3c(=O)[nH]1)CO2,2.029302594
CCc1nc(N)nc(N)c1-c1ccc2c(c1)N(CCCOC)C(=O)C(C)(c1ccc(F)c(F)c1)O2,1.00008685
O=C(NCc1ccccc1OC(F)(F)F)N1CCC(Oc2ncccn2)CC1,1.73239376
CCC(=O)N1CC2Cc3[nH]ncc3C(C1)N2S(=O)(=O)c1ccc(Cl)cc1,2.139479458
Cc1nc2c([N+](=O)[O-])c(Cl)c(Cl)cc2n1Cc1ccc(B(O)O)cc1,1.857332496
C=CCOC(C)C1=CC(C)(C)Nc2ccc(-c3cc(F)ccc3OC)cc21,0.77815125
CS(=O)(=O)N(Cc1ccco1)Cc1ccc(C(=O)O)o1,2.801114837
CN(C)C(=O)N[C@H]1CC[C@H](CCN2CCN(c3cccc(Cl)c3Cl)CC2)CC1.Cl,2.530961237
COc1nc(C)c(Nc2nc(Cl)cn([C@H](COC(=O)Nc3ccccc3)C3CC3)c2=O)cc1C,0.784136179
CCN(CC)c1nn(CCC(C)C)c(=O)c(C2=NS(=O)(=O)c3cc(NS(C)(=O)=O)ccc3N2)c1O,1.114010162
CC(C)OCC1n2cncc2CN([C@@H](C)c2ccc(Cl)cc2)S1(=O)=O,0.698952632
CCCCCCCCC(=O)NCC1=CC(=C(C=C1)O)OC,0.56937391
COc1cccc(F)c1OC1CN(Cc2cnn(-c3ccccc3)c2C)C1,1.479978181
CC(c1ccccc1Cl)N1CCN(Cc2cc[nH]n2)CC1,1.6799235665
O=C(CCC1N=C(O)N(Cc2ccco2)C1=O)Nc1ccc2cc[nH]c2c1,2.938424543
CCS(=O)(=O)c1ccc2oc(-c3ccc4ccccc4c3)nc2c1,2.021189299
COc1ccc2c(c1)CCCN2c1nc(C)nc2ccccc12,1.401193685
N#CC1(n2cc([C@@H](NC(=O)c3cccc(Cl)c3)C3CCCCC3)nn2)CC1,0.845222106
O=C(O)CCc1nnc2[nH]c3ccccc3n2c1=O,1.7739365045
FC(F)(F)c1ccccc1-c1cc(C(F)(F)F)c2[nH]c(C3=NOC4(CCCCC4)C3)nc2c1,1.875268133
COCCn1c(CCNC(=O)C2CCCN(c3ncccn3)C2)nc2ccccc21,0.8588430295
O=S(=O)(Nc1cccc(CO)c1)c1ccc(-c2ccccc2F)cc1,0.954242509
C[C@H](c1ccc(F)cc1)N1C(=O)O[C@](Cc2ccccc2)(c2nc3c(Cl)cccc3[nH]2)C1=O,1.699359545
Cc1cnc(C(=O)N(CCC(=O)NC(C)C)CC2CCCO2)cn1,1.6771263555
CCc1cncc(C2=CC[C@H]3[C@@H]4CCN5CCCCC[C@]5(C)[C@H]4CC[C@]23C)c1,8.68502e-05
CC1=CC2=C(C=C1)N(C3=C2CN(CC3)C)CCC4=CN=C(C=C4)C,0.938019097
C[C@H](c1ccccc1)N1C(=O)O[C@](Cc2ccccc2)(c2nnc(C3(c4ccccc4)CC3)o2)C1=O,1.568118514
CN1C[C@@H]2CCCC[C@]2(c2ccc(Cl)c(Cl)c2)C1,1.792251572
Cc1ccc(-c2noc(=O)n2Cc2ccc(S(=O)(=O)N(C)C)cc2)cc1,0.7709581235
O=C(/C=C/c1cc(Cl)ccc1-n1cnnn1)N[C@@H](Cc1ccccc1)c1nc(-c2ccc3[nH]c(=O)cc(O)c3c2)c(Cl)[nH]1,1.748172516
CCOc1ccc(C(=O)C2=CN(c3ccc(C#N)cc3)c3ccccc3S2(=O)=O)cc1,1.598114974
CN(Cc1ccc(-c2ccccc2S(N)(=O)=O)cc1)C(=O)[C@@H]1CCC[C@H]1C(=O)NCc1ccc(OC(F)(F)F)cc1,1.111272488
O=c1[nH]c2cc(S(=O)(=O)N3CC[C@H]4[C@H](C3)OCc3cnnn34)ccc2o1,2.0927240975
COc1ccc(-c2cc(Cl)cc3c2OC(C(F)(F)F)C(C(=O)O)=C3)cc1C,2.076516327
Cc1nc(N2CCC(N3CCOCC3=O)CC2)nc2ccc(NC(=O)/C=C/c3ccc(OC(F)(F)F)cc3)cc12,1.568118514
CC(C)CCn1nc(-c2cccs2)c(O)c(C2=NS(=O)(=O)c3cc(C(N)=O)ccc3N2)c1=O,0.568225199
Cc1noc(C)c1S(=O)(=O)N1CCC(OCc2noc(C3CCCO3)n2)CC1,1.330101445
CC(C)CN1C(=O)C2C3CC4C5(C)CCCC(C)(C(=O)O)C5CCC4(C=C3C(C)C)C2C1=O,1.8599433335
CN(C)Cc1[nH]ncc1-c1ccc(-c2ccc3c(C(N)=O)nn(-c4ccc5onc(N)c5c4)c3c2F)c(F)c1,1.051113536
CC(C)(C)Cn1nc(-c2cccs2)c(O)c(C2=NS(=O)(=O)c3cc(OCC(N)=O)ccc3N2)c1=O,1.431363764
CC[C@H]1OC(=O)[C@H](C)[C@@H](O[C@H]2C[C@@](C)(OC)[C@@H](O)[C@H](C)O2)[C@H](C)[C@@H](O[C@@H]2O[C@H](C)C[C@H](N(C)C)[C@H]2O)[C@](C)(O)C[C@@H](C)CN(CCNC(=O)NCc2ccccc2)[C@H](C)[C@@H](O)[C@]1(C)O,2.079181246
O=C(Nc1nncn1-c1ccccc1)c1cnc2ccccn12,2.3965710815000003
C#Cc1ccc2c(c1)C(c1ccccn1)=NCc1c(-c3nc(CC)no3)ncn1-2,2.343385842
CC(C)OC(=O)N1CCC(CNc2ncnc3c(-c4ccc(S(C)(=O)=O)cc4)csc23)CC1,2.104838565
CC(C)CN(C(=O)c1cccc(Cl)c1Cl)[C@H]1CCNC1,2.079181246
O=S1(=O)N=C(N2CCCCC2)c2ccccc21,3.3953662635
C/C=C/Cn1c(C(=O)c2ccccc2)c(C(C)C)c(=O)[nH]c1=O,3.315766141
O=C(NC1CCOCC1)c1nn(-c2ccc(F)cc2F)c2c1C[C@H]1C[C@@H]21,1.591064607
O=S(=O)(/N=C(\NC1CCCCC1)c1ccccc1)c1ccccc1,3.315766141
O=C(Cc1cc(C(F)(F)F)cc2ncccc12)Nc1scc(Br)c1-c1ncn[nH]1,1.249321963
Cc1ccc(CO)c(-c2ccc3c(c2)CNCC2(CCC2)O3)c1,1.256917355
Fc1ccc2nccc(Nc3ccccc3F)c2c1,2.3293837565
CCCNC(=O)NC(=O)CNC1(C(=O)OC(C)(C)C)CCCC1,0.7208233660000001
CC(C)(C)c1cc(NC(=O)[C@@H]2CCCCN2C(=O)CN2CCS(=O)(=O)CC2)no1,1.863441829
c1ccc2c(-c3noc4c3CNCC4)cccc2c1,1.517101047
Cc1ccc2c(c1)CC(c1nc3ccc(-c4cn[nH]c4)cc3c(=O)[nH]1)CO2,1.491389712
Cn1cc(S(=O)(=O)N2CCc3sccc3C2c2cccs2)c(=O)n(C)c1=O,0.8235648925
Cc1ncc(CN(C)c2nnc(C)c(C)c2C#N)s1,1.7963883975
CC(C)[C@]1(C(=O)N2C[C@@H]3C[C@H]2CN3C(=O)C2CCOCC2)CC[C@@H](NC2CCOCC2)C1,2.079181246
CN(Cc1nccs1)S(=O)(=O)c1ccc2c(c1)CN(S(C)(=O)=O)CC2,1.2219993145
Cc1ccc(S(=O)(=O)c2cn(CC3CCCO3)c(=O)n(-c3ccccc3)c2=O)cc1,0.964554277
Cn1c(=O)c(F)c(Nc2ccc(I)cc2F)c2c(=O)n(C[C@H](O)CO)cnc21,2.26245109
CCC(=C(C1=CC=CC=C1)C2=CC=C(C=C2)OCCN(C)C)C3=CC=CC=C3,1.975263113
COCC(=O)NC(c1ccccc1)c1ccccc1,2.9144020305
O=C(/C=C/c1cccnc1)NCCCCC1CCN(C(=O)c2ccccc2)CC1,1.436319001
CCC(C1=CC=C(C=C1)N2CC3=CC=CC=C3C2=O)C(=O)O,2.079181246
CCOC(=O)c1c2ccc(N(CC)CC)cc2n2c(Cl)cccc12,1.513617914
CC(=O)NCCO/N=C/c1cc(C(=O)NOCCO)c(Nc2ccc(I)cc2F)c(F)c1F,2.556302501
O=C1[C@@H]2CCCN2/C(=N/c2ccccc2)N1c1ccccc1,1.7174941069999998
O=C(C1CC(=O)N(c2n[nH]c3cc(Br)ccc23)C1)N1CCCC1,3.315766141
CCO[C@H]1CN(Cc2cccc(F)c2OC)C[C@@H]1O,1.801645878
O=C1N=C(O)C(CCc2ccncc2)(Cc2ccc(OCc3ccccc3)cc2)C(=O)N1,1.1352359755
CCC1=NOC(CNC(=O)c2cc(C)c(CC)n(C)c2=O)C1,1.7312809995
C1CN(CCC1(CN2C=NC3=C(C2=O)C=CC(=C3)Cl)O)C(=O)CCC4=CC=CC=C4,0.499687083
O=C(Nc1ccc(-c2cn[nH]c2)cc1)C1COc2ccc(F)cc2C1,2.021189299
Cc1ccc2c(c1)CC(c1nc3ccc(-c4ccnc(N)n4)cc3o1)CO2,1.397974751
CCCS(=O)(=O)N1CCN(C2(CNC(=O)c3c(Cl)cccc3Cl)CCCCC2)CC1,1.074095697
COc1cccc(C(CCO)NC(=O)Nc2ccc(-c3cn[nH]c3)cc2)c1,2.049295568
N[C@@H](CC(=O)N1CCC[C@H]1CNC(=O)C1CCCC1)Cc1cc(F)c(F)cc1F,1.851135995
CC(=O)c1ccc2c(c1)S(=O)(=O)N=C(c1c(O)c(-c3cccs3)nn(CCC(C)C)c1=O)N2,0.633488655
COCCN1N=C(C)Cn2c1nc1c2c(=O)n(Cc2ccccc2Cl)c(=O)n1C,2.047831832
C[C@H]1CN(c2nnc(-c3ccccn3)c3ccccc23)CCN1C(=O)c1ccccc1,2.295268828
Cc1ccccc1-c1ccc(-n2cncc2C(=O)N2Cc3ccccc3C2)cc1,1.772309781
CCOC(=O)N1CCN(C(=O)C2CCC(CNS(=O)(=O)CC)CC2)CC1,1.7815221905
CCCN(CCC)Cc1ccc(CCn2ccc(OCc3ccc(F)cc3)cc2=O)cc1,0.654701031
COc1ccc(-c2n[nH]c(-c3ccccn3)n2)cc1,1.408264702
CCN1C2=C(C(=NC=C2OCCCN)C#CCO)N=C1C3=NON=C3N,2.079181246
CC1CCC(C(=O)Nc2ncc(SCc3ncc(C(C)(C)C)o3)s2)CN1,1.774486271
CC(C)(C)NS(=O)(=O)c1ccc(CCC(=O)N2CCCCCC2)cc1,1.6514816015
COc1ccc2c(n1)c1c(n2-c2ccccn2)CCC1,0.421393786
CCc1ccccc1OCCNCCCCN1C(=O)C2CCCN2C1=O.Cl,2.136657162
COc1ccc(-n2nc(C(N)=O)c3c2C(=O)N(c2ccc(C4(CN5CCCC5)CC4)cc2)CC3)cc1.O=C(O)C(F)(F)F,2.300986564
COC(=O)c1ccc(Oc2c(C)nn(C(=O)c3ccc(Cl)nc3)c2C)cc1,3.0721279515
O=C(Cc1nc(N2CCOCC2)cc(=O)[nH]1)N1CCc2c(-c3ccccc3)cccc21,1.179822163
COC[C@]12Cc3cnn(-c4ccc(F)cc4)c3C=C1CCN(S(=O)(=O)c1ccc(F)cc1)C2,1.568118514
Cc1nc(C2CCN(C(=O)[C@@H]3CN(C(C)(C)C)C[C@H]3c3ccc(F)cc3F)CC2)n(-c2ccc(Cl)cc2)n1,1.296830995
Cc1noc(C)c1CC(=O)NCC12CCC=C1NC(=O)CC2,3.315766141
CCOC(=O)c1cccc(NC(=O)Nc2ccc(-c3ccnc4[nH]cnc34)cc2)c1,0.9029814
NC(=O)OC(CCN1CCN(c2ccccc2)CC1)c1ccc(Cl)cc1,1.176091259
CCNC(=O)N[C@H]1CC[C@@H](Nc2ncc3ccc(=O)n(C(C)C)c3n2)CC1,1.204174266
CC1(COC(=O)Nc2ccc(Cl)cc2)CCC(C(C)(C)C)=NO1,3.315766141
CCN1CCN(CC1)C(=O)C2=CN3C=CN=C3C=C2,2.079181246
CC1=C(NC(=C1CCC(=O)O)C)/C=C\2/C3=C(C=C(C=C3)C4=CC=CC=C4)NC2=O,2.079181246
[2H]c1nc(C(C)(C)NC(=O)c2cc(-c3cc4c(C(=O)NC)c(-c5ccc(F)cc5)oc4nc3CCC(F)(F)F)cnc2OC([2H])([2H])[2H])no1,1.414939939
Cc1sc(-c2cccc3ccccc23)cc1C(=O)N1CCC(CO)CC1,1.222238291
C[C@@]12CC[C@H]3[C@]([C@@]14[C@H](O4)C(=O)O[C@H]2C5=COC=C5)(C(=O)C[C@@H]6[C@@]37COC(=O)C[C@@H]7OC6(C)C)C,1.127428778
CCCNC(=O)C1CC12CCN(C(=O)c1cc3sc(Br)cc3n1Cc1ccc(OC)cc1)CC2,0.765683453
C=CC[C@@H]1/C=C(\C)C[C@H](C)C[C@H](OC)[C@H]2O[C@@](O)(C(=O)C(=O)N3CCCC[C@H]3C(=O)O[C@H](/C(C)=C/[C@H]3CC[C@H](O)CC3)[C@H](C)[C@@H](O)CC1=O)[C@H](C)C[C@@H]2OC,0.414939939
CCN(CC)CCCN/C(=N\c1ccnc2cc(Cl)ccc12)c1ccccc1,1.322219295
Cc1cc(Nc2ccc(C(F)(F)F)cc2)n2ncnc2n1,2.36169007
CC[C@H]1C[C@H](C)[C@@]2(NC1=O)O[C@@H](C[C@H](O)[C@@H](C)CC/C=C/C=C(\C)[C@@H]1C/C=C/C=C/[C@H](O)[C@H](C)[C@@H](O)[C@@H](CCC(C)=O)C(=O)N[C@@H](C(C)C)C(=O)N[C@@H](Cc3cccc(O)c3)C(=O)N3CCCC(N3)C(=O)O1)[C@H](C)[C@H](O)[C@@H]2C,0.897737025
O=C(NOCCO)c1c(Nc2ccc(I)cc2F)c(Cl)c(=O)n2c1CCC2,1.672079377
CC(C)CCn1nc(-c2cccs2)c(O)c(C2=NS(=O)(=O)c3cc(S(=O)(=O)N(C)C)ccc3N2)c1=O,1.041313715
Fc1ccc(-c2ccnc3nc(-c4ccncc4)nn23)cc1,3.315766141
COc1cncc(C2=CC=C3[C@@H]4CCC5=CC(=O)CC[C@]5(C)[C@H]4CC[C@]23C)c1,8.68502e-05
COc1ccc(Cn2c(-c3c(C)n[nH]c3-c3ccccc3)nc3ccccc32)cc1,1.0257623875
COc1cc(/C=C/C(=O)NCCn2c(C(F)(F)F)cc3ccccc32)cc(OC)c1OC,1.3490667985
C[C@@H]1CN(c2ccc(F)cc2C(F)(F)F)CCN1S(=O)(=O)c1ccc(OC(F)F)cc1Cl,1.477121255
CC(C)C[C@H]1C(=O)N[C@@H](c2cnco2)CN1C(=O)c1cc(-c2ccc(F)cc2)on1,1.602081706
Cn1c(C(F)(F)c2nc3c(F)cc(F)cc3[nH]2)nc2ccc(C(=O)NCCOc3ccc(F)cc3)cc21,1.733882277
Nc1ncnc2c1nc(Sc1cc3c(cc1Br)OCO3)n2CCC1CCN(C=O)CC1,1.194432312
COC1=CC2=C3NCCN3C(=NC(=O)C4=CN=CC=C4)N=C2C=C1OC,1.653694795
CC(Cc1ccccc1)NC(=O)C1CCCNC1=O,2.078805522
C#Cc1ccc(Nc2c(C(=O)NOCCO)c3c(n2C)C(=O)CC3)c(F)c1,2.029302594
COc1ccc(C2C(C(=O)N3CCN(c4cc(Cl)ccc4C)CC3)CCC(=O)N2c2cc(OC)c(OC)c(OC)c2)cc1,1.271384185
O=C(O)CCC(CP(=O)(O)O)C(=O)O,2.644415838
C[C@@H]1CN(C(c2ccc(F)cc2)c2nnnn2Cc2ccccc2)C[C@H](C)N1C1CCC1,0.477121255
O=C(c1ccccc1)N1CCC(n2cnc3cnc4[nH]ccc4c32)CC1,1.924279286
Fc1cc(C(F)(F)F)cc([C@@](Cc2ccccc2)(Nc2nc3c(s2)CCC3)c2ccc(Cl)cn2)c1,1.34291389
O=S1(=O)CCC(CNCCCCN(C[C@H]2Cc3ccccc3CN2)[C@H]2CCCc3cccnc32)CC1,1.36210736
Cn1c(=O)cc(N2CCC[C@@H](N)C2)n(Cc2cc(Cl)ccc2Cl)c1=O,2.217483944
N#Cc1c[nH]c(C(=O)N2CC(=O)NC3CCCCC32)c1,1.78581616
CN(CCOc1ccc(F)cc1C(C)(C)C)C(=O)Nc1ccccc1C(=O)O,0.781133405
CC(=O)c1ccc(C(=O)NOCC(C)NC(=O)OC(C)(C)C)cc1,2.106311571
Cc1[nH]nc2c1C(c1cc(F)cc(N3CCC(CC(=O)O)CC3)c1)(C(C)C)C(C#N)=C(N)O2,2.287756955
C[C@H]1[C@@H]([C@H]([C@H]([C@@H](O1)OC[C@@H]2[C@H]([C@@H]([C@H]([C@@H](O2)OC3=C(OC4=CC(=CC(=C4C3=O)O)O)C5=CC(=C(C=C5)O)O)O)O)O)O)O)O,2.079181246
CCOC1=CC=C(C=C1)NC(=O)CN2C=C(C3=CC=CC=C32)C(=O)C4=CC=CS4,1.02201574
Cc1[nH]nc2c1C(c1cc(-c3ccc(S(=O)(=O)N(C)C)s3)cc(C(F)(F)F)c1)(C(C)C)C(C#N)=C(N)O2,0.477121255
CC(C)(C)NC(=O)c1ccc(C(F)(F)F)cc1,2.114010162
N#CCCCn1c(Cn2c(=O)n(C(F)F)c3ccncc32)nc2ccccc21,1.924279286
Cc1ccc(-c2sc3cc(Br)ccc3c2-c2ccc(C)cc2)cc1,1.823589082
N#Cc1nc(-c2cccc3ccccc23)oc1NCc1cccnc1,0.9184294215
CC(C)CCN(C)c1ccc(C=Nn2cnnc2)cc1,1.9742359035
O=C(CC1(c2cccnc2)C2CC3CC1CC(C2)C3O)N1CC(O)C1,1.662358204
CC(C)[C@H]1C(=O)c2[nH]ncc2[C@@H](C(C)C)N1S(=O)(=O)c1ccc(C(F)(F)F)cc1,0.256761023
O=C(NOC[C@@H](O)CO)c1c(Nc2ccc(I)cc2F)c(F)c(=O)n2c1CCC2,2.300986564
C[C@H]1CN(c2c(F)cc3c(=O)c(C(=O)O)cn4c3c2OC[C@@H]4C)C[C@H]1N,2.5079275775000003
c1ccc(COc2ccccc2-c2cscn2)cc1,0.8078514325
COCCN(C)C(=O)C1(C)CN(S(C)(=O)=O)CCO1,2.4015892255
Cc1ccc(-c2nc(C)c([C@H](OC(C)(C)C)C(=O)O)c(-c3ccc4c(c3C)CCCO4)c2C)cc1C,1.83238116
C1=C/CNCc2cccc(c2)Nc2nccc(n2)-c2cccc(c2)OCC/1,1.681241237
CC1(n2cnc3cnc4[nH]ccc4c32)CCN(CC(F)(F)F)CC1,1.982271233
COc1ccccc1Cn1c(C(=O)NCC2CC2)cc2sccc21,0.740408712
CC(C)CCn1nc(-c2cc[nH]c2)c(O)c(C2=NS(=O)(=O)c3cc(NS(C)(=O)=O)ccc3N2)c1=O,1.477121255
Oc1cc(O)c2c(c1)O[C@H](c1ccc(O)c(O)c1)[C@H](O)[C@H]2c1c(O)cc(O)c2c1O[C@H](c1ccc(O)c(O)c1)[C@H](O)C2,2.0021447455
Cc1ccc(C[C@H](NCc2ccccc2)c2cccs2)cc1,0.548538948
CCN1C(=O)C(c2cc(-c3cnn(C)c3)ccc2O)C(=O)N(c2ccccc2)c2cc(C(F)(F)F)ccc21,2.176091259
COCCN(C)C(C)(C)c1ccc(NC(=O)c2ncc(C#N)[nH]2)c(C2=CCC(C)(C)CC2)c1,0.496969034
CN(C)C1=C(C(=O)N(C1=O)C2=CC(=C(C=C2)Cl)Cl)Cl,0.844295998
Fc1cc(-c2ccccc2C(F)(F)F)cc2nc(C3=NOC4(CCCCC4)C3)[nH]c12,0.950667899
CC(C)N(C(=O)COC(=O)c1ccc(C(C)(C)C)cc1)C(C)C,0.654701031
O=C(NC[C@H](NS(=O)(=O)c1cccc(N2CCOCC2=O)c1Cl)C(=O)N1CCC(O)CC1)c1ccc(Cl)s1,1.156166767
CCOc1nc(NC(=O)C2(NC(=O)c3ccc4c(C5CCCC5)c(-c5ncc(Cl)cn5)n(C)c4c3)CCC2)cnc1/C=C/C(=O)O,2.164293359
COCCNC(=O)NC1(c2nc(C)no2)CCCCC1,2.1743742045000003
C[C@]12CCCCC1C(O)C[C@@H]1[C@@H]2CC[C@]2(C)C(n3ccnc3)=CC[C@@H]12,8.68502e-05
CC(=O)Nc1ccc(-n2nnc(C(=O)NCCCN(C)C)c2N)cc1,1.811947031
Cc1cc(C)cc(C(O)CN(C)Cc2cc(Cl)cn2C)c1.O=C(O)C=CC(=O)O,0.846060355
Cc1cc(CN2C(=O)C(C3=NS(=O)(=O)c4cc(NS(C)(=O)=O)ccc4N3)=C(O)[C@@H]3[C@@H]4CC[C@@H](C4)[C@@H]32)ccc1F,1.98471824
CN(C)CC(C)(C)Cn1c(CCc2ccccc2)nc2cc(/C=C/C(=O)NO)ccc21,1.77815125
Brc1cccc(Nc2ncnc3cc4c(cc23)OC(COCc2ccccc2)CO4)c1,0.6309330595
NC(=O)c1ccccc1OCCCN1CCN(c2cccc3c2ccn3S(=O)(=O)c2ccccc2)CC1,1.941092466
COc1cc(Br)c(S(=O)(=O)N[C@@H]2CCCN(C(=O)c3ccccc3)C2)cc1OC,1.32686728
CCn1nc(-c2cccc3cccnc23)cc1-c1cccnn1,0.438438771
O=C(Cc1ccccc1)Nc1nnc(O[C@@H]2CCN(c3nnc(NC(=O)Cc4ccccc4)s3)C2)s1,1.879504297
CCOC(c1ccc(Cl)cc1)C(n1ccnc1)[S+]([O-])C(C)(C)C,1.896644974
Oc1ccc(Br)c2c1CNC(CN1CCC3(CCc4ccccc43)CC1)C2,0.982271233
CC(CC(=O)N1C[C@@H]2C[C@H]1CN2C(=O)[C@@]1(C(C)C)CC[C@@H](NC2CCOCC2)C1)C(F)(F)F,2.079181246
c1ccc(CNCc2ccc(CN(C[C@H]3Cc4ccccc4CN3)[C@H]3CCCc4cccnc43)cc2)nc1,0.235069044
O=c1c2cc3c(=O)n(-c4cc(Cl)cc(Cl)c4)ccc3nc2ccn1CCCO,3.088866684
Cc1c(C(=O)OC(C)C)sc2ncn(CC(=O)O)c(=O)c12,2.152795039
COc1ccc(/C=C/c2cc(OC(C)=O)cc(OC3OC(COC(C)=O)C(OC(C)=O)C(OC(C)=O)C3OC(C)=O)c2)cc1OC(C)=O,0.6284297295000001
CCOC(=O)N1CCN(C(=O)c2ccc(-c3ccc(Oc4ccccc4)cc3)nc2)CC1,0.7757090765
CNc1nc(NCC(F)(F)F)c2sc(-c3ccc(C(F)(F)F)cc3)cc2n1,1.859033917
COC(=O)c1c(C)n(C(C)=O)c2ccc(NS(=O)(=O)c3ccc(F)cc3F)cc12,0.5290007240000001
CCCCc1c(C(=O)NCc2cnc(C)n2C)cnn1-c1ncc(C)c(-c2cccs2)n1,0.810242493
CCN(CC)C(=O)/C(=C(\C)/OP(=O)(OC)OC)/Cl,2.079181246
CN1CCC[C@@H]1C(=O)N1CCC(n2cnc3cnc4[nH]ccc4c32)CC1,2.225309282
CCC(C)CCn1nc(-c2cccs2)c(O)c(C2=NS(=O)(=O)c3cc(OCC(N)=O)ccc3N2)c1=O,1.397974751
O=C1c2[nH]ncc2C(C2CC2)N(S(=O)(=O)c2ccc(C(F)(F)F)nc2)C1c1cc(F)cc(F)c1,0.936300043
CCCN(CCC)CCC1=C2CC(=O)NC2=CC=C1,2.079181246
COc1cccc(CN(CCCN2CCOCC2)C(=O)Nc2ccc(-c3cn[nH]c3)cc2)c1,0.602081706
CCOC(=O)CCn1cc(CN2CCN(c3cc(C(=O)Nc4ccc5c(c4)-c4c(c(C(N)=O)nn4-c4ccc(F)cc4)CC5)c(Cl)cn3)CC2)cn1,0.477121255
Cc1noc(-c2ccc3c(c2)c2c(n3CCC[S+]([O-])c3cc(F)cc(F)c3)CCCC2)n1,0.602081706
C=C[C@@H]1C[C@]1(NC(=O)[C@@H]1C[C@@H](Oc2cc(-c3csc(NC(=O)C(C)C)n3)nc3c(Br)c(OC)ccc23)CN1C(=O)[C@@H](NC(=O)OC1CCCC1)C(C)(C)C)C(=O)O,2.285602311
CCOC1=CC=CC=C1OCCN[C@H](C)CC2=CC(=C(C=C2)OC)S(=O)(=O)N.Cl,2.079181246
CCS(=O)(=O)c1ccc2[nH]c(C3(c4ccc(-c5ccccc5)cc4)CC3)nc2c1,2.230990553
Cc1cnc(N)nc1OCC(C)(C)CO,2.51851394
CN(C)Cc1ccc(Nc2ncc3c(=O)c(C(N)=O)cn(-c4ccc5c(c4)CCC5)c3n2)cc1,0.81970974
Cn1cc(C2(C)CN(Cc3nc(-c4cccs4)n[nH]3)CCO2)cn1,2.0632638855
CC(C)(C)c1cc(NC(=O)[C@@H]2CCC(=O)N2c2ccc(C(F)(F)F)cc2)on1,2.230397825
CC(C)/C(=N/c1ccnc2cc(Cl)ccc12)NCCCCN1CCCCC1,1.462368046
O=C(Nc1ccc(-n2cnc3ccccc32)cc1)c1nc2ncccn2n1,1.8385753245
Fc1ccc(Cn2nnc3c2ncn2cnnc32)cc1,1.61732137
O=c1ccc(-c2ccc(OCc3ccc4ccccc4n3)cc2)c(-c2ccc(Cl)cc2)[nH]1,2.709366905
COC(=O)[C@H](C(C)C)N1CCCO[P@]1(=O)COCCn1cnc2c(N)ncnc21.O=C(O)/C=C/C(=O)O,2.334453751
O=C(O)C1=Cc2cc(Cl)cc(-c3ccc(Cl)cc3)c2OC1C(F)(F)F,1.515256251
O=C(C1CCC1)N1CCCC1c1nc(C2CCOCC2)no1,1.1625464395
C[C@H](c1ccccc1)N1C(=O)O[C@](Cc2ccccc2)(c2nnc(Cc3ccccc3)[nH]2)C1=O,1.653271408
Cc1c(-c2ccc(OCCCN3CCCCC3)cc2)cc2ccccn12,1.73239376
CCOCCn1nc(CC)c2nc(N3CCN[C@H](C)C3)nc(Nc3cc(C)ccn3)c21,1.623959337
CC(C)CCNc1ccc(-c2cnc3ccc(N4CCC(N)CC4)nn23)cn1,2.295268828
COC(=O)c1cccc(NC(=O)Nc2ccc(-c3ccnc4[nH]cnc34)cc2)c1,0.9029814
CC1c2c[nH]nc2-c2cc(F)ccc2N1S(=O)(=O)c1ccc(Cl)cc1,1.008269539
O=C(NCc1ccc(S(=O)(=O)c2cccc(C(F)(F)F)c2)cc1)c1cc2cnccc2[nH]1,1.994238833
COc1ccc(-c2cc(C3=Nc4c(C(C)(C)C)nn(CCCO)c4C(=O)NC3)ccc2OC)cn1,2.079181246
C[C@H](c1ccccc1)N1C(=O)O[C@](Cc2ccccc2)(c2ncc(-c3ccccc3)o2)C1=O,1.820035145
O=[N+]([O-])c1ccc(C2=NOC(c3ccc(N4CCCCC4)cc3)C2)o1,1.450249108
Cc1nnc2c(Nc3cccc(CNC(=O)C(C)C)c3)nc3ccccc3n12,2.396876445
O=S(=O)(Nc1ccc(CO)c(CO)c1)c1ccc(-c2ccc(F)cc2F)cc1,1.146065989
Cc1c(C(C)(C)C)s/c(=N\C(=O)c2cccc(N(C)C)c2)n1CC1CC1,1.102583851
COc1cc(OC)cc(-c2nnc([C@@]3(Cc4ccccc4)OC(=O)N([C@H](C)c4ccccc4)C3=O)o2)c1,1.66833238
CC(C)(C)c1cc(NC(=O)[C@@H]2CCCN2c2ccc(C(F)(F)F)cc2)no1,2.041313715
CC(C)(C)[C@H](N)C(=O)N[C@H]1CC[C@@H]2CN(S(=O)(=O)c3ccc(C(F)(F)F)cc3)C[C@@H]21,1.871232663
C1=CC=C2C(=C1)C3=C(C4=C(C=CC=N4)C=C3)NS2(=O)=O,1.97562148
O=S(=O)(c1ccc(Cl)cc1)N1C2Cc3[nH]ncc3C1CC(C(F)F)C2,1.355913422
Cc1ccc(NC(=O)CN(C)S(=O)(=O)c2ccc(Br)s2)c(Cl)c1,0.654701031
CCN1CC(CN(C)c2ncnc3sccc23)Oc2ccccc21,0.642780017
Oc1cccc(-c2nc(N3CCOCC3)nc3c2CCN3c2ccncc2)c1,1.322219295
CCN(CC)CCC/N=C(/Nc1c2ccc(Cl)cc2nc2ccc(OC)nc12)c1ccccc1,1.204174266
Br.Cc1ccc(N2CCN(C[C@@H]3C[C@H]3c3ccccc3)CC2)c(C)c1,1.204174266
O=S1(=O)N=C(Nc2nccs2)c2ccccc21,2.0336396585
CCn1cc(C(=O)NCCNC(=O)c2cn(CC)nc2C)c(C)n1,2.8621464065
Cc1cccc(CNC(=O)c2c(OCC(C)C)cc(=O)n3c2CCCCC3)c1,0.850003525
COc1ccccc1-c1nc2c(N3CCN(C)CC3)nc(C)nc2n1C1CCOCC1.Cl,1.137784202
CC1(c2cc(NC(=O)[C@@H]3CCCCN3C(=O)N3CCS(=O)(=O)CC3)on2)CC1,2.079181246
COc1cc(OC)c2nc(N3C[C@@H](NC(C)=O)[C@H](C(C)C)C3)cc(C)c2c1,3.315766141
Cc1sc2c(C3CCN(C(=O)C(C)NC4CCS(=O)(=O)C4)CC3)nc(C)n2c1C,1.4949915275
C[C@@](O)(c1ccc(C(=O)N(C2CC2)[C@H]2CC[C@H](CCC(N)=O)CC2)cc1)C(F)(F)F,2.295268828
COc1ccc(S(=O)(=O)N2Cc3ccc(/C=C/C(=O)NO)cc3C2)cc1,1.278799314
CC(CCNCC12CC3CC(CC(C3)C1)C2)Nc1c(F)cnc2cc(Cl)ccc12,1.114010162
O=C(O)Cc1ccc(COc2cccc(-c3c(Cc4ccccc4)cnc4c(C(F)(F)F)cccc34)c2)cc1,2.029302594
C[C@@H](C(=O)N1CCC(CC1)N2C(=CC=N2)NC(=O)NC3=CC=CC=C3Cl)N,2.079181246
CC(=O)CC[C@H]1C(=O)N[C@@H](C(C)C)C(=O)N[C@@H](Cc2cccc(O)c2)C(=O)N2CCCC(N2)C(=O)O[C@H](/C(C)=C/C=C/C(=O)NC2CCCCC2)C/C=C/C=C/[C@H](O)[C@H](C)[C@H]1O,0.812779707
COc1cc2c(cc1Nc1ncc(Cl)c(Nc3ccccc3S(=O)(=O)C(C)C)n1)CC/C(=N\N1CCN(C)CC1)C2(C)C,1.111272488
Cn1cnc(S(=O)(=O)N2CCC(Oc3nccnc3C#N)C2)c1,3.315766141
Cc1ccc(-c2nnc(N3CCN(C(=O)c4ccccc4)CC3)c3ccccc23)cc1,1.541363925
COc1c2c(c(S(=O)(=O)N3CCOCC3)c3c1C(=O)N(C)CC3)OCO2,2.334402603
Cc1cc(C)n(-c2nc3cc(Cl)ccc3nc2N2CCN(c3ccccn3)CC2)n1,0.7648752784999999
CC(O)(COc1cc(C(F)(F)F)cc(C(F)(F)F)c1)C(=O)Nc1ccc(C#N)c(C(F)(F)F)c1,3.285602311
CN(Cc1ccccc1)C(=O)COc1ccc2c3ccccc3n(C(=O)c3ccc(C(C)(C)C)cc3)c2c1,0.897073783
CCC(N)C1(c2ccc(Cl)c(Cl)c2)CCCCC1,1.982271233
Fc1ccccc1-c1cn2c3ccccc3nc2n1CCN1CCCCC1,0.533970289
CC(C)C[C@H](N)C(=O)N1CCC(CCn2c(Sc3cc4c(cc3Br)OCO4)nc3c(N)ncnc32)CC1,1.528552583
CC1=CC=CC=C1N2CCN(CC2)C3=NC=NC4=C3C=NN4CC5=CC=C(C=C5)Cl,1.54939483
O=C(NC1CCCCC1)c1cnn2c(=O)cc(-c3ccc(F)cc3F)[nH]c12,1.431670151
Cl.Cl.Clc1ccc(-c2cn3c4ccccc4n(CCN4CCCCC4)c3n2)cc1Cl,0.8856566215
Cc1nc2ccccc2nc1SCC(=O)NC(=O)Nc1ccccc1,1.642484305
O=C1COc2c(cc(Cl)cc2[N+](=O)[O-])N1Cc1nnc(-c2ccc(Cl)cn2)n1CCC(F)(F)F,1.489709364
COc1cnc(-n2cnc(C)n2)c2[nH]cc(C(=O)C(=O)N3CCc4c(cccc4-c4ccccn4)C3)c12,0.496969034
CNCCCC12CCC(C3=CC=CC=C31)C4=CC=CC=C24,2.079181246
O=C(NOCCO)c1cc(COCCO)c(F)c(F)c1Nc1ccc(I)cc1F,2.556302501
CCOCCN1C2=CC=CC=C2N=C1C3CCN(CC3)CCC4=CC=C(C=C4)C(C)(C)C(=O)O,2.079181246
Cc1nc2nc(C)c(Cc3cccc4ccccc34)c(O)n2n1,0.8615956965
Cc1ccccc1NCc1cc(=O)n2nc(-c3ccccc3C)nc2[nH]1,0.8232121525
COc1cc(=O)n2c(c1C(=O)NCc1ccccc1C(F)(F)F)CCCC2,0.6509759455
COC[C@H](C1CC1)n1cc(Cl)nc(Nc2ccc(OC(F)F)nc2C)c1=O,1.025296545
CC1CC(N(C(=O)Nc2ccc(Cl)c(Cl)c2)c2ccccc2)c2ccccc2N1C(=O)Nc1ccc(Cl)c(Cl)c1,1.552133299
CCOC(=O)C1(CCN(CC1)CC2=CC(=C(C=C2)O)Cl)CCOC3=CC=CC=C3,0.705863712
COc1ccccc1N1CCN(CCN(C(=O)C2CCCCC2)c2ccccn2)CC1,8.68502e-05
CN1C(=O)[C@@H](NC(=O)[C@H](CCC(F)(F)F)[C@@H](C(N)=O)c2ccc(F)c(F)c2)N=C(c2ccccc2)c2ccccc21,2.049307415
COc1cnc(-n2cnc(C)n2)c2[nH]cc(C(=O)C(=O)N3CCN(C(=O)c4ccccc4)CC3)c12,2.3536559995
O[C@H](CF)CN1c2cccc(-c3cccc(OC(F)(F)F)c3)c2OC[C@@H]1c1cccc(OC(F)(F)C(F)F)c1,1.322219295
CS(=O)(=O)N1CCN(Cc2ccc(Oc3cccc(C(F)(F)F)c3)c3c(N)n[nH]c23)CC1,1.9932596255
CN1C(=O)CCC[C@@]2(C)C1=CC[C@@H]1[C@@H]2CC[C@]2(C)C(c3cccnc3)=CC[C@@H]12,8.68502e-05
CNc1nc(Nc2ccccc2C)c(C#N)c2c1COC(C)(C)C2,0.9117858985
C[C@]12CC[C@H]3[C@@H](CC[C@H]4C[C@@H](O)CC[C@@]43C)C1=CC=C2n1ccnn1,8.68502e-05
Clc1cccc(C2CC(c3cccs3)Nc3ncnn32)c1Cl,0.999800773
CCCC(=O)OC[C@@H](OC(=O)CCC)[C@@H](OC(=O)CCC)[C@H](Cn1c2nc(=O)[nH]c(=O)c-2nc2cc(C)c(C)cc21)OC(=O)CCC,1.5600548035
C1=CSC(=C1)C(=O)NC2=NC=C(S2)[N+](=O)[O-],1.461798558
CC1CN(C(=O)c2cnc3n(c2=O)CCS3)C(C)CO1,2.1933720625
C=C[C@@H]1C[C@]1(NC(=O)[C@@H]1C[C@@H](n2cc(-c3ccccc3)c(C)n2)CN1C(=O)[C@@H](NC(=O)OC1CCCC1)C(C)(C)C)C(=O)NS(=O)(=O)C1CC1,0.77815125
CC1=CC2=C(C=C1S(=O)(=O)N)S(=O)(=O)CCC2,2.079181246
O=C(Cn1nc2n(CCc3ccccc3)c(=O)c3ccccc3n2c1=O)Nc1ccc2c(c1)OCO2,1.7781159135
CC(C)CCn1nc(N(C)C(C)C)c(O)c(C2=NS(=O)(=O)c3cc(NS(C)(=O)=O)ccc3N2)c1=O,0.602081706
Cc1ccc(NC(=O)c2ccc(CN3CCNCC3)c(C(F)(F)F)c2)cc1NC(=O)c1cccc(-c2cnn(C)c2)c1,2.107042763
Cn1cnnc1C1CCCCN1S(=O)(=O)c1cccc2cccnc12,1.905869755
CN(C(=O)c1cnc(N)nc1-c1ccccc1)C1CCCc2ccccc21,1.1159815635
CC1=C(C=CC(=C1)F)[C@H]2C[C@H](CCN2C(=O)N(C)[C@H](C)C3=CC(=CC(=C3)C(F)(F)F)C(F)(F)F)N4CCN(CC4)C(=O)C,1.10720997
O=C(c1ccc(Cn2ccn3nc4c(c3c2=O)CCCC4)cc1)N1CCN(c2ccccc2F)CC1,1.2932785985000002
Cc1ccc2c(c1)C(NC(=O)c1ccc(CS(=O)(=O)c3ccc(Br)cc3)o1)CC1(CCCCC1)O2,2.186029519
CCS(=O)(=O)N1CCC(CC1)[C@@H](C)N2C(=C(C3=CC=CC=C32)C(=O)NCC4=C(C=C(NC4=O)C)OC)C,1.660011221
COc1ccc(-c2cc(-c3nc4c5ccccc5ncn4n3)n[nH]2)cc1,0.99777172
CCN(C)C(=O)c1ccc2nc(NC(=O)c3cccc(C#N)c3)n(CCCOC)c2n1,1.5024178
O=C(NCCCN1CCCC1=O)C1CCCN1c1nnc(N2CCCC2=O)s1,3.315766141
COc1cc(=O)[nH]cc1C(=O)N1CCN(c2nc(C)cs2)C(C)C1,2.6461196035
CC(C)CNC(=O)[C@H]1C[C@@](F)(c2ccc(CN3CCCC3)c(F)c2)C1,2.079181246
COc1ccc(C2C(C(=O)N3CCN(c4ccccn4)CC3)CCC(=O)N2c2cc(OC)c(OC)c(OC)c2)cc1,1.6345948765
O=C(CCS(=O)(=O)c1ccccc1)N(Cc1ccccc1)c1nc2ccccc2s1,1.159734943
COc1cccc(CN(CCN)C(=O)Nc2ccc(-c3cn[nH]c3)cc2)c1,2.079181246
C1CN([C@@H](C[C@H]1NC(=O)C2=CC=NC3=CC=CC=C23)CC4=CC=C(C=C4)Cl)C(=O)C5=CC(=CC(=C5)C(F)(F)F)C(F)(F)F,1.692053365
CN[C@H]1CCc2ccccc2[C@H]1c1ccc(Cl)c(Cl)c1,1.740378482
O=S(=O)(c1cccs1)N1c2cc(F)c(F)cc2-c2n[nH]cc2C1C1CC1,0.654701031
O=C(c1ccc(N2CCCC2)nc1)N1CCC(NS(=O)(=O)c2cc(S(=O)(=O)c3ccccc3)ccc2C(F)(F)F)CC1,0.602081706
C[C@]12C=CC(=O)N[C@@H]1CC[C@@H]1[C@@H]2CC[C@]2(C)[C@@H](C(=O)NC3(C(F)(F)F)CC3)CC[C@@H]12,2.056904851
C1CCC(=CC1)CCNC(=O)CCC2=NN=C3N2C4=CC=CC=C4C(=O)N3CC5=CC=C(C=C5)Cl,0.021189299
COc1ccc(Cn2c(C(=O)N3CCC(C(=O)NC(C)C)CC3)cc3sc(Br)cc32)cc1,0.575210945
CC(=O)N1N=C(c2c(-c3ccccc3)c3ccccc3[nH]c2=O)CC1c1ccnc2ccccc12,1.550100942
O=C(NCc1cccnc1)Nc1ccc(S(=O)(=O)c2ccc(Cl)cc2)cc1,1.945545984
O=C(C1=NN(C2CCS(=O)(=O)C2)C(=O)CC1)N1CCN(C/C=C/c2ccccc2)CC1,1.316402443
COc1cccc(C(=O)Nc2ccc(NC(=O)c3cscn3)cc2)c1,1.34246216
Cc1c(O)ccc2c1oc1c(-c3cccnc3O)c3cnn(C(C)C)c3nc12,1.4433672285
CN1CC(c2ccc(NC(=O)c3nc(C#N)c[nH]3)c(C3=CCC(C)(C)CC3)c2)CN(C)C1=NS(C)(=O)=O,1.980064192
Cc1csc(C2=C(N)N(CC(C)C)CC2=O)n1,1.943211106
CC(C)c1nc(NC(=O)c2cc(-c3ccco3)n[nH]2)n[nH]1,2.267211355
CC1CCCC(C)N1C(=O)Cn1cnc2cc3c(cc21)OCCO3,1.5954511375
O=C(CCn1ccc2ccc(F)cc21)Nc1nc[nH]n1,2.1141713635
CC1=COC2=CC3=C(C=C12)C(=C(C(=O)O3)CCC(=O)NCCC4=CC=C(C=C4)OC)C,0.733197265
CCOC(=O)c1ccc(Oc2cc3nc(-c4ccccn4)[nH]c3cc2C2CCCN2C(C)=O)cc1,1.427789154
CC1(C)C(=O)N(c2ccc(C#N)cc2)C(=S)N1CCCS(N)(=O)=O,2.095846449
CC1=CC(=C(C=C1)C)N2CCN(CC2)CCCNC(=O)C3=CC4=C(C=C3)N=C(O4)C(C)C,1.14082218
CN(C)CCC(c1ccc2ccccc2c1)n1ncnn1,1.698952632
O=C(NC1CCOc2ccccc21)n1c(=O)n(CCN2CCOCC2)c2ccccc21,0.300986564
CC(C)c1c(C(=O)Nc2ccccc2)c(-c2ccccc2)c(-c2ccc(F)cc2)n1CC[C@@H](O)C[C@@H](O)CC(=O)[O-].CC(C)c1c(C(=O)Nc2ccccc2)c(-c2ccccc2)c(-c2ccc(F)cc2)n1CC[C@@H](O)C[C@@H](O)CC(=O)[O-].[Ca+2],1.4924076665
COc1ccc(-n2cnc3c(-c4ccccc4)csc3c2=O)cc1,1.168546822
CC(=O)N[C@@H]1CC[C@@]2(C)C(=CC[C@@H]3[C@@H]2CC[C@]2(C)C(c4cncc(C(F)F)c4)=CC[C@@H]32)C1,8.68502e-05
CC(C)CCn1nc(-c2cncs2)c(O)c(C2=Nc3ccc(OCC(N)=O)cc3S(=O)(=O)N2)c1=O,1.77815125
COc1cccc2c1C(NC[C@]1(c3ccccc3)CC[C@H](OC(=O)NC3CC3)CC1)=NS2(=O)=O,0.459178788
COc1ccccc1-n1nncc1CCC(=O)c1ccccc1,1.379676948
COc1ccc(-c2noc(CC(=O)NCc3ccccc3)c2-c2ccc(OC)cc2)cc1,0.5849210935
O=[N+]([O-])c1cn2c(n1)OC(COc1ccc(-c3ccc(OC(F)(F)F)cc3)cc1)CC2,2.834228116
Nc1cc(Nc2cc(Cl)c3n(c2=O)C2(CCCCC2)NC3=O)ncn1,2.251494747
COc1ccc2c(c1)C1CC1(C(=O)N1C3CCC1CN(C)C3)Cn1c-2c(C2CCCCC2)c2ccc(C(=O)NS(=O)(=O)CC(C)(C)C)cc21,1.681241237
CCNS(=O)(=O)c1ccc(NC2CCCCC2)c(N)c1,1.568225199
CCCCN1C(=O)[C@H]([C@H](O)C2CCCCC2)NC(=O)C12CCN(Cc1ccc(Oc3ccc(C(=O)O)cc3)cc1)CC2.Cl,1.91414815
O=C(N[C@@H](Cc1c[nH]c2ccccc12)C(=O)Nc1ccncc1)c1cc(Br)ccc1F,0.954242509
Fc1cc(OC(F)(F)C(F)F)cc([C@@](Cc2ccccc2)(Nc2nc3cc(F)cc(F)c3[nH]2)c2ccc(Cl)cn2)c1,1.25461807
CC[C@H]1C[C@@H](C(=O)NCC2CCOCC2)CN(Cc2nc(N3CCOCC3)oc2C)C1,1.382053082
CC1(COCc2ccc(-c3ccc(OC(F)(F)F)cc3)cc2)CCn2cc([N+](=O)[O-])nc2O1,2.408072758
O=C(O[C@@H]1CC[C@@H](c2cccc(F)c2F)[C@H](O)c2cccnc21)N1CCC(n2c(=O)[nH]c3ncccc32)CC1,1.845222106
CCn1nccc1-c1cc(C(=O)[O-])c2ccc(C)c(C)c2n1.[K+],1.537987937
CCCCc1c(C(=O)NCc2cncn2C)cnn1-c1ncc(C)c(-c2cccs2)n1,1.6519363665
O=C(c1cccc2c1C(=O)N(Cc1ccccc1)C2)N1CCCC1,1.991137435
O=C(CN1CCC(c2ccc(F)cc2)(c2ccc(F)cc2)C1=O)N1CCN(C(c2ccccc2)c2ccccc2)CC1,0.751052252
COC(=O)c1cn2c(nc3cc(F)c(F)cc32)c(C#N)c1O,1.6573201869999998
Cn1c(Nc2ccc(I)cc2F)c(C(=O)NOC[C@@H](O)CO)c2c1C(=O)CCC2,1.34246216
CCOC(=O)C1=C(C)N/C(=C/c2cc(C)n(-c3ccccc3C(F)(F)F)c2C)C1=O,1.763442969
CC(=O)N1CCOc2cc(S(=O)(=O)N3CSC[C@@H]3C(=O)NCc3csc(C)n3)c(C)cc21,0.7412949345
O=C(c1cccc(O)c1)c1ccc(-c2ccc(O)c(Cl)c2)s1,1.910731098
N#Cc1cnc2c(Cl)cc(NCc3cnc[nH]3)cc2c1Nc1ccc(F)c(Cl)c1,1.491389712
Cc1ccc(NS(=O)(=O)c2cc3c(cc2F)NC(=O)CC3)cc1Cl,1.35987341
Cc1cc2nnc(SC3CC(C)OC3=O)n2c(C)n1,1.905644187
c1ccc2cc(-c3ncncc3-c3ccncc3)ccc2c1,1.22527015
CN(C)S(=O)(=O)Oc1cncc(-c2c(C#N)c3ccccc3n2C)c1,0.477121255
C1CCC2(C1)C3=C(CCCC3=O)NC(=N2)NC4=NC5=CC=CC=C5O4,1.278325668
C=C(C)[C@@H]1CC[C@]2(C(=O)NCc3ccc(C(=O)NCCNC(C)=O)cc3)CC[C@]3(C)[C@H](CC[C@@H]4[C@@]5(C)CC[C@H](OC(=O)CC(C)(C)C(=O)O)C(C)(C)[C@@H]5CC[C@]43C)[C@@H]12,1.080669764
CC[C@H]1OC(=O)[C@H](C)[C@@H](O[C@H]2C[C@@](C)(OC)[C@@H](O)[C@H](C)O2)[C@H](C)[C@@H](O[C@@H]2O[C@H](C)C[C@H](N(C)C)[C@H]2O)[C@](C)(O)C[C@@H](C)CN(CCCN(CCC#N)C(=O)NC(C)c2cccc3ccccc23)[C@H](C)[C@@H](O)[C@]1(C)O,2.079181246
O=C(O)c1cc2ccc3oc(-c4ccccc4)nc3c2n1Cc1cccc(Cl)c1,1.5884164195
COc1cncc(C2=CC[C@H]3[C@@H]4CC[C@H]5CCOCC[C@]5(C)[C@H]4CC[C@]23C)c1,8.68502e-05
c1ccc(-c2cc(-c3cc4ccccc4o3)nc3nnnn23)cc1,1.6850487749999998
CC(C)(C)CCN1C(=O)C(C2=NS(=O)(=O)c3cc(NS(C)(=O)=O)ccc3N2)=C(O)C2(C)CCCN12,0.690213806
CC(=O)NC[C@H]1CN(C(=O)O1)C2=CC(=C(C=C2)N3CCSCC3)F,2.079181246
Cc1cc(C2CCN(C(=O)[C@@H]3C[C@@](C)(N)C[C@H]3c3ccc(F)cc3F)CC2)n(-c2cc(Cl)ccc2Cl)n1,1.344076327
CCc1nn(CCO)c(CC)c1Oc1cc(F)cc(C#N)c1,1.643432935
CC(C)(C)CC[C@]1(C)CN(C2CC2)C(=O)C(C2=NS(=O)(=O)c3cc(NS(C)(=O)=O)ccc3N2)=C1O,1.00008685
CCS(=O)(=O)c1ccc2[nH]c(Oc3ccc(-c4ccccn4)cc3)nc2c1,3.361742513
O=C(Nc1ccc(C(F)(F)F)cc1)N1CCC[C@@H]1c1nnnn1Cc1ccc(Cl)cc1,1.595614978
COc1cc(C(=O)N2CCCCCC2)c(N(C)S(C)(=O)=O)cc1OC,1.7662114215
COC(=O)c1cc(Cl)cc2c1OCC(=O)N2Cc1nnc(CCc2ccc(Cl)cc2)n1CCC(F)(F)F,0.841443718
Cc1cnc(NC(=O)[C@H](CC2CCCC2)n2ccc(S(C)(=O)=O)cc2=O)cn1,2.079181246
Cc1ccc(S(=O)(=O)N2CCSC2C(=O)NC2C3CC4CC2CC(C(N)=O)(C4)C3)cc1,1.39161967
CC(=O)c1ccc(S(=O)(=O)N(CCCO)Cc2cc3c(C)cc(C)cc3[nH]c2=O)cc1,1.232277139
Cc1ccc(C(=O)N(C)C)cc1-n1c(C)cc(OCc2ccc(F)cc2F)c(Br)c1=O,2.035125176
COC(=O)c1cc(NC(=O)CC2NCCNC2=O)cc(C(=O)OC)c1,1.404885101
CN(Cc1ccc(Cl)c(Cl)c1)C(=O)COc1ccc2[nH]c(=O)c(S(C)(=O)=O)c(CCc3ccccc3)c2c1,0.256761023
CC1=CC=CC=C1CNC(=O)C2CCCN(C2)C3=NN=C(C4=C(N(N=C43)C5=CC=C(C=C5)OC)C)C,0.394451681
COc1ccc2c(c1)CCCN2c1cc(C)nc2ccccc12,0.897077003
COc1cccc(CNC(=O)c2cn(CCN3CCCC3)c3nc(-c4cn[nH]c4)ccc23)c1,1.322219295
COc1cc2c(Nc3c(F)ccc(O)c3C)ncnc2cc1OCCN1CCC(F)C1,1.763442969
NC(=O)[C@H](Cc1ccccc1)NC(=O)[C@H]1NCC[C@H]1c1ccccc1,1.698952632
NCCCCN(C[C@H]1Cc2ccccc2CN1)[C@H]1CCCc2cccnc21,1.6008648365
CC(O[C@@H]1COc2nc([N+](=O)[O-])cn2C1)c1ccc(OC(F)(F)F)cc1,2.121065141
CC(C)Nc1ncnc2onc(-c3cc(F)cc(F)c3)c12,1.6904451055
CC1=NN2CCCN(C2=C1C3=CC=CC=C3OC4=CC=CC=C4)CC5=CC(=CC=C5)C#N,-0.113509275
O=C(c1csc2ccccc12)N(CCc1ccc(Cl)cc1)[C@H]1CC[C@H](O)CC1,1.146065989
CC(C)(C)c1ccc(NC(=O)N2CCCN(C(=O)c3cc(Cl)ccc3Cl)CC2)cc1,0.77815125
CN1C2=C(C(=O)N(C1=O)C)N(C=N2)CCO,2.079181246
Cn1c(-c2cccs2)c(C2CCCCC2)c2ccc(C(=O)NC(C)(C)C(=O)Nc3ccc(/C=C/C(=O)O)cc3)cc21,2.00008685
C[C@@H]1CCN(C(=O)CO)C[C@@H]1N(C)c1ncnc2[nH]ccc12,2.079181246
CC(=O)N[C@@H](Cc1ccccc1)C(=O)N[C@@H](CCCN)C(=O)N1CCC[C@H]1C(=O)N[C@H](CCC(C)C)C(=O)N[C@H](Cc1c[nH]c2ccccc12)C(=O)N[C@H](Cc1ccccc1)C(N)=O,1.621480119
NS(=O)(=O)c1cc(-c2nnc(CNC(=O)c3ccccc3)o2)c(Cl)cc1SCc1ccccc1,1.049295568
CCOC(=O)c1[nH]c2ccccc2c1Sc1cc(OC)c(OC)c(OC)c1,0.569803481
COc1ccc(-n2nncc2CCC(=O)c2ccccc2)cc1,0.991556871
CCn1cnnc1-c1nn(C)c2c1CN(C(=O)c1ccc(Cc3c(C)n[nH]c3C)o1)CC2,1.4558726575
C[C@H](NP(=O)(OC[C@H]1O[C@@H](n2ccc(N)nc2=O)C(F)(F)[C@@H]1O)Oc1cccc2ccccc12)C(=O)OCc1ccccc1,0.955731027
CCc1nn(CCN)c(CC)c1Oc1cc(C)cc(C#N)c1,2.079181246
C[C@H](Cc1cccc(CC(=O)NCc2cccc3ccccc23)c1)NC[C@H](O)c1ccc(O)c(CO)c1,0.300986564
CCCN(CCC)S(=O)(=O)c1cc2c(cc1Cl)Oc1ccc(C)cc1NC2=O,0.654701031
CN1CCCN(c2cncc(-c3cccc(/C=C/C(=O)O)c3)n2)CC1,2.201397124
CN(C)CCOc1cc(-c2cn[nH]c2)c(F)cc1NC(=O)[C@H]1Cc2ccccc2CN1CC1CC1,0.477121255
Cn1nccc1-c1cccc(-c2ccc(=O)n(C)n2)c1,2.848001949
CC1=C2C[C@H]3[C@@H](CC[C@H]4CC(=O)CC[C@@]43C)[C@@H]2CC[C@@]2(C1)O[C@@H]1C[C@H](C)CN[C@H]1[C@H]2C,1.875061263
O=C(O)CC1(CCc2ccccc2)C2CC3CC(C2)CC1C3,2.535415889
CCc1ccc(OCCOCCOCCCCCNC(=O)NC23CC4CC(CC(C4)C2)C3)cc1,1.425671821
CC(CCNCC12CC3CC(CC(C3)C1)C2)Nc1ccnc2cc(Cl)ccc12,1.77815125
Cc1cc(C2CCN(C(=O)[C@@H]3CN(C(C)(C)C)C[C@H]3c3ccc(F)cc3F)CC2)n(-c2ccc(Cl)c(Cl)c2)n1,1.415667609
CC(C)(C)OC(=O)c1ncn2c1[C@@H]1CCCN1C(=O)c1cc(O)ccc1-2,2.6936339225
COc1cc(N2CCN(C3CCN(c4ccc(F)c5cc(F)cnc45)CC3)CC2)c2ncccc2c1,0.698952632
C[C@H](c1ccc(F)cc1)N1C(=O)O[C@](Cc2ccccc2)(c2nc3cc(-c4ccncc4)ccc3[nH]2)C1=O,1.731739325
C[C@@H](C(=O)NOC(C)(C)C)N1C(=O)Nc2cc(Cl)cc(Cl)c2S1(=O)=O,3.315766141
Nc1c(-c2ccccc2Br)cnc2ccnn12,2.049528262
CCCS(=O)(=O)N1CCN(C2(CNC(=O)c3ccc(F)cc3C)CCCCC2)CC1,1.026575311
Cn1c(=O)[nH]c2ccc(-c3ccccc3Cl)c(CN)c21,2.300986564
CCC(C)(C)C(=O)N(O)Cc1ccc(F)c(F)c1,2.029302594
Cc1c(Nc2ccc(I)cc2F)c(C(=O)NOCCO)c2n(c1=O)CCC2,1.995635195
Cc1ccc2c(c1C)NC(=O)CC2c1c(F)cccc1Cl,1.2215477975
COc1ccccc1CCN1C(O)=c2ccccc2=NC12C(=O)Nc1ccccc12,0.672058732
CCc1nn(CCOCC(F)(F)F)c2c(Nc3ccncn3)nc(N3CCN[C@H](C)C3)nc12,1.62324929
c1ccc(OCC2CN(c3ccc4nnc(-c5ccsc5)n4n3)CCO2)cc1,1.4758316265
O=C(c1cc(-c2cccnc2)[nH]n1)N1CCN(C(c2ccccc2)c2ccccc2)CC1,1.653271408
O=C(Nc1cc(F)cc(C(F)(F)F)c1)N1CCC(O)(c2ccc(Br)cc2)CC1,1.910272477
Cc1cc(=O)[nH]c(-n2nc(C)cc2NC(=O)C(C)(C)Oc2ccc(Cl)cc2)n1,1.26876838
CC1(C)CC(Nc2ccc3nncn3n2)CC(C)(C)N1,2.013200652
CS(=O)(=O)c1ccc(-c2nnc(/C=C/c3nnc(-c4ccc(C#N)cc4)o3)n2-c2ccccc2Cl)nc1,2.004235366
COc1ccc([N+](=O)[O-])cc1C(=O)Nc1cc(C(F)(F)F)cc(C(F)(F)F)c1,2.0060891165
COc1cncc(C2=CC[C@H]3[C@@H]4CCC5C[C@@H](NC(C)=O)CC[C@]5(C)[C@H]4CC[C@]23C)c1,8.68502e-05
CCC1=C(c2nc(C3CCCCC3)cs2)[C@H](c2ccc(O)c(Cl)c2)NC(=O)N1,2.833911715
c1ccc2c(c1)CN[C@@H](CN(CCCCNC1CCSCC1)[C@H]1CCCc3cccnc31)C2,0.877607376
CC(C)OC(=O)C1=CN(C(=O)c2cccc(CN3CCN(C)CC3)c2)CC(C)(C)c2c1[nH]c1ccccc21,1.079181246
Cc1cccc(N2CCN(S(=O)(=O)c3ccc(-c4ccc(=O)[nH]n4)s3)CC2C)c1,1.8576856065
COC(=O)c1ccc(C(=O)N2CCN(C(C)=O)N(C(=O)C[C@@H](Cc3cc(F)c(F)cc3F)NC(=O)OC(C)(C)C)CC2)cc1,0.943617613
CCc1nc2cc(Cl)ccn2c1C(=O)NCc1ccc(-n2cc3c(c2)CCCC3)cc1,1.436162647
CC(=O)CC[C@H]1C(=O)N[C@@H](C(C)C)C(=O)N[C@@H](Cc2cccc(O)c2)C(=O)N2CCCC(N2)C(=O)O[C@H](/C(C)=C/C=C/C(=O)Nc2ccccn2)C/C=C/C=C/[C@H](O)[C@H](C)[C@H]1O,0.643432935
O=C(O)C1CC=CCC1C(=O)/N=c1\[nH]ccs1,2.0843909135
CCc1nc(CNc2ncnc3cc(Br)sc23)co1,0.583757597
Oc1ccccc1-c1nc(-c2ccccc2O)n(-c2ccc(Br)cc2)n1,2.29952882
CO[C@@H]1COCC[C@@H]1N[C@@H]1CC[C@@](C(=O)N2C[C@@H]3C[C@H]2CN3C(=O)c2ccccc2)(C(C)C)C1,1.974050903
CC1CN(c2nc(SCCc3ccc(NC(=N)N)cc3)c(C#N)c3c2COC(C)(C)C3)CC(C)O1,2.596298824
CC1(C(=O)N[C@@H](Cc2ccc(NC(=O)c3c(Cl)cccc3Cl)cc2)C(=O)O)CC(CCc2ccccc2)=NO1,1.683688244
CNC(=O)c1ccc2[nH]c([C@@]3(Cc4ccccc4)OC(=O)N([C@H](C)c4ccc(F)cc4)C3=O)nc2c1,1.859033917
COC(=O)Nc1ccc2c(c1)NC(=O)CCCCC[C@H](NC(=O)/C=C/c1cc(Cl)ccc1-n1cnnn1)c1nc-2c[nH]1,1.531504463
CC(C)C1(C)SC(NC2CC3CCC2C3)=NC1=O,2.69379411
CNC(=O)/C(=C/OC)n1c(-c2ccc(F)cc2F)noc1=O,2.0719210075000003
Cc1[nH]ncc1-c1ccc2nc(C3COc4ccccc4C3)[nH]c2c1,1.477121255
Cc1cc(C(=O)O)nc(N2CCC(c3ccccc3C(F)(F)F)CC2)n1,1.731739325
COc1cc(-c2ccc(OC(F)(F)F)cc2)ccc1CO[C@@H]1COc2nc([N+](=O)[O-])cn2C1,2.512332468
CN1CCN(c2cccc3ccc(OCc4noc(-c5ccc(Cl)cc5)n4)cc23)CC1,1.34246216
C[C@]12CC[C@H]3[C@@H](C=CC4=CC(=O)CC[C@@]43C)C1=CC=C2c1cccnc1,8.68502e-05
COc1ccc(-n2c(SCc3nc(-c4ccc(C)cc4)no3)nnc2-c2ccncc2)cc1,0.477121255
COC(=O)c1ccc(-c2ccccc2NS(C)(=O)=O)s1,1.6713405475
O=C(O)C[C@@H](Cc1cc(F)c(F)cc1F)NC(=O)Nc1ccc(I)cc1,1.7131269895
N#Cc1ccc([C@H]2NC(=O)N(c3cccc(C(F)(F)F)c3)C3=C2C(=O)CC3)cc1,2.114010162
CC1(C)CN(c2ccccc2NC(=O)Nc2csc(Cl)n2)c2c(O)ccc(-c3ccc(F)cc3)c21,1.49224112
O=C(Cc1cccc2cnccc12)Nc1scnc1-c1cscn1,1.945545984
Cc1c(Cc2cc(Cl)cc(Cl)c2)c(C(F)(F)F)nn1CCO,1.897737025
CCOC(=O)c1ccc(NC(=O)c2ccc(-n3nncc3C)cc2)cc1,0.8551888215
CC(C)NCCS(=O)(=O)NC(=O)c1ccc(Nc2nc(NC3(c4ccc(Cl)cc4)CC3)nc(OCC(F)(F)F)n2)cc1,1.774373492
CN(C(=O)CCC(=O)Nc1ccc(-c2ccc(OCC(=O)O)cc2)cc1Cl)c1ccc(C(C)(C)C)cc1Cl,1.73239376
CC(c1ccc(-c2ccc(S(N)(=O)=O)cc2F)cc1)N1CCOCC1,1.822388748
O[C@@H]1COC[C@H]1Nc1nc(Nc2cc(Cl)cc(Cl)c2)ncc1-c1cccnc1,2.079181246
CONC(=O)c1cn(-c2ccc3c(c2)CCC3)c2nc(Nc3ccc(C4CCN(C)CC4(F)F)cc3)ncc2c1=O,0.577762172
CC(NS(=O)(=O)c1ccc(S(=O)(=O)NC2CCCCC2C)cc1)c1ccc(F)cc1,0.5841651415
CS(=O)(=O)c1ccccc1C(=O)N1CCC(N(C2CC2)S(=O)(=O)c2cccc(C(F)(F)F)c2)CC1,2.121065141
O=C(c1ccc(-c2ncc[nH]2)s1)N1CC[C@@H](c2ccc(F)cc2)[C@H](O)C1,1.131643722
C[C@]12CC[C@H]3[C@@H](CC[C@H]4CC(=O)NCC[C@@]43C)C1=CC=C2c1cccnc1,8.68502e-05
Cc1oc(C)c(C(=O)Nc2nnc(C)n2C)c1Br,1.2912903165
COc1cc2c(N3CCN(C(=O)Nc4ccc(C#N)cc4)CC3)ncnc2cc1OCCN1CCSCC1,8.68502e-05
CC1=CC2=C(C(=C1)O)C(=O)C3=C(C2=O)C=CC=C3O,0.269512944
Nc1ccc(C(=O)NC2CCc3ccccc32)cc1,1.7728414705
C[C@@H]1CN(C(=O)c2ccccc2)CCN1c1nnc(-c2ccc(Cl)cc2)c2ccccc12,1.638486293
Cc1cccc(C)c1-c1cccc(COc2ccc(CCC(=O)O)c(F)c2)c1,1.680706944
CC(=O)N1CCC(CCn2c(Sc3cc4c(cc3Br)OCO4)nc3c(N)ncnc32)CC1,1.194432312
CN(CCCNC(=O)c1cccc(C(=O)O)c1)CCCNC(=O)c1cc(NC(=O)c2cc(NC(=O)c3cc(NC(=O)c4nc(NC(=O)[C@H](N)CCNC(=O)c5cc(NC(=O)c6cc(NC(=O)c7cc(NC(=O)c8nccn8C)cn7C)cn6C)cn5C)cn4C)cn3C)cn2C)cn1C,2.596298824
COc1cc(/C(=N\C#N)c2csc(-c3ccccc3)n2)cc(OC)c1OC,0.698952632
COc1ncc(-c2cc(C3=Nc4c(C(C)(C)C)nn(CCO)c4C(=O)NC3)ccc2OC)c(OC)n1,1.556302501
O=c1ccc(Br)cn1Cc1ccccc1Oc1ccccc1,0.8093426975
Cc1cc(O)c(C(=O)O)cc1S(=O)(=O)Nc1ccc(NC(=O)NCC2CCCO2)cc1,1.9473098405
CC1=CC(=O)OC2=C1C=CC(=C2)O,1.782830805
CC(=O)O[C@H]1C[C@H]2[C@@H]([C@H](OC(C)=O)C[C@@H]3C[C@H](O)CC[C@@]32C)[C@@H]2CC[C@H]([C@H](C)CCCNCCNc3ccnc4cc(Cl)ccc34)[C@@]12C,0.845222106
O=c1ccc(-c2ccc(S(=O)(=O)Nc3cc(F)ccc3F)o2)n[nH]1,1.2774575285
CCCCN1C(=O)[C@@H]([C@H](O)C2CCCCC2)NC(=O)C12CCN(Cc1ccc(Oc3ccc(C(N)=O)cc3)cc1)CC2.Cl,0.393697927
CNCCNc1nnc(-c2ccc(F)c(F)c2Nc2ccc(I)cc2F)o1,1.602081706
Cc1nc(-c2cccc3ccccc23)sc1C(=O)N(CCO)C(C)C,0.736008768
Cc1cc(OCc2ccc(F)cc2F)c(Br)c(=O)n1Cc1ccc(CNC(=O)CO)cc1,1.996126404
CC(=O)[C@H]1CC[C@@H]2[C@@]1(CCC3C2CC=C4[C@@]3(CC[C@@H](C4)O)C)C,2.02473189
COc1cc(=O)n(-c2ccccc2)cc1C(=O)NC1CC2CCC(C1)N2S(C)(=O)=O,1.9776622135
O=C(N[C@H]1CCCC[C@@H]1O)n1c(=O)n(CCN2CCOCC2)c2ccccc21,1.602081706
COC(=O)CNC(=O)CC[C@@H](C)[C@H]1CC[C@H]2[C@@H]3[C@H](OC(C)=O)C[C@@H]4CC5(CC[C@]4(C)[C@H]3C[C@H](OC(C)=O)[C@]12C)OOC(C)(C)OO5,1.845222106
Cc1ccc(-c2csc3ncn(-n4cccc4)c(=O)c23)o1,1.216399955
CN1CCC2(CCCN2Cc2ccc(Cl)cc2Br)CC1,2.494655324
CS(=O)(=O)c1cccc(-c2cc(N3CC(N)C(c4cc(F)c(F)cc4F)C3)ncn2)c1,2.255272505
CC(C)(C)S(=O)(=O)c1ccc2[nH]c(N3CCOC(c4ccccc4)C3)nc2c1,1.934002945
CN1C(=CC=N1)C2=NN=C(C3=CC=CC=C32)N4CCC(CC4)N(C)C(=O)C5=C(C=C(C=C5)F)C(F)(F)F,1.480868924
Clc1ccc(Cc2nc3c4cn[nH]c4ncn3n2)cc1,2.8319731505
N#Cc1ccc(-c2nnc(CSc3nnc(-c4ccncc4)n3-c3ccccc3Cl)o2)cc1,0.380211242
O=S(=O)(c1ccc(Cl)cc1)N1C2Cc3[nH]ncc3C1CC(OCC1CC1)C2,0.991556871
CN(Cc1ccccc1)C(=O)c1ccc(Cl)cc1NS(=O)(=O)c1cccc2nsnc12,0.736257231
COc1ccc2c(c1)[C@]1(C[C@H]1c1ccc3c(/C=C/c4ccc(CN5CCCCC5)cc4)n[nH]c3c1)C(=O)N2,1.690213806
Cc1ccc(Nc2c(-c3cc(Br)ccc3O)nc3ncccn23)c(C)c1,1.515367138
CCCCN(CCCC)CCC(C1=C2C=CC(=CC2=C3C=C(C=C(C3=C1)Cl)Cl)C(F)(F)F)O,1.469527479
CCN(C1=CC=CC=C1)C(=O)C2=C(C3=C(S2)C=C(C=C3)OC)Cl,0.51851394
Cc1csc(NC(=O)c2cc(F)cc(C#N)c2)n1,1.469882808
CCn1c(C(=O)N(C2CC2)C2CC2)cc2c3c(ncn3C)c(Nc3cc(C)n(C)n3)nc21,1.690213806
O=C(Cn1c(=O)ccc2cnc(C(F)(F)F)cc21)Nc1scc(Br)c1-c1ncn[nH]1,1.900699678
CC(C)[C@@H](NC(=O)N1CCCC1)C(=O)N1CC[C@](O)(c2ccc(Cl)cc2)C(C)(C)C1,1.026575311
Cc1cnc(NCCc2ccc3c(c2)CCC3)c(=O)n1CC(=O)NCCONC(=N)N,1.513190955
CC(C)CN1C(CN2C=CC=C2C1=O)C(=O)N3CCN(CC3)C,1.797959644
N#Cc1ccccc1Cn1c(N2CCC[C@@H](N)C2)nc2cc(N3CCOCC3)c(F)cc2c1=O,1.51851394
FC1(F)CCCC(C(CC2CCCCN2)C2CCCCC2)C1,2.176091259
O=C(Cc1nc(N2CCOCC2)cc(=O)[nH]1)N1CCc2cc(Cl)ccc21,1.10891063
CCCn1cc(-c2cc(C3C(=O)N(CC)c4ccc(C(F)(F)F)cc4N(c4ccccc4)C3=O)cc(OC)c2O)cn1,1.934397441
CC(C)(C)OC(=O)N[C@H]1CC[C@@H](n2cnc3cnc4[nH]ccc4c32)C1,2.033423755
O=C(Nc1ccccc1Cl)NC1(C(=O)N2CCC(O)CC2)CCCCC1,3.315766141
O=c1c(Cl)c(OCc2ccc(F)cc2F)cc(CO)n1-c1c(F)cccc1F,1.941765373
CC1=CC=CC=C1C(=O)NC2=CC(=C(C=C2)C(=O)N3CCCC(C4=C3C=CC(=C4)Cl)O)C,1.144574208
CC(C)[C@@H](NS(=O)(=O)c1c(N)cc(Cl)cc1Cl)C(=O)NOC(C)(C)C,0.256761023
CC1=CC2=C(C=C1)N=C3[C@](C2=O)(CCN3C4=CC=CC=C4)O,0.23299611
CC[C@@H]1c2cn[nH]c2C(=O)[C@H](CC)N1S(=O)(=O)c1ccc(C(F)(F)F)nc1,1.568118514
c1ccc2c(c1)CN[C@@H](CN(CCCCNCC1CCNCC1)[C@H]1CCCc3cccnc31)C2,1.617495899
C1=CC(=CC2=NC3=C(C=CC(=C3)N)C=C21)N.C1=CC(=CC2=NC3=C(C=CC(=C3)N)C=C21)N.OS(=O)(=O)O,2.02011257
COc1ccc2[nH]c(SCc3ccccn3)nc2c1,1.423769989
NCc1cc(-c2cccnc2)no1,2.603122712
COC(=O)[C@@H](OC(C)(C)C)c1c(C)nc2c(c1Cl)CCN(Cc1ccc(OC)cc1)C2=O,1.303105662
CN1CCN(C(=O)Cn2c(-c3ccoc3)c(C3CCCCC3)c3ccc(C(=O)O)cc32)CC1,1.845222106
CS(=O)(=O)Nc1ccc(C(F)(F)F)cc1,2.114010162
CN(CCO)C(=O)Cn1c(-c2ccoc2)c(C2CCCCC2)c2ccc(C(=O)O)cc21,2.439301108
C[C@@H]1CCN(C(=O)CC(F)(F)F)C[C@@H]1N(C)c1ncnc2[nH]ccc12,1.77815125
CCN1CCN(c2cc3[nH]c(C(=O)[C@]4(C)CC[C@@H](NC(=O)OC)CC4)nc3cc2Cl)CC1,1.839228615
CC(C)Oc1ccc(NC(=O)[C@@H]2C[C@@H]3CC[C@@H]2N(S(=O)(=O)c2cccnc2)C3)cc1,0.654701031
Cc1nc[nH]c1-c1nccn1[C@H]1CCc2ccccc21,1.9294544425
Cc1nn(-c2ccc(Cl)cc2)c2[nH]c(=O)c(CNCC3CCCO3)cc12,2.323121182
CC(=O)SCc1ccc(-c2cccnc2)o1,1.477121255
O=C1CN(Cc2ccc(-c3ccc(F)c(CN4CCCCC4)n3)cc2)C(=O)N1CC1CCC1,0.698952632
C=CC(=O)Nc1cc(Nc2nccc(-c3cn4c5c(cccc35)CCC4)n2)c(OC)cc1N(C)CCN(C)C,2.255272505
COC[C@H](C1CC1)n1cc(Cl)nc(Nc2c(C)cc(OC(F)F)nc2C)c1=O,0.364322463
O=C(Cn1c(COc2ccc(Br)cc2Cl)noc1=O)Nc1cccc(Br)c1,1.7605234415
Cc1cnn(CC2CN(c3nccn4nc(C)cc34)CCO2)c1,2.0441338805
O=C(Nc1ccc(F)c(-c2nc3cc(-c4ccccc4)cnc3[nH]2)c1)N1CCCC1,1.491389712
COc1ccc2c(c1)NC(=O)CN2c1nc(C)nc2ccccc12,1.738859802
CC[C@@H]1C[C@@H](C(=O)NCC2CCOCC2)CN(Cc2nc(N3CCOCC3)oc2C)C1,0.837714668
Cc1ccc(-n2nncc2CCC(=O)c2ccccc2)cc1,0.725545316
O=C1CC(c2ccc3c(c2)OCO3)c2c(n[nH]c2-c2ccccc2)N1,1.143529755
N#Cc1ccc(-c2ccc(CO[C@@H]3COc4nc([N+](=O)[O-])cn4C3)cc2)cc1,2.908916118
Cc1nn(C)c2nc(NCC[C@@H]3CCCN4CCCC[C@H]34)sc12,1.763060206
CCC[C@H](CCO)n1c(C#N)cc(Cl)c1Br,1.461244551
O=C1COc2ccc(NC(=O)C3CCN(c4cccc(F)c4Br)CC3)cc2N1,1.193124598
COc1ccc(-n2ccc3cc(NC(=O)N4CCOCC4)ccc32)cc1Cl,1.7566245355
CC(C)C1=CC=CC=C1OC(=O)NCCC2=CC3=CC=CC=C3C=C2,0.657055853
CN1CCC(Nc2ccc3ncc(-c4ccc(Nc5ccc(C(F)(F)F)cn5)cc4)n3n2)CC1,2.119177569
CCN(C1=C(N2CCC(C)CC2)C(=O)c2ccccc2C1=O)c1ccccc1,1.3531503405
COc1cnc(-n2cnc(C)n2)c2[nH]cc(C(=O)C(=O)N3CCc4c(-c5ccccn5)cccc4C3O)c12,1.468424729
CC(C)c1ccc(S(=O)(=O)n2cc(N3CCN(C)CC3)c3ccccc32)cc1,1.969362375
COc1ccc(C2(CNC(=O)C(F)(F)F)CCCCC2)cc1,0.794346018
COC12CC3CC(C1)C(CC(=O)N1CC(O)C1)(c1ccc(F)cc1)C(C3)C2,0.723775241
CC(N)Cc1ccccc1S(=O)c1ccccc1,1.95690758
O=[N+]([O-])c1cn2c(n1)OC[C@@H](OCc1ccc(-c3ccc(OC(F)(F)F)cc3F)cn1)C2,2.211302473
CC1=CC=C(C=C1)C2=NN3C=C(C=NC3=C2)C(=O)C4=C(C=CC(=C4)[N+](=O)[O-])O,0.691081492
Cc1ccc(-c2nn(CC3CCC3)c(=O)c(C3=NS(=O)(=O)c4cc(OCC(N)=O)ccc4N3)c2O)s1,1.763442969
Cc1nc(N2CCC[C@@H](N)C2)n(Cc2ccccc2C#N)c(=O)c1Br,2.300986564
[2H]c1nc(C(NC(=O)c2cc(-c3cc4c(C(=O)NC)c(-c5ccc(F)cc5)oc4nc3CCC(F)(F)F)cnc2OC([2H])([2H])[2H])(C([2H])([2H])[2H])C([2H])([2H])[2H])no1,1.826204423
Cc1nnc2n1CC1CCC(C2)N1C(=O)c1cccc2[nH]ccc12,3.302888513
C1=CC(=C(C(=C1)Cl)CN2C=NC3=C(N=CN=C32)N)F,2.079181246
CCC(CC)Sc1nc2cc(Cl)c(N3CCN(CCO)C(C)(C)C3)cc2[nH]1,0.893185909
Cc1cc(COc2ccc(S(=O)(=O)N3CCN(C(=O)CC(C)C)C(C(=O)NO)C3)cc2)c2c(n1)CCCC2,1.367302384
COc1cccc(-c2c(C3CCCCC3)c3ccc(C(=O)NC(C)(C)C(=O)Nc4ccc(/C=C/C(=O)O)cc4)cc3n2C)n1,1.591064607
CC(Nc1ncc(Cl)cn1)C(C)n1cncn1,2.8446231705
c1ccc(-c2ccc(C3(Cc4nnn[nH]4)C4CC5CC(C4)CC3C5)cc2)cc1,1.818147574
Cc1ccc(-c2noc(CCC(=O)N(C)C)n2)c(=O)n1C(C)C,1.8705467785
Cc1c(-c2ccccc2)c(N2CC[C@H](N(C)C)C2)c2oc(C(C)(C)C)nc2c1C#N.Cl,0.868713578
Cc1nc(C)c(-c2csc(Nc3ccc(C(=O)N4CCN(c5ncc(C(F)(F)F)cn5)[C@@H](C)C4)cn3)n2)s1,1.669854369
CCn1nc(-c2cccc3cccnc23)cc1-c1ccc(N)nn1,1.146838082
O=C(Nc1cc(F)cc(C(F)(F)F)c1)N1CCC(O)(c2ccc(F)cc2)CC1,2.533198121
CCC(=O)C1=CC2=C(C=C1)SC3=CC=CC=C3N2CCCN(C)C,1.186391216
O=S(=O)(Nc1cc(F)cc(F)c1)c1c[nH]c2ncccc12,1.9377938435
CCCC(CCC)C(=O)NC1=NC(=O)N(C=C1)[C@H]2C([C@@H]([C@H](O2)CO)O)(F)F,2.079181246
OC(Cn1ccnc1)c1ccc(Cl)cc1Cl,1.916150181
Cc1ccc(C2(CC(=O)N3CC(O)C3)C3CC4CC2CC(C3)C4O)cc1,1.381912662
N#Cc1c[nH]c(C(=O)Nc2ccc(C3CCN(C(=O)NCCO)CC3)cc2C2=CCCCC2)n1,1.49224112
NC1CN(c2nccc(-c3ccccc3)n2)CC1c1ccc(Cl)cc1Cl,2.255272505
CC(C)Oc1ccc(CNC(=O)NC2CCCCNC2=O)cn1,1.7013955215
CN(C)C(=O)[C@@H](NC(=O)n1c(=O)n(CCN2CCOCC2)c2ccccc21)C(C)(C)C,0.477121255
CS(=O)(=O)N1CCN(Cc2cn3cc(-c4cnc(N)nc4)nc(N4CCOCC4)c3n2)CC1,2.156155451
COc1cc(C2c3c(-c4ccccc4)nn(C)c3C(=O)N2Cc2ccco2)cc(OC)c1O,0.9372444775
CC(C)(C)S(=O)(=O)N(CCCCCCN1C[C@H](O)[C@@H](O)[C@H](O)[C@H]1CO)C1CCCCC1,1.780534171
COc1ccc(-c2cc(-c3ccc(-n4cccn4)cc3)cnc2N)cn1,2.307453248
COc1cccc(N2CCN(c3ncnc4[nH]cnc34)CC2)c1,1.941465406
COc1ccc(C(=O)NCc2cccc(C(=O)NCCC3CCCNC3)c2)cc1OC,2.143077284
Cc1ccccc1S(=O)(=O)Nc1ccc2nc(N3CCN(CC(=O)NC(C)(C)C)CC3)cc(C(=O)O)c2c1.Cl.Cl.Cl,3.315766141
CN(C(=O)CCC1=NN(C(=C1)C2=CC=C(C=C2)Cl)C3=CC=C(C=C3)OC)O,1.592731766
COCCCNC(=O)C(C)NS(=O)(=O)c1ccc(Br)cc1,3.315766141
CC1=NC2=C(CC3=C(O2)C=CC(=C3)C(C)C(=O)OCC(=O)N(C)C)C=C1,1.04453976
COc1ccccc1OCC(=O)N(Cc1ccc(-c2ccc(F)cc2)o1)C1CCS(=O)(=O)C1,0.756804217
CCOc1ccc2nc(NC(=O)CN(C)S(=O)(=O)c3ccc(Br)s3)sc2c1,1.023683711
O=C1NCCc2nc(C#Cc3ccccc3)sc21,1.806012767
CC(C)(C)OC(=O)c1ccc(-c2c[nH]c(-c3ccc(S(C)(=O)=O)c(F)c3)n2)cc1,2.285985701
Cc1noc(/C=C/c2ccccc2F)c1S(=O)(=O)N1CCC(C(=O)Nc2ccc(S(N)(=O)=O)cc2)CC1,2.11264087
COc1ccc(C2=Nc3c(C(C)(C)C)nn(CCO)c3C(=O)NC2)cc1-c1cnc(N2CCOCC2)nc1,1.591064607
COc1cccc(CNC(=O)c2cn(C)c3cc(-c4cn[nH]c4)ccc23)c1,0.954242509
CCNCCNc1cc(-c2ccc(C(F)(F)F)cc2)c(C#N)c2nc3cccc(Cl)c3n12,2.251494747
C=C(C)n1c(=O)n(Cc2nc3ccccc3n2CCCC#N)c2ncccc21,1.041313715
CCN(CC)C(=O)c1nc2cc(-c3ccc(C#N)cc3)sc2c(=O)[nH]1,1.9063665985
CCN(CC)C(=O)c1ccc2nc(NC(=O)c3cccc(C#N)c3)n(CCCOC)c2c1,1.308644046
CCO[C@@H]1CCC[C@H](CC(=O)c2cccs2)[C@H]1C(=O)c1cccs1,0.7654548995
Cn1c2nc3ccccc3nc2c2c(=O)n(Cc3ccccc3)cnc21,1.250363327
COC1=CC(=CC(=C1OC)OC)C(=O)N2CCCCCCC2,1.46686762
O=C1CCC(=O)N1OCCCOc1ccc2c(c1)CCC2,1.3895500195
CO/C=C(/C(=O)OC)n1c(COc2c(C)cc(C)cc2C)noc1=O,1.6805469075
CS(=O)(=O)C1=C(C=C(C=C1)C(=O)OCC(=O)NC23CC4CC(C2)CC(C4)C3)[N+](=O)[O-],1.16322302
CC(C)(C)OC(=O)N[C@@H](CC(=O)N1Cc2ccccc2CN1C(=O)OCc1ccccc1)Cc1cc(F)c(F)cc1F,0.654701031
COc1ccc([C@H]2COc3c(ccc(O)c3OC)C2)c(OC)c1O,3.315766141
O=C(N[C@@H](Cc1c[nH]c2ccccc12)C(=O)Nc1ccncc1)c1ccccc1F,1.079181246
COc1cc(F)ccc1-c1cccc(Cc2cn(C)c3ccc(NC(=O)C(C)(C)CO)cc23)n1,1.439986773
Cc1nnc(C)n1/N=C/c1ccc(Cl)cc1Cl,1.927774798
CC(C)(CCN)CN(C[C@H]1Cc2ccccc2CN1)[C@H]1CCCc2cccnc21,1.404468902
CCN(Cc1cccc(OC)c1)C(=O)Nc1ccc(-c2cn[nH]c2)cc1,1.397974751
N#CC1(n2cc([C@@H](NC(=O)c3ccccc3)C3CCCCC3)nn2)CC1,1.300986564
Cc1cc(S(=O)(=O)Nc2cccc(CO)c2)ccc1-c1ccc(F)cc1F,1.477121255
Cn1c(-c2ccoc2)c(C2CCCC2)c2ccc(C(=O)NC3(C(=O)Nc4ccc(/C=C/C(=O)O)cc4)CCC3)cc21,2.209515015
COc1cccc([C@H]2O[C@H](CC(=O)N3CCC(CC(=O)O)CC3)C(=O)N(CC(C)(C)COC(C)=O)c3ccc(Cl)cc32)c1OC,1.194215904
CC(C)[C@H](NC(=O)c1ccsc1)c1cn(C2(C#N)CC2)nn1,1.908485019
Oc1ccc(-c2nccn2Cc2csc(-c3ncccn3)n2)cc1,2.428052877
CC1C(=O)N(Cc2ccc3ccccc3c2)c2c(/C=C/C(=O)NS(=O)(=O)c3cccs3)cccc21,1.397609819
Nc1ncnc2c1c(-c1cccc(OC[C@H]3CCCCO3)c1)cn2[C@H]1C[C@@H](CN2CCC2)C1,2.610237223
CCOc1ccccc1O[C@@H](c1ccccc1)[C@@H]1CNCCO1,1.7478511805
c1ccc(Cn2nnnc2C(c2ccc(-n3cccc3)cc2)N2CCCN(C3CCC3)CC2)cc1,0.698952632
CCN1C(=O)C2(CC(=O)Nc3c2cnn3-c2ccccc2Cl)c2cccc(C)c21,0.256761023
Cc1ccc(NC(=O)NC(=O)CSc2nc3ccccc3nc2C)cc1,1.761190866
O=C(Nc1ccc2c(c1)OCO2)C1CCN(Cc2nnc(-c3ccc(Br)s3)o2)CC1,1.2046842075
CCOc1ccccc1N1CCN(Cc2cc(F)ccc2F)CC1,1.4013100655
C1=CC=C(C=C1)CCNC(=O)CC2C(=O)N3C(=N2)C4=CC=CC=C4N=C3SCC5=CC=C(C=C5)Cl,0.622214023
COc1cccc([C@@H]2CN(CC(=O)N3CCC(C(=O)O)CC3)C(=O)[C@H](CC(C)C)c3ccc(Cl)cc32)c1OC,2.552524742
O=C(Nc1ccc2[nH]ncc2c1)c1cc(N2CCNCC2)c(F)cc1F,1.764995181
Cc1nnc(C)n1/N=C/c1ccc(Br)cc1,2.5047132555
CCn1nc(C)c(CNC(=O)NCCCOC)c1C,3.315766141
N#Cc1ccccc1Cn1c(N2CCC[C@@H](N)C2)ncc(-c2ccccc2)c1=O,1.845222106
CCN(CC)S(=O)(=O)c1ccc(S(=O)(=O)NCc2cccs2)cc1,1.0214172345
O=S(=O)(c1ccc(C(F)(F)F)nc1)N1C2Cc3[nH]ncc3C1CC(c1ccc(F)cc1)C2,2.396876445
COc1cccc(NC(=O)Cn2cnc3c(sc4nc5c(cc43)COC(C)(C)C5)c2=O)c1,2.1283388935
CCCCN1C(=O)[C@@H]([C@H](O)C2CC2)NC(=O)C12CCN(Cc1ccc(Oc3ccc(C(=O)O)cc3)cc1)CC2.Cl,1.950464751
FC(F)(F)c1ccccc1-c1ccc2[nH]c(C3=NCC4(CCCCC4)N3)nc2c1,2.357106862
C[C@@H]1CN(c2ccc(F)cc2C(F)(F)F)CCN1S(=O)(=O)c1ccc(-n2cncn2)cc1Cl,1.414939939
Cc1cc(NCc2ccccn2)n2ncc(-c3cccc(N(C)C)c3)c2n1,1.281448628
CCNS(=O)(=O)c1ccc(NC2C3CC4CC(C3)CC2C4)c(NCc2ccccc2)c1,1.556302501
Cn1ccnc1/C=N/N=c1\[nH]ncc2ccccc12,1.1455782575
CC(C)(F)CCn1nc(-c2cccs2)c(O)c(C2=NS(=O)(=O)c3cc(OCC(N)=O)ccc3N2)c1=O,1.591064607
CC(C)(C)OC(=O)N[C@H]1CC[C@H](n2cnc3cnc4[nH]ccc4c32)CC1,1.954242509
C1CN(CCN1CCC2=CC=C(C=C2)F)C(=O)C3=CC=CC4=C3NC=C4C#N,1.473632927
O=[N+]([O-])c1cn2c(n1)OC[C@@H](OCc1ccc(-c3ccc(C(F)(F)F)cc3)cc1)C2,1.910704037
O=c1c(C(c2ccncc2)c2c(O)nc3n(c2=O)CCCS3)c(O)nc2n1CCCS2,2.150427124
CC[C@H]1OC(=O)[C@H](C)[C@@H](O[C@H]2C[C@@](C)(OC)[C@@H](O)[C@H](C)O2)[C@H](C)[C@@H](O[C@@H]2O[C@H](C)C[C@H](N(C)C)[C@H]2O)[C@](C)(O)C[C@@H](C)CN(CCNC(=O)Nc2ccc3ccccc3c2)[C@H](C)[C@@H](O)[C@]1(C)O,2.079181246
Cc1n[nH]cc1CNC(=O)c1ccc(Cn2c(=O)c3cccn3c3cccnc32)o1,0.9682037725
C[C@H](NC(=O)COc1ccc2[nH]c(=O)c(-c3nccs3)c(CCc3ccccc3)c2c1)c1ccccc1,0.773065702
CC(C)(NC(=O)COc1ccc2[nH]c(=O)c(-c3nccs3)c(CCc3ccccc3)c2c1)c1ccccc1,1.515256251
CC(C)(C)c1cc(NC(=O)[C@@H]2CCC(=O)N2c2ccc(Cl)cc2)on1,1.716020047
CCc1c2nc(-c3cc(S(=O)(=O)N4CCN(CC)CC4)cnc3OCC(C)C)[nH]c(=O)c2nn1CCOC,0.845222106
COCCOc1cc2ncnc(-n3nc(-c4ccccn4)nc3N)c2cc1OCCOC,1.982271233
O=c1[nH]c2ncccc2n1Cc1nnc2ccc(-c3cccc(F)c3)nn12,3.315766141
CCCN(CCC)c1nc(N)nc(-c2noc(C)n2)n1,1.3056094255
Cc1nn(C)cc1-c1cncn1C(C)Cc1c(C)nn(C)c1C.Cl,2.3034194145
CCN(CC)C(=O)C(c1ccccc1)C1CCN(c2ccc(NC(=O)c3ccccc3-c3cccnc3)cc2F)CC1,1.519005149
CC1(C2(CCN(CC2)CC3=CC(=CC=C3)C#N)OC(=O)N1CC4=CC=CC=C4)C5=CC=CC=C5,0.309630167
N#Cc1nccnc1OC1CCN(C(=O)c2ccc(N3CCOCC3)cc2)C1,1.902161111
CC1=CC=CC=C1C(=O)N2CCC(CC2)C(=O)N3CCC(CC3)N4CC5=CC=CC=C5C4=O,1.968949681
CCN(C(=O)Nc1ccc(OC(F)(F)F)cc1)C1Cc2ccc(SC(C)(C)C(=O)O)cc2C1,2.00008685
O=C1CC(C(=O)Nc2ccccc2-c2ccccc2)c2ccccc21,0.9941853435
O=C(NCCCN1CCCC1=O)c1cnc(NCc2ccccc2Cl)nc1NC1CCCC1,0.662776714
CCOCc1cc(-c2ccccc2)[nH]c(=O)c1C#N,3.315766141
Cc1cc(S(=O)(=O)Nc2c[nH]c(=O)c(C)c2)sc1Cl,1.7265354365
CC(C)(C#N)C[C@H]1CC[C@H](N(C(=O)c2ccc([C@](C)(O)C(F)(F)F)cc2)C2CC2)CC1,2.295268828
O=S(=O)(Nc1ccc(Br)cc1)C1CCCCC1O,1.655786974
CC1=C(N(C2=C1C=C(C=C2)C(=O)N[C@@H](C)C3=CC=C(C=C3)[N+](=O)[O-])CC4=CC=C(C=C4)C5=CC=CC=C5C(=O)O)C,2.079181246
Cc1ccc(-c2cc(-c3ccc(S(C)(=O)=O)cc3)cnc2N)cc1C(F)(F)F,1.875061263
CC(C)OC(=O)c1c(NC(=O)CN2CCN(C)CC2)sc2c1CCCC2,1.372915696
COc1ccc(C2=C(c3ccc(F)cc3F)c3ccc(OCCCN4CCN(S(C)(=O)=O)CC4)cc3C2=O)cn1,2.6293365165
COc1cc(=O)[nH]cc1C(=O)N1CCN(C)c2ncccc2C1,3.315766141
CN(CCO)CC(=O)N1CCC(c2ccc(NC(=O)c3nc(C#N)c[nH]3)c(C3=CCCCC3)c2)CC1,1.271377012
COc1ccc2c(c1)[C@]1(C[C@H]1c1ccc3c(/C=C/c4ccc(CN5CCOCC5)cc4)n[nH]c3c1)C(=O)N2C,1.568225199
Clc1cccc(CN(CC2CC2)[C@H]2CCNC2)c1Cl,2.079181246
CC(C)(C)C1=CC(=C(C=C1)OP(=O)(NC)OC)Cl,1.67660217
O=C(CCc1ccccc1)NCc1ccc2[nH]c(=O)c(-c3nccs3)c(CCc3ccccc3)c2c1,0.773065702
Cl.O=c1n(C[C@@H](O)CO)c2ccccc2n1C1CCN(C[C@H]2[C@H]3CC[C@H](C3)C23CC3)CC1,1.515256251
Oc1cc(CCn2cnc(-c3ccccc3)c2-c2cccc3cccnc23)ncn1,1.530345505
Cc1noc(-c2cccn2Cc2ccc(F)cc2Cl)n1,1.6199361145000002
c1ccc(OCCN2CCCC3(C2)Nc2ccccc2-n2cccc23)cc1,0.745035248
CC1CCC(OC(=O)NC(=O)c2cc(-c3ccc(OC(F)(F)F)cc3)cs2)CC1,2.394416656
COc1ccc2c(c1)C[C@H](C(=O)Nc1ccc(-c3c[nH]nc3C)cc1SCCN(C)C)NC2,1.041313715
CC(C)Oc1ccc(NC(=O)[C@@H]2C[C@@H]3CC[C@@H]2N(S(=O)(=O)c2ccccc2)C3)cc1,1.008269539
N#Cc1cnc(C(=O)Nc2ccc(C3CCN(CCN4CCOCC4)CC3)cc2C2=CCCCC2)[nH]1,1.423578423
Clc1ccc(-c2c(-n3cncn3)nc3ccc(Cl)cc3c2Cl)c(Cl)c1,1.487012494
COc1cc(CN2CCC(NC(=O)c3cc4cc(Br)c5ccccc5c4o3)CC2)cc(OC)c1OC,1.2618971840000002
COc1ccc(S(=O)(=O)N[C@H]2CC[C@@H](N3CCN(c4ccccc4OCC(F)(F)F)CC3)CC2)cc1OC,1.544043227
Cc1cc(/C=C/C#N)cc(C)c1Oc1cc(Nc2ccc(C#N)cc2)c(N)cc1C(F)(F)F,1.653212514
C1CCC(C(CC2CCCCN2)C2CCCCC2)CC1,2.00008685
CC(=O)N1CCCC1c1cc2[nH]c(-c3ccccn3)nc2cc1Oc1ccc([N+](=O)[O-])cc1,1.609674042
CN(C)CCOc1cc(-c2cn[nH]c2)ccc1NC(=O)C1COc2ccccc2C1,1.838849091
COC1=NC=C(C=C1)NC2=NC(=NC(=C2)C3=CN=C(N=C3)N)N4CCOCC4,1.594723946
COc1cc(C(=O)c2c(-c3cccs3)[nH]c3ccccc23)cc(OC)c1OC,0.829520964
CN1CCN(CC2COc3cc4ncnc(Nc5ccc(F)c(Cl)c5)c4cc3O2)CC1,2.0459569485
Cc1cc(C(F)(F)F)nc(OCCCC#N)c1C(=O)C1C(=O)C2CCC(C2)C1=O,2.1525853990000003
Cc1cnc(C2CC3Cc4[nH]ncc4C(C2)N3S(=O)(=O)c2ccc(C(F)(F)F)nc2)o1,2.107042763
N#CC1(n2cc([C@@H](NC(=O)c3cn4ccccc4n3)C3CCCCC3)nn2)CC1,1.568225199
CS(=O)(=O)Nc1ccc(CCNC(=O)c2ccnc3[nH]c(-c4ccc(Cl)cc4)nc23)cc1,2.336066613
c1ccc(N(c2ccccc2)c2nc(N3CCOCC3)nc(N3CCOCC3)n2)cc1,1.3178590185
COc1cc(O[C@@H]2C[C@H]3C(=O)N[C@]4(C(=O)NS(=O)(=O)C5CC5)C[C@H]4/C=C\CCCCC[C@H](NC(=O)OC(C)(C)C)C(=O)N3C2)c2ccc(OC)c(C)c2n1,1.204174266
Clc1ccc2c(NCCNCc3ccc(Br)cc3)ccnc2c1,1.77815125
Clc1cc(Cl)cc(CNc2ncncc2-c2ccc3c(c2)OCO3)c1,0.98120629
O=C(Nc1nc(-c2ccccn2)cs1)c1cccc(Br)c1,3.315766141
C[C@@H]1CN(C(=O)c2ccccc2)CCN1c1nnc(-c2ccc(N(C)C)cc2)c2ccccc12,1.367777572
CCOc1ccc(C2=NNC(c3cccnc3)=Nc3ccc(CC)cc32)cc1OCC,1.391801258
N#CCCCn1c(Cn2c(=O)n(CC3CC3)c3ccncc32)nc2ccccc21,0.544043227
CCOC(=O)NC(=N)c1ccc2[nH]c(-c3cccc(-c4ccccc4O)c3O)cc2c1,1.621480119
CCOc1cc(NC(=O)C2(NC(=O)c3ccc4c(C5CCCC5)c(-c5cnccn5)n(C)c4c3)CCC2)ccc1/C=C/C(=O)O,1.662776714
OCC1(NCCCC2CCc3ccc(OCc4noc(-c5ccc(Cl)cc5)n4)cc32)CCCC1,1.079181246
O=C(N[C@@H](Cc1c[nH]c2ccccc12)C(=O)Nc1ccncc1)c1ccc(-c2ccc(OCc3ccccc3)c(F)c2)cc1F,1.531504463
O=S1(=Nc2ccc(C(F)(F)F)cc2)CCC1,2.114010162
CCC(C)(C)C(=O)N(O)Cc1ccc(F)cc1,2.250468797
OC[C@@H]1[C@@H](O)[C@H](O)[C@@H](O)CN1CCCCCCOc1cccc(C(F)(F)F)c1,2.827458666
CC1Sc2nnc(-c3cc(-c4ccccc4)n[nH]3)n2N=C1c1ccccc1,1.431363764
Cc1cccc(CN(C2CCOCC2)[C@@H]2CCNC2)c1C,2.079181246
O=C(/C=C/c1cccc2c1N(Cc1ccc(Cl)cc1Cl)C(=O)C2)NS(=O)(=O)c1cc(F)c(F)cc1F,1.632645481
COc1ccc(CCN2C(=O)N(NS(C)(=O)=O)CC2c2ccc(C3CC3)cc2)cc1,1.477121255
O=C(CCCOc1ccccc1)Nc1ccccc1-c1ccccc1,0.654701031
C1=CC2=C(N=C1)N=C(O2)C3=C(C=CC(=C3)NC(=O)C4=C(C=C(C=C4)C#N)F)Cl,1.01494035
Cc1ccn(CCC(=O)N(Cc2ccncc2)Cc2cccc(OCCc3ccc(F)cc3)c2)n1,0.7474571425000001
O=c1n(Cc2nc3ccccc3n2CCCC2(O)CC2)c2cnccc2n1C1CC1,0.653212514
Cc1oc(-c2ccccc2)nc1CN1CCC[C@@H](C(=O)NC[C@@H]2CCCO2)C1,1.149219113
Cc1cccc(NC(=O)c2nn(C)c(-c3ccc(F)c(F)c3)c2C)n1,1.662776714
CN(C)C(=O)C1CNCCN1C(=O)OC(C)(C)C,2.231061488
CN1CC2CCC(C1)N2C(=O)[C@]12C[C@H]1c1cc(F)ccc1-c1c(C3CCCCC3)c3ccc(C(=O)NS(=O)(=O)N4CCC4)cc3n1C2,2.079181246
COc1ccc2c(c1)CC(c1nc(SCCN(C)C)c3cc(-c4cn[nH]c4)ccc3n1)CO2,1.568225199
Cl.Cl.O=C(/C=C/c1ccc2c(c1)nc(CCc1ccccc1)n2CCN1CCCCC1)NO,1.00008685
Cn1nc(C2CC2)c2c(C(=O)Nc3ccc(Cn4cc(Cl)cn4)cc3)cc(C3CC3)nc21,2.2701730115
CC1C[C@@H]2[C@H](CC[C@]3(C)C(c4ccncc4)=CC[C@@H]23)[C@@]2(C)CCNC(=O)C=C12,8.68502e-05
CN(C)CCCNc1nc(N(C)C)nc2cc(-c3ccc(C(F)(F)F)cc3)sc12,1.699359545
O=C(NCCc1nc(-c2cccc(F)c2)cs1)N1CCC(F)CC1,0.748172516
CC(C)CCNc1ccc(-c2cnc3ccc(N4CCC(N(C)C)CC4)nn23)cn1,1.969362375
O=C(CN1CCC(c2ccccc2)(c2ccccc2)C1=O)N1CCN(Cc2cccc(C(F)(F)F)c2)CC1,0.553834649
Cc1nc2c(cc1Br)nc1n2C(C)CC1,1.8970634825
Cc1cc2oc(C(=O)N3CCN(C)CC3)c(C)c2cc1C,0.375949633
COc1ccc(-c2cc(C3=Nc4c(C(C)(C)C)nn(CCO)c4C(=O)NC3)ccc2OC)c(OC)n1,1.755874856
CCNC(=O)Cn1c(-c2cccc(Cl)c2)nc2ccc(OCCCN3CCCCC3)cc2c1=O,1.66833238
COc1cnc(-n2ccnn2)c2[nH]cc(C(=O)C(=O)N3CCc4c(cccc4-c4ccccn4)C3)c12,0.416064654
CCCn1c(=O)c2sccc2n2c(CCC(=O)Nc3ccc(CC)cc3)nnc12,1.0594834315
O=C(CC1(c2ccc(C(F)(F)F)cc2)C2CC3CC1CC(C2)C3O)N1CC(O)C1,1.090997259
COc1ccc(CN(Cc2ccc(OC)cc2)c2ncnc3c2[nH]c(=O)n3[C@H](C)c2cc3ccccc3nc2-c2ccccc2C)cc1,1.5725026395
CC(C)CCn1c(=O)c(C2=NS(=O)(=O)c3cc(NS(C)(=O)=O)ccc3N2)c(O)c2cc(F)cn21,2.223717855
O=C(N[C@H](Cc1c[nH]c2ccccc12)C(=O)Nc1ccncc1)c1ccc(N2CCN(c3ccc(Cl)c(Cl)c3)CC2)cc1F,0.9029814
CC(C)(C)c1cc(NC(=O)[C@@H]2CCCCN2C(=O)C2CCOCC2)no1,2.079181246
CCOc1ccccc1CCCNS(=O)(=O)c1ccc(C)cc1,0.654701031
CC[C@@H]1/C=C(\C)C[C@H](C)C[C@H](OC)[C@H]2O[C@@](O)(C(=O)C(=O)N3CCCC[C@H]3C(=O)O[C@H](/C(C)=C/C3CCOCC3)[C@H](C)[C@@H](O)CC1=O)[C@H](C)C[C@@H]2OC,0.255272505
CCN(CC)CC(=O)NC1=C(C=CC=C1C(=O)OC)C,1.379849179
O=C(Nc1ccc2oc(-c3ccccc3)nc2c1)c1ccccc1,1.77815125
C1=CC=C(C=C1)C2=C(C2=O)C3=CC=CC=C3,0.552668216
CN(Cc1cc(=O)[nH][nH]1)c1cc(Cl)cc(Cl)c1,2.255272505
O=C1Nc2ccccc2C12Oc1ccccc1C1CC(c3cccnc3)=NN12,1.694293233
CN(C)CC1(c2ccc(F)c(F)c2)CCCCC1,1.397974751
COC(=O)Nc1ccc2c(c1)NC(=O)CCCCC[C@H](NC(=O)/C=C/c1cc(Cl)ccc1-n1cnnn1)c1nc-2c(Cl)[nH]1,1.934397441
N[C@H]1CCCN(c2ccncc2NC(=O)c2csc(-c3c(F)cccc3F)n2)C1,1.845222106
Fc1cccc(C(F)(F)F)c1-c1ccc2[nH]c(C3=NOC4(CCCCC4)C3)nc2c1,0.855136771
Cc1[nH]c2ccccc2c1CCNC(=O)c1ccc(N(C)C)cc1,1.0549126523333332
Cc1ccc(-n2cnnn2)c(CCC(=O)N[C@@H](Cc2ccccc2)c2nc(-c3ccc4[nH]c(=O)ccc4c3)c(Cl)[nH]2)c1,0.34246216
CC(C)CCn1nc(C2CCCC2)c(O)c(C2=NS(=O)(=O)c3cc(NS(C)(=O)=O)ccc3N2)c1=O,1.230397825
COCc1cccc(C(=O)OCC(=O)c2ccc(CCCNC(C)=O)cc2)c1,0.6660090485000001
CC(C)(C)OC(=O)N[C@@H](CC(=O)N1CCCN(S(C)(=O)=O)CC1)Cc1cc(F)c(F)cc1F,1.009617037
CCN1C(=O)C(C)(C)c2cc(S(=O)(=O)Nc3cnn(CC)c3)ccc21,1.5403078425
CNC(=O)c1ccc(Oc2ccc(S(=O)(=O)C3(C(=O)NO)CCC4(CCNCC4)C3)cc2)cc1,2.172381852
NCC1CCC(CNc2nc(NCc3ccccc3Cl)ncc2[N+](=O)[O-])CC1,1.681241237
COc1cc2nc(N3CCC[C@@H](N)C3)n(Cc3ccccc3C#N)c(=O)c2cc1OC,2.164293359
Cn1c2ccccc2c2cc(CCOc3ncccc3-c3ccncc3)cnc21,0.914208182
Cc1ccc(CN(CCCn2ccnc2)Cc2ccc3ncccc3c2)s1.O=C(O)CC(O)(CC(=O)O)C(=O)O,0.9824654575
Cc1cccc(CN(CC2CNC2)c2ccccc2)c1.O=C(O)C(F)(F)F,1.083733639
CC(C)(C)c1cc(NC(=O)[C@@H]2CCCCN2CC2CCOCC2)no1,1.041313715
C=C(C)[C@@H]1CC[C@]2(C(=O)NCCCN(C)C)CC[C@]3(C)[C@H](CC[C@@H]4[C@@]5(C)CC=C(c6ccc(C(=O)O)cc6)C(C)(C)[C@@H]5CC[C@]43C)[C@@H]12,2.079181246
CC(C)(C)C1=CC=C(C=C1)C(=O)CCCCl,0.584331224
COc1cc(CC2CC(c3cc(OC)c4c(c3)OCO4)=NO2)cc2c1OCO2,1.167398088
CCOc1nc(NC(=O)C2(NC(=O)c3ccc4c(C5CCCC5)c(-c5ncc(Cl)cn5)n(C)c4c3)CCC2)ccc1/C=C/C(=O)O,1.819543936
COc1ccc(/C=C/c2nc(S(=O)(=O)c3ccccc3)c(N(C)C)o2)cc1,0.8652264295000001
CCN(CC)c1ccc(/C=N/n2c(C)nnc2C)cc1,1.6005718975
Cc1[nH]nc2c1C(c1cc(F)cc(-c3cccc(CC(=O)O)c3)c1)(C(C)C)C(C#N)=C(N)O2,2.201397124
Cc1nc(C(NC(=O)c2ccc(-c3ccc(Cl)cc3)[nH]2)C2CCCCN2)sc1CO,2.252607586
CC(=O)O[C@@H]1C[C@@]2(C)[C@H](c3ccoc3)C[C@H]3O[C@]32[C@]2(C)C(=O)C(O)=C3C(C)(C)C(=O)C=C[C@]3(C)C12,1.6875143155
COc1ccc(CNC(=O)CCc2nnc3ccc(-c4ccc(Cl)cc4)nn23)c(OC)c1,0.797861896
COc1cccc2c1C(NC[C@]1(c3ccccc3)CC[C@H](OC(=O)Nc3ccc(N(C)C)cc3)CC1)=NS2(=O)=O,0.248424061
CC(C)(C1=CC=C(C=C1)[C@H](CCCN2CCC(CC2)C(C3=CC=CC=C3)(C4=CC=CC=C4)O)O)C(=O)O,2.079181246
CCNCCNc1cc(-c2ccc(C(F)(F)F)cc2)c(C#N)c2nc3cc(Cl)ccc3n12,2.174113878
Nc1nccc2cc(O[C@H]3CCCN(Cc4ccccc4)C3)ccc12,1.079181246
FC(F)(F)c1cc(-c2ccccc2Cl)cc2nc(C3=NOC4(CCCCC4)C3)[nH]c12,1.222238291
COC1=CC2=C(C=CN=C2C=C1)[C@H]([C@@H]3C[C@@H]4CCN3C[C@@H]4C=C)O,2.079181246
CC(C)(C)OC(=O)N1CCCC1C(=O)NC(CC1=NOC(C(N)=O)C1)c1ccccc1,2.6873726025
O=C(N[C@@H](Cc1c[nH]c2ccccc12)C(=O)Nc1ccncc1)c1cccc(F)c1,0.9029814
CC(C)n1cc(NC(=O)c2cccc(-n3cc(NC(=O)Nc4ccccc4Cl)cn3)c2)cn1,1.591064607
CCc1nn2c(c1-c1ccc(C)c(S(=O)(=O)N(C)c3ccc(C)c(C)c3)c1)NC(=O)CCC2=O,1.4696529105
CC(C)CCN1C(=O)C(C2=NS(=O)(=O)c3cc(NS(C)(=O)=O)ccc3N2)=C(O)[C@H]2CCC[C@H]21,1.36169007
CCC(=O)NCCCc1cc(OC)ccc1-c1cccc(OC)c1,0.724259481
O=C(NCc1ccc(Cl)cc1Cl)N1CCC(Oc2ncccn2)CC1,1.934397441
O=C(NCCc1nc(-c2ccccc2)cs1)N1CCCC1,2.512332468
Cc1cc(CC(C)n2ccnc2-c2ccc(C)o2)[nH]n1,1.317986451
CS(=O)(=O)C1=CC=C(C=C1)[C@H]([C@@H](CO)NC(=O)C(Cl)Cl)O,2.079181246
CCS(=O)(=O)c1ccc2oc(-c3ccc(Cl)c(Cl)c3)nc2c1,2.021189299
Cc1nc(C)c(-c2csc(Nc3ccc(C(=O)N4C5COCC4CN(c4ncc(C(F)(F)F)cn4)C5)cn3)n2)s1,1.964517765
CCCCNC1=NC=C2C(=NN(C2=N1)CC3CCC(CC3)N)C4=CC=C(C=C4)F,2.079181246
Clc1ccc(CNc2ncnc3c2cnn3CC(Cl)c2ccc(Br)cc2)cc1,2.812760571
O=c1[nH]c2ccc(Cl)cc2c2[nH]c(-c3ccccc3Cl)nc12,1.541363925
FC1(F)CCC(NC/C=C/CN(C[C@H]2Cc3ccccc3CN2)[C@H]2CCCc3cccnc32)CC1,0.780560807
CC(C)C[C@H](N)C(=O)N[C@@H]1CC[C@H]2CN(S(=O)(=O)c3cccc(C(F)(F)F)c3)C[C@H]21,1.415667609
CC(C)c1noc(CCCn2ccc(-c3ccc(Br)cc3)n2)n1,1.5585463615
CNS(=O)(=O)C1=CC=C(C=C1)CC2=C(NN(C2=O)C3=NC(=CS3)C(=O)O)C4=CC=CC(=C4)C5=CC=CC=C5,2.079181246
COc1cc(Cl)c(C)cc1NC(=O)Cn1ncc2c(N3CCN(c4ccccn4)CC3)ncnc21,1.3103211135
C[C@H]1CN(c2nnc(-c3ccc(F)cc3)c3ccccc23)CCN1C(=O)c1ccccc1,2.295268828
CN=S(=O)(NC)c1ccc(C(F)(F)F)cc1,2.114010162
COc1cc(/C=C/C(=O)NCCn2c(C)cc3ccccc32)cc(OC)c1OC,1.023766219
CC(=O)c1cc(C(=O)N2CC(O)C2)c(Nc2ccc(I)cc2F)n1C,1.176091259
CCOc1ccc(CNC(=O)c2cc(-c3sc(C)nc3C)n[nH]2)cc1OCC,1.4872324115
Nc1cc(C(F)(F)F)c(-c2nc(N3CCOCC3)nc(N3CCOCC3)n2)cn1,2.094617154
C[C@]12CCCC(=O)CC1=CC[C@@H]1[C@@H]2CC[C@]2(C)C(c3cnccn3)=CC[C@@H]12,8.68502e-05
CC1=CC=C(C=C1)S(=O)(=O)NC(=O)NC2CCCCC2,2.079181246
O=C(Nc1ccc(C(F)(F)F)cc1)c1ccc(C2(C(F)(F)F)CC2)cc1,2.607455023
Cc1noc(C)c1-c1ccc(-c2nc(C)c([C@H](OC(C)(C)C)C(=O)O)c(-c3ccc4c(c3)CCCO4)c2C)c(F)c1,1.77815125
CCOc1ccccc1C(=O)NCC1(N2CCN(C)CC2)CCCCC1,1.34246216
Cc1cc(C(=O)NCC2(O)CCCC2(C)C)[nH]n1,2.389619428
Cc1cc(CNc2ccc(-c3nc(CCCc4ccccc4)no3)cn2)n[nH]1,2.445993173
CN(C)C(=O)[C@@H]1Cc2ccccc2N1C(=O)CCN1CCC(c2ccc(F)cc2)CC1,1.913919765
CC1C(=O)N(Cc2ccc3ccccc3c2)c2c(/C=C/C(=O)NS(=O)(=O)c3cccc(Cl)c3)cccc21,1.173582224
CCCCN1C(=O)[C@@H]([C@H](O)C2CCCCC2)NC(=O)C12CCN(Cc1ccc(Oc3ccc(NS(C)(=O)=O)cc3)cc1)CC2.Cl,0.412973426
Cc1ccc(NC(=O)c2cccc(C(F)(F)F)c2)cc1NC(=O)c1cnc(N)nc1,2.343385842
[2H]C([2H])([2H])Oc1cccc([C@@]2(O)CCCC[C@@H]2CN(C)C)c1,2.871572936
CC(=O)O[C@H]1[C@H]2[C@H]([C@@H]3[C@@H](O)[C@@H]4[C@H]([C@H](C)[C@H]5O[C@]56OC(=O)[C@@](C)(O)[C@]46C)[C@@]3(C)[C@H]1OC(C)=O)[C@@H](O)C(=O)[C@H]1C[C@@H]3O[C@@H]3[C@H](OC(C)=O)[C@]21C,1.672079377
O=C(Nc1cccc(F)c1)C1CC(=O)N(Cc2ccccn2)c2nc3ccccc3n21,1.498990079
COC[C@@H](C1CC1)n1cc(Cl)nc(Nc2c(C)nc(OC)nc2OC)c1=O,0.698970004
CSc1nc2ccccn2c(=N)c1S(=O)(=O)c1cc(C)c(Cl)cc1C,0.612762671
CC(C)Cc1cc(CN(C)S(=O)(=O)c2ccccc2)nn1-c1ccccc1,0.691941824
NC(=O)c1cccc(S(=O)(=O)c2ccc(/C=C/c3ccc(F)cc3F)cc2)c1,0.472035706
O=c1c(Br)c(OCc2ccc(F)cc2F)cc(CO)n1-c1c(F)cccc1F,1.520167586
Cc1cc(C2CCN(C(=O)[C@@H]3CN(C(C)(C)C)C[C@H]3c3ccc(F)cc3F)CC2)n(-c2ccc(Cl)cc2Cl)n1,1.249321963
CC(C)[C@]1(C(=O)N2C[C@@H]3C[C@H]2CN3C(=O)CC2CCCC2)CC[C@@H](NC2CCOCC2F)C1,1.681241237
CCN(CC)CCOc1ccc(CCC(Cc2cc3ccc(C)cc3oc2=O)C(=O)NO)cc1,1.863441829
COc1cc(=O)n(C)cc1C(=O)N1CCN(c2ccccc2Cl)CC1,1.997254482
NC(C(=O)Nc1ccc(-c2cn[nH]c2)cc1)c1ccc(Cl)cc1,1.924279286
COc1cccc2c1C(NC[C@]1(c3ccccc3)CC[C@H](NC(=O)OCC(F)(F)F)CC1)=NS2(=O)=O,2.130764868
Clc1ccc(OCCn2cnc(Cl)c2Cl)cc1,1.467791839
C[C@]12CCC(=O)C=C1C(F)C[C@@H]1[C@@H]2CC[C@]2(C)C(c3cncc(F)c3)=CC[C@@H]12,8.68502e-05
CC(C)(C)C[C@@H]1N[C@@H](C(=O)N[C@H]2CC[C@H](O)C2)[C@H](c2cccc(Cl)c2F)[C@]12C(=O)Nc1cc(Cl)ccc12,1.741135835
CN[C@H]1CC[C@@H](c2ccc(Cl)c(Cl)c2)c2ccc(S(N)(=O)=O)cc21,2.079181246
CC1Cc2ccccc2N1C(=O)c1ccc(=O)n(CCC(=O)N2CCN(c3ccccn3)CC2)n1,0.758355779
c1ccc2cc(-c3[nH]ncc3-c3ccncc3)ccc2c1,1.5024178
O=c1ccc(-c2ccc(S(=O)(=O)NCc3cccc(Br)c3)s2)n[nH]1,1.0359296809999998
COCCc1noc(C(C)n2ccnc2-c2cc(F)cc(F)c2)n1,2.0990632155
Cc1[nH]nc2c1C(c1cc(C#N)cc(-c3cccc(C(=O)O)c3)c1)(C(C)C)C(C#N)=C(N)O2,2.136657162
c1ccc2c(c1)cnn2CCCNc1ncnc2c1CCNCC2,2.5479880215
CC(O)CN(Cc1cc(F)cc(Br)c1)C(C)C.O=C(O)C=CC(=O)O,1.0493107135000002
CS(=O)(=O)N1CCC(C(=O)N(CCCN2CCC(Cc3ccccc3C(N)=O)CC2)c2ccc(Cl)c(Cl)c2)CC1,2.167294583
CCOC(C(=O)Nc1cnc2ccccc2c1)c1cc(Cl)ccc1Cl,1.431363764
C/C(=N\NC(=N)N)c1ccc(NC(=O)Nc2ccc(OC3CCCCCC3)cc2)cc1,1.833911715
C1COCCN1CCCC2=CC=C(C=C2)COC3=CC=CC=C3,1.426511261
COc1ccc(C2CC(c3cccs3)=NN2S(C)(=O)=O)cc1OC,0.986644609
CCC1CN(C(=O)c2ccccc2)CCN1C(=O)C(=O)c1c[nH]c2cccc(F)c12,1.064242671
CS(=O)(=O)Nc1ccc2c(c1)S(=O)(=O)N=C(C1=C(O)[C@@H]3[C@H]4CC[C@H](C4)[C@@H]3N(Cc3ccc(Cl)cc3)C1=O)N2,2.377546323
O=c1ccc(-c2nc3cc(S(=O)(=O)CC(F)(F)F)ccc3[nH]2)cn1-c1ccccc1,2.581899496
CC(C)(C)Nc1ncc(-c2cnn(C3CCN(C(=O)OC(C)(C)C)CC3)c2)cc1C(=O)O,1.691036297
[2H]C([2H])([2H])Oc1ccc2c(c1)C(=O)N1CCC[C@H]1c1c(C(=O)NC3CC3)ncn1-2,2.88559551
Fc1cccnc1Nc1ccc(-c2cnc3ccc(N[C@H]4CC[C@H](N5CCCC5)CC4)nn23)cc1,1.734612778
Nc1ccc(-c2ccc(C(=O)N[C@@H](Cc3c[nH]c4ccccc34)C(=O)Nc3ccncc3)c(F)c2)cc1,1.300986564
O=C(Nc1nccs1)c1cc2ccc3cccnc3c2[nH]1,1.157000267
CC[C@H]1OC(=O)[C@H](C)[C@@H](O[C@H]2C[C@@](C)(OC)[C@@H](O)[C@H](C)O2)[C@H](C)[C@@H](O[C@@H]2O[C@H](C)C[C@H](N(C)C)[C@H]2O)[C@](C)(O)C[C@@H](C)CN(CCCN(CCC#N)C(=S)NCCCc2ccccc2)[C@H](C)[C@@H](O)[C@]1(C)O,2.079181246
c1ccc(Oc2ccc(Nc3ncnc4[nH]ncc34)cc2)cc1,0.695433205
O=C(Cc1ccccc1)Nc1nnc(CCSCCc2nnc(NC(=O)Cc3ccccc3)s2)s1,1.554654651
CC1CCCC(=O)CCC/C=C/c2cc3c(c(O)c2C(=O)O1)C(c1ccc(OCC(N)=O)cc1)CC(=O)O3,0.8702788509999999
CCc1nc2cc(Cl)ccn2c1C(=O)NCc1ccc(N2CCCCCC2)cc1,0.462368046
CN(C)Cc1nccn1-c1ccc(-c2ccc3c(C(N)=O)nn(-c4ccc5onc(N)c5c4)c3c2F)c(F)c1,0.375625404
CCCN1CC2=C(NC1)N(C(=S)NC2=O)CCC3=CC(=C(C=C3)OC)OC,1.760588452
CC1(c2ccc(-c3ccc(C#N)cn3)cc2)COC1,1.579760738
Cc1cc(C)n2nc(C(=O)N3C[C@@H](N)C[C@H]3C(=O)NC(C)C)cc2n1,2.0339372215
CN1C=NC(=C1SC2=NC=NC3=C2NC=N3)[N+](=O)[O-],2.010434355
CCc1ccc(-n2c3nc(=O)nc(O)c-3cc3c(Cl)cccc32)cc1,2.105780447
Cc1nc(=N)nc2ncc(C(=O)c3ccccc3O)cn12,1.8810323545
CN1CCC(c2c[nH]c3cc(Nc4ccc(F)c(F)c4)ccc23)CC1,2.644415838
CC(C)NC(=O)c1c(Cl)nn(C)c1NC(=O)c1cc(Br)nn1-c1ncccc1Cl,1.8049423495
COC(=O)[C@H]1[C@@H](O)[C@@]2(O)c3c(OC)cc(O[C@H]4COC[C@H](CO)O4)cc3O[C@@]2(c2ccc(OC)cc2)[C@@H]1c1ccccc1,2.255272505
CCN(CC)CCCN(C1CC2=CC=CC=C2C1)C3=CC=CC=C3.Cl,1.061075324
C[C@@H]1CN(C(=O)c2sc3ccccc3c2Cl)C[C@H](C)O1,1.602081706
CC(C)Nc1ncc2scc(COc3cccc4ncccc34)c2n1,0.939152235
CCc1nn(CCO)c(CC)c1Oc1cc(Cl)cc(Cl)c1,1.949292401
CN(C)C[C@H]1CC[C@H](Nc2ncc3ccc(=O)n(C4CCCCCC4)c3n2)CC1,1.094444183
COc1ccc(-c2c(-c3ccccc3)nn(-c3cccc4ccccc34)c2N(C)C)cc1OC,1.2785280955
CC1(C)CN(c2ccccc2NC(=O)Nc2ccc(OC(F)(F)F)cc2)c2c(O)ccc(-c3ccc(C(F)(F)F)cc3)c21,2.229931241
O=C(Cc1noc2ccccc12)N1CCn2c1nc1ccccc12,1.6719316675
CCC(CC)Sc1nc2cc(Cl)c(N3CCN(CCO)C(C)C3)cc2[nH]1,1.069493576
CN1CCc2cc(-c3ccc4oc5c(-c6ccccc6)nc(=O)n(CCN6CCC(F)(F)C6)c5c4c3)ccc2C1,1.278799314
COCCN1CCN(c2nc(SCCc3ccc(OC)c(OC)c3)c(C#N)c3c2COC(C)(C)C3)CC1,1.412302484
Cc1ccnn1CCNC(=O)CCc1nc2ncc(Br)cc2[nH]1,1.801524087
O=C(CCc1nnnn1C1CCc2ccccc21)c1ccccc1,0.654701031
CN(C)CCCNC(=O)c1ccc2c(c1)CC(c1nc3ccc(-c4cn[nH]c4)cc3s1)CO2,1.531504463
C[C@@]1(COCc2ccc(-c3ccc(OC(F)(F)F)cc3)cc2)CCn2cc([N+](=O)[O-])nc2O1,2.440509454
Cc1ccc(Cl)cc1N1CCN(C(=O)C2CCCN(S(=O)(=O)c3ccccc3)C2)CC1,1.237582666
Cc1cccc(Nc2nc(N3CCNCC3)nc3c(C)nn(CCOCC(F)(F)F)c23)n1,2.047664915
CCN1CCN(c2cc3[nH]c(C(=O)[C@]4(C)CC[C@@](C)(O)CC4)nc3cc2Cl)CC1,2.020293558
CN(C(=O)c1c[nH]nn1)C1c2ccccc2-c2ccccc21,2.0808781795
NC(=O)C12CC3CC(C1)C(NC(=O)C1SCCN1S(=O)(=O)c1ccccc1F)C(C3)C2,1.900699678
CCOc1ccc(-c2nc(C)c(C(C)=O)n2O)cc1,2.718833792
C1=CC=C(C(=C1)C2=CC=C(C=C2)C3=CSC4=C3C(=O)C(C(=O)N4)C#N)O,2.079181246
CN(Cc1cccnc1)C(=O)Nc1ccc(S(=O)(=O)c2ccccc2)cc1,1.945545984
C1=CC=C2C(=C1)C(=O)N(C3=C(S2=O)C=CC(=C3)C(=O)NCC4=CC=CO4)CC5=CC(=CC=C5)Cl,-0.207608311
Cc1nccn1S(=O)(=O)c1ccc(C(C)(C)C)cc1,1.3815440325
CC(C)(C)c1noc([C@@H]2CCCN2C(=O)C[C@H](N)Cc2cc(F)c(F)cc2F)n1,1.9029814
CC(C)Oc1cc([C@@](Cc2ccccc2)(NC[C@@H](O)C(F)(F)F)c2cc(F)cc(OC(F)(F)C(F)F)c2)ccc1F,1.57054366
COc1cccc2nc(C#Cc3ccccc3)ccc12,0.654701031
CC1(n2cnc3cnc4[nH]ccc4c32)CCN(Cc2cncnc2)CC1,1.982271233
CCc1n[nH]c(=O)c(-c2nc(C3CCCC3)cs2)c1CC,0.654824515
NC(Cc1ccc(Cl)cc1)C(=O)Nc1ccc(-c2cn[nH]c2)cc1,1.826204423
COc1ccc(-n2nc(C#N)c3c2C(=O)N(c2ccc(C4(CN5CCCC5)CC4)cc2)CC3)cc1.O=C(O)C(F)(F)F,2.300986564
C1C2=CN=C(N=C2C3=C(C=C(C=C3)Cl)C(=N1)C4=C(C=CC=C4F)F)NC5=CC=C(C=C5)C(=O)O,1.671172843
O=C(CO)N1CCC(c2n[nH]c(-c3ccc(Cl)cc3)c2-c2ccncn2)CC1,2.079181246
Cc1ccccc1-c1cccc(CNc2ccc(CCC(=O)O)cc2)c1,2.475143873
Cc1cnc(C(=O)Nc2cc(Cl)c(Cl)c(Cl)c2)cn1,1.08720006
O=C(Cn1c(=O)ccc2cc(F)c(F)cc21)Nc1scc(Br)c1-c1ncn[nH]1,1.332258026
CS(=O)(=O)Nc1ccc2c(c1)S(=O)(=O)N=C(C1=C(O)C3CCCC3N(CCc3ccccc3)C1=O)N2,1.397974751
CC(=O)c1c[nH]c(C(=O)Nc2cc(C(F)(F)F)ccc2O)c1,1.56506352225
O=c1ccc(-c2ccc(S(=O)(=O)NCCCN3CCN(c4ccccc4)CC3)s2)n[nH]1,1.4269210255
CCOc1ccccc1CN1CCN(Cc2c[nH]c3nccnc23)C(C)C1,1.381789139
CCOC(=O)Cn1ccc2cc(N3C(=O)N4CCCC4(C)C3=O)ccc21,0.999468039
CS(=O)(=O)c1ccc(-c2cnc(N)c(-c3ccc(S(C)(=O)=O)cc3)c2)cc1,2.544043227
CS(=O)(=O)c1ccc(C[C@H](NC(=O)c2c(Cl)cc3c(c2Cl)CCN(C(=O)c2ccc4ccoc4c2)C3)C(=O)O)o1,2.1457871835
C[C@](O)(c1ccc(C(=O)N(C2CC2)[C@H]2CC[C@](COC(N)=O)(c3ccc(F)cc3)CC2)cc1)C(F)(F)F,2.295268828
CN[C@H]1CCN(c2c(-c3ccccc3)c(C)c(C#N)c3nc(C(C)(C)C)oc23)C1.Cl,1.528234791
COc1ccc(-c2cc(CNC(=O)c3ccc(=O)[nH]n3)no2)cc1OC,1.701873175
Cc1ccc(NC(=O)Nc2ccc(Cc3ccc(NC(=O)OC(C)(C)C)cc3)cc2)cc1,1.648109875
Cc1c(Cl)c(-c2cccc3cc[nH]c23)cc2c1NC(C)(C)[C@H](O)[C@H]2C,1.322219295
CCn1cc(CN(C/C=C/c2ccco2)CC(C)C)cn1,0.691388661
CN(C)C1=NC(=NC2=CC=CC=C21)NC3CCC(CC3)NCCC4=C(C=C(C=C4)Br)OC(F)(F)F,2.079181246
COc1nccnc1Oc1cc(F)c(CN2CCCC2)c(Cl)c1,3.1314367755
CCC(C)(C)C(=O)NC(C)c1ccccc1,2.300986564
C[C@]12CCNC(=O)C=C1C(F)C[C@@H]1[C@@H]2CC[C@]2(C)C(c3cccnc3)=CC[C@@H]12,8.68502e-05
Nc1cccc(Nc2nc(-c3ccc(Cl)cc3)cs2)c1,1.075891653
CN(C)c1noc(C2CCCN(c3nccnc3C#N)C2)n1,1.4385944685
O=C1COc2ccc(NC(=O)C3CCN(c4cccc(Cl)c4)CC3)cc2N1,1.442511125
Cc1cc(=O)c(C(=O)Nc2nc3ccccc3nc2N2CCCC2)nn1-c1ccc(Cl)cc1,2.2225081375
CN(C(=O)CN1C(=O)COc2cc(Cl)c(Cl)cc21)C(CN1CCCC1)c1ccc(-c2ncccn2)cc1,1.8154447915
O=C(/C=C/c1cccc2c1N(Cc1ccc3ccccc3c1)C(=O)C2(F)F)NS(=O)(=O)c1ccc(Cl)c(Cl)c1,1.954952178
CC(C)Nc1nc2oc3c(NCCCN4CCCC4=O)ncnc3c2c2c1CCC(C)(C)C2,1.515256251
COc1ccc(Cn2c(C)nc3c([N+](=O)[O-])c(Cl)c(Cl)cc32)cc1,1.477121255
CC[C@@H]1C(=O)N(C)c2cnc(-n3ccnc3-c3ccc(F)cc3)nc2N1c1cn[nH]c1,1.820035145
O=c1c(C2CCCCC2)c(O)nc2n1CC(O)CS2,1.6494837685
COc1cc(OC)c(C2Nc3cc(C)c(C)cc3NC3=C2C(=O)CC(C)(C)C3)cc1OC,1.1645391445
O=C(O)c1ccc2c(C3CCCCC3)c(-c3ccoc3)n(CC(=O)N3CCC(N4CCCC4)CC3)c2c1,2.477121255
CC(=O)O[C@@H]([C@H]1C[C@@H](C)[C@H]2[C@H](O1)[C@H](O)[C@@]1(C)[C@@H]3CC[C@H]4C(C)(C)[C@@H](O[C@H]5CN(C6COC6)CCO5)CC[C@@]45C[C@@]35CC[C@]21C)C(C)(C)O,0.955731027
O=C(c1c2c(nc3ccccc13)C(=O)N(C1CCCCC1)C2)N1CCN(c2ccccn2)CC1,1.7067963845
O=c1cc(-c2ccc(C(F)(F)F)cc2)ccn1-c1ccc2c(cnn2CCN2CCCC2)c1,2.079181246
COc1ccc(CCNc2ncc(C)n(CC(=O)NCCONC(=N)N)c2=O)cc1,1.517169496
COc1ccccc1[C@H]1CN(CC(=O)N2CCCCC2)C(=O)[C@H](CC(C)C)c2ccc(Cl)cc21,1.026575311
CNC(=O)c1ccc2c(=O)n([C@@H](CC3CCCCC3)C(=O)Nc3ncc(Cl)s3)cnc2c1,0.698952632
O=C(Nn1cnc2ccccc21)c1nc(-c2ccc(F)cc2)n2c1CCCCC2,1.587762717
CCO/N=C/c1c(N)ncnc1N1CCN(C(=O)Nc2ccc(OC(C)C)cc2)CC1,3.2442486
CC(C)[C@@H]1CN(c2ccc(F)c(S(C)(=O)=O)c2)CCN1c1ncc(CO)c(C(F)(F)F)n1,1.34246216
COc1ccc2c(c1)C[C@H](C(=O)Nc1ccc(-c3cn[nH]c3)cc1OCC1CCN(C)CC1)NC2,1.785472203
Cc1ccc(C)c(NC(=O)NC(=O)CSc2nc3ccccc3nc2C)c1,1.887729797
CCC(c1nc2c3c(C)c(C)n(-c4cc(C)ccn4)c3ncn2n1)N1C(=O)c2ccccc2C1=O,1.624939174
COc1cc(-c2cn[nH]c2)ccc1NC(=O)C1COc2ccccc2C1,1.146065989
C1CCN(C1)C(=O)CCNC2=C(N=C3N2C=CN=C3)C4=CC(=CC=C4)F,0.692846919
CCN(CC)CCCNc1nc2cc(Nc3ccnc4cc(Cl)ccc34)ccc2o1,1.765674114
Cc1cncc(C2=CC[C@H]3[C@@H]4CC(=O)C5CCCC[C@]5(C)[C@H]4CC[C@]23C)c1,8.68502e-05
O=C(COc1ccc2[nH]c(=O)c(-c3nccs3)c(CCc3ccccc3)c2c1)N[C@@H](CO)c1ccccc1,1.200896496
Cc1ccc(C(=O)NCCO)cc1-n1cnc(OCc2ccc(F)cc2F)c(Cl)c1=O,3.4918574
Fc1ccc2onc(-c3cnc4c(c3)COc3ccccc3-4)c2c1,0.8422871145
CC(C)n1cc(C[C@H](NC(=O)c2c(Cl)cc3c(c2Cl)CCN(C(=O)c2ccc(Cl)cc2)C3)C(=O)O)nn1,2.396876445
CN1CCC(NC(=O)c2cnc(NCc3cc(Cl)ccc3Cl)nc2NC2CCNCC2)CC1,1.579760738
COc1cc([C@@H]2CCN(CC(N)=O)C[C@@H]2O)ccc1Nc1ncc2ccc(-c3ccccc3OC)n2n1,1.278799314
CCC(C)NC(=O)c1ccccc1NC(=O)c1cccc(S(=O)(=O)Nc2ccccc2)c1,1.477121255
COC(=O)C1CCN(C(=O)c2ccccc2N(C)S(C)(=O)=O)CC1,1.4406456575000002
CC(C)CCn1nc(-c2cccs2)c(O)c(C2=NS(=O)(=O)c3cc(N4CCCC4=O)ccc3N2)c1=O,0.633488655
Nc1nc2n(c1C(=O)c1ccc3c(c1)CCCC3)CCC2,1.51642334
C[C@]12CC[C@H]3[C@@H](CC(F)C4(O)C[C@@H](O)CC[C@]34C)[C@@H]1CC=C2c1cncc(F)c1,8.68502e-05
CCC(=O)N1CCCC1c1cc2[nH]c(-c3ccccn3)nc2cc1Oc1ccc(F)cc1,0.868713578
Cc1cc(C#N)cc(C(=O)c2c(C(C)C)c(=O)[nH]c(=O)n2Cc2cc(F)nc(OCCOCc3ccccc3)c2)c1,0.6389330609999999
Cc1nc(C(=O)NC(C)C(C)(C)C)c2n1CCCC2,1.7990213869999998
O=C(NCCc1nc(-c2cccc(F)c2)cs1)N1CCC(F)(F)CC1,0.763442969
COc1ccc2nc(C3=CCCN(C)C3)n(C)c2c1.O=C(O)C(=O)O,1.795083317
COC(=O)Nc1ccc2c(c1)NCCC/C=C/C[C@H](NC(=O)/C=C/c1cc(Cl)ccc1-n1cnnn1)c1nc-2c[nH]1,1.230397825
COc1cccc(CN(C)C(=O)c2cn(C)c3cc(-c4cn[nH]c4)ccc23)c1,0.602081706
CN1CCN(c2nc3cc(Nc4ccnc5cc(Cl)ccc45)ccc3o2)CC1,1.623959337
O=c1ccc(-c2noc(Cc3c(F)cccc3Cl)n2)c[nH]1,1.7924826875
C[C@@H]1CCN(C(=O)CC#N)C[C@@H]1N(C)c1ncnc2[nH]ccc12,2.043890709
Cn1c(C(C)(C)C)c/c(=N\C(=O)c2cccc(C(F)(F)F)c2F)n1CC1CC1,2.095846449
O=S1(=O)N=C(N(CCc2ccccc2)Cc2ccccc2)c2ccccc21,1.3235225700000002
CCc1nc(N)nc(N)c1-c1ccc2c(c1)N(CCCOC)C(=O)C(c1ccccc1)O2,1.079181246
CN(C)C(=O)N[C@H]1CC[C@H](CCN2CCN(c3cc(Cl)cc(Cl)c3)CC2)CC1,1.405676415
CN(Cc1ccc(Cl)cc1)C(=O)[C@H]1CCCN1C(=O)Nc1ccc(C(F)(F)F)cc1Cl,1.820035145
Cc1cc(COc2ccc(S(=O)(=O)N3CCN(C(=O)C(C)C)C(C(=O)NO)C3)cc2)c2c(n1)CCCC2,2.042355846
Nc1ccc(-c2cc(Cl)cc3c2OC(C(F)(F)F)C(C(=O)O)=C3)cc1,2.457185446
O=C(COc1ccccc1-c1nnc[nH]1)N1CCc2ccccc21,2.9485170575
Cc1ccc(OCCCCN(C)C)c(C(C)(C)C)c1.O=C(O)C(=O)O,1.7734407495
Cc1c(S(=O)(=O)Nc2cc(Br)ccc2C(=O)N2CCCCC2)cnn1-c1ccccc1,2.107042763
CN(C)C1=C(N=C(O1)C2=CC=C(C=C2)OCC3=CC=C(C=C3)Cl)C#N,1.604359568
COC(=O)c1cc(N)c(Nc2ccc(C#N)cc2)cc1Oc1c(C)cc(CCC#N)cc1C,2.269512944
CCOC(=O)c1ccc(Nc2nc3ccccc3n3cnnc23)cc1,2.02959421
O=C(Nc1cc2cc[nH]c(=O)c2cc1Cl)C1CNCCC1c1ccccc1,1.568225199
C1CN(CCC1C2=CC(=NC(=C2)N3CCC(C3)(F)F)NC4=NC=CC(=C4)C#N)C5COC5,1.46686762
Cc1nc(N2CCN(C)CC2)c2nc(-c3ccccc3C3CC3)n(C3CCOCC3)c2n1.Cl,1.273147309
CCNC(=O)N1CCCC1c1cc2[nH]c(-c3ccccn3)nc2cc1Oc1ccc(F)cc1,1.320450123
c1ccc(-c2ncc(-c3nc4ccncc4[nH]3)s2)nc1,2.2498189485
C[C@@H]1CN(c2ccc(F)cc2C(F)(F)F)CCN1S(=O)(=O)c1cccc(N2CCC(O)C2)c1,1.041313715
CC(C)(C)CCn1nc(C2CC2)c(O)c(C2=NS(=O)(=O)c3cc(NS(C)(=O)=O)ccc3N2)c1=O,1.041313715
CCNc1nc(NNC(=O)CNc2ccccc2)nc(NC(C)C)n1,1.890397819
CC1CCC(NC(=O)c2ccc(CN3C(=O)NC4(CCS(=O)(=O)CC4)C3=O)cc2)CC1,1.8220405905
Cc1sc(NC(=O)NCC(CC(C)C)N(C)C)c(C#N)c1C,1.5394303985
COc1cc2c(N3CCN(C(=O)Nc4ccc(OC(C)C)cc4)CC3)ncnc2cc1OCCn1ccnn1,2.602081706
O=[N+]([O-])c1cn2c(n1)OC[C@@H](OCc1ccc(-c3ccc(OC(F)(F)F)cc3F)cc1)C2,2.512332468
O=C(c1ccc(F)cc1)c1c2nc[nH]c(=O)c2c2ccccn12,1.3947320825
CC(C)c1c(Cl)nc(N(C)C)nc1N1CCN(S(C)(=O)=O)CC1,1.0925188805
CCN(c1ccccc1)c1nc(N(CC)c2ccccc2)[nH]c(=O)n1,2.4258738555
O=C1CC2CS(=O)(=O)CC2N1C1CCCCC1,2.5300593085000003
Clc1ccc2c(Nc3ccc4oc(NCCN5CCCCC5)nc4c3)ccnc2c1,1.783298428
CCC1CN(C(=O)c2cc(S(=O)(=O)N3CCOCC3)cn2C)c2cc(Cl)ccc2O1,0.890374868
CCOC(=O)CC1C(=O)NCCN1S(=O)(=O)c1ccc(C)cc1,1.607590226
O=c1c2c3c(nn2cnn1Cc1nc(-c2ccccc2F)no1)CCCC3,1.0003837304999998
Cc1c(N2C(=O)C(C)(C)N(CCCS(N)(=O)=O)C2=S)ccc(C#N)c1C(F)(F)F,1.950464751
Cc1nc(C2CCOC2)n2c1sc1cc(OCc3ccc4ccccc4n3)ccc12,1.716697605
Cc1cc(C)c2c(n1)nn1c(-n3ccnc3)cc(C)nc21,1.3737897795
O=C(Nc1ccc2c(c1)C(=O)N1CCC[C@H]1C(=O)N2)c1cc(-c2ccc3c(c2)CCO3)n[nH]1,1.6065028885
Cc1cc(C)c(S(=O)(=O)NC(CCC(=O)O)C(=O)O)cc1N(C)S(C)(=O)=O,2.038619685
COc1ccc(N(CCO)C(=O)Nc2ccc(-c3ncnc4[nH]cc(C)c34)cc2)cc1,1.748172516
CC(C)CC[C@@]1(C)CN(Cc2ccc(F)cc2)C(=O)C(C2=NS(=O)(=O)c3cc(NS(C)(=O)=O)ccc3N2)=C1O,0.755874856
COc1ccc(-c2nc3ccc(NCc4ccc(Cl)c(C(F)(F)F)c4)cc3n(CCNC(C)=O)c2=O)cc1,2.047664915
Fc1ccc(CNc2ncnc3c2cnn3CC(Cl)c2ccc(Cl)cc2)cc1,2.827458666
Nc1ncnc2c1cnn2-c1nc2ccccc2s1,1.213313353
CC(C)(C)c1ccc(C(=O)N[C@@H]2CC[C@@]3(O)[C@H]4Cc5ccc(O)c6c5[C@@]3(CCN4CC3CC3)[C@H]2O6)cc1.O=C(O)C(=O)O,2.744292983
COc1ccc2c(c1)S(=O)(=O)N=C(c1c(O)c(-c3cccs3)nn(CCC(C)C)c1=O)N2,1.00008685
Cc1cc(C2CCN(C(=O)[C@@H]3C[C@@](C)(N)C[C@H]3c3ccc(F)cc3F)CC2)n(-c2ccc(F)c(Cl)c2)n1,1.609674042
N[C@@H](Cc1ccc(F)cc1)c1nc2ccc(-c3cn[nH]c3)cc2c(=O)[nH]1,1.62324929
CN1CCC[C@H]1C(=O)N1CCC(n2nnc3cnc4[nH]ccc4c32)CC1,1.819543936
Cc1ccc(C(=O)Nc2ccon2)cc1NC(=O)c1cnn(-c2ccccc2F)c1N,-0.220360232
O=C1C(N2CCC3(CCOCC3)C2)CCN1c1cccc(Cl)c1,1.493149802
Nc1ncc(-c2cn3c4c(nc3c(N3CCOCC3)n2)CN(c2ccc(F)cc2)CC4)cn1,2.4060225
Cc1cc(C)n(CC(O)CON=C2c3ccccc3-c3ccccc32)n1,0.8397239535
Cc1nc(C(=O)Nc2ccnc(Cl)n2)c(C)n1-c1ccc(F)cc1,2.451817127
CN(C)CC1(c2ccc(Cl)c(Cl)c2)CCCC1,1.278799314
Cc1ccc(S(=O)(=O)N2CCC(C(=O)Nc3ccc(C(C)C)cc3)CC2)c(C)c1,1.397974751
CCC(C)(C)C(=O)Nc1ccc(C)c(CN2CCOCC2)c1,1.554654651
c1ccc(CN(CCCCN(C[C@H]2Cc3ccccc3CN2)[C@H]2CCCc3cccnc32)Cc2ccccn2)nc1,0.124267062
O=C1CC(c2ccccc2Cl)c2cc3c(cc2N1)CCC3,1.2780744789999998
Nc1ncnc2c1nc(Sc1cc3c(cc1Br)OCO3)n2CCC1CCC(F)(F)CC1,1.164790653
COc1ccccc1-c1c(=O)n(CCCCN2CC=C(c3c[nH]c4ccc(Cl)cc34)CC2)c(=O)n2ccccc12,1.8403517215
COC(=O)c1cc(N)c(Nc2ccc(C#N)cc2)cc1Oc1c(C)cc(/C=C/C#N)cc1C,2.451817127
CC1=CC(=C(C=C1)C(C)(C2=NC3=CC=CC=C3S2)O)C,0.625312451
Clc1cccc(COc2cncc(N3CCNCC3)n2)c1,0.9029814
COC[C@]1(C)Oc2ccc(N)cc2[C@H](N(Cc2ncc[nH]2)c2ccc(Cl)cc2)[C@H]1O,1.082259467
CO[C@@H]1COCC[C@@H]1N[C@@H]1CC[C@@](C(=O)N2C[C@@H]3C[C@H]2CN3C(=O)OC(C)(C)C)(C(C)C)C1,2.079181246
CCc1nn2c(=O)c(CC(=O)OC)c(C)[nH]c2c1-c1ccccc1,2.7300327215
Cc1ccc(S(=O)(=O)CCc2noc(C(=O)NCCc3ccc(S(N)(=O)=O)cc3)n2)cc1,1.715735186
C[C@H](c1ccccc1)N1C(=O)O[C@](Cc2ccccc2)(c2ncc(-c3ccccc3)[nH]2)C1=O,1.638486293
CCN(CC)CCCC(C)Nc1cc(-c2ccc(C(F)(F)F)cc2)c(C#N)c2nc3ccccc3n12,1.515256251
Cc1nc(C(=O)Nc2cccc(C(F)(F)F)n2)c(C)n1-c1ccc(F)cc1,2.292300385
CC(C)(CC(=O)N[C@H]1C2CC3CC1C[C@](C(N)=O)(C3)C2)NS(=O)(=O)c1ccc(F)cc1F,2.707052496
O=S(=O)(c1ccc(Cl)cc1)N1Cc2c[nH]nc2-c2ccccc21,0.256761023
[2H]C([2H])([2H])Oc1ccc2c(c1)C(=O)N1CCC[C@H]1c1c(C(=O)OCC)ncn1-2,2.8352092505
CC(=O)Nc1ccc2c(c1)S(=O)(=O)N=C(c1c(O)c(-c3cccs3)nn(CCC(C)C)c1=O)N2,0.51851394
O[C@@H]1C[C@@H](c2nnc3n2CCOC3)C[C@@H]1CNc1ncc(Cl)cn1,1.9007543455
CC(C)[C@]1(C(=O)N2C[C@@H]3C[C@H]2CN3C(=O)OC(C)(C)C)CC[C@@H](NC2CCOCC2F)C1,1.57054294
CCOC(=O)Cc1c(-c2cc3ccccc3n2C)[nH]c2ccccc12,0.5455804870000001
CCC(CC)Nc1cc(C)nc(Oc2c(C)cc(Cl)cc2C)c1C,1.477121255
Cc1nc(-c2sccc2NC(=O)Cc2cccc3ccccc23)n(C)n1,0.654701031
O=C(c1ccc(Br)cc1NS(=O)(=O)c1sc(Cl)cc1Br)N1CCCCC1,0.725545316
O=C(O)c1nc2nc(C3CC3)cc(C(F)(F)F)n2n1,2.1218100255000003
Clc1ccc2c(NCCCNCc3cccc4c3OCO4)ccnc2c1,2.209000281
CCOc1cc(C(=O)OCc2cc(=O)n3oc(C)cc3n2)cc(OCC)c1OCC,0.5643682379999999
O=C(Nc1ccncc1)c1nn(Cc2ccccc2)c2c1CCc1ccccc1-2,1.7201869075
COc1cccc([C@H]2O[C@H](CC(=O)N3CCC(CC(=O)O)CC3)C(=O)N(CC(C)(C)CO)c3ccc(Cl)cc32)c1OC,1.621480119
CC(C)C(=O)N(Cc1ccc(Cl)c(Cl)c1Cl)[C@H]1CCNC1,2.079181246
C=CC(=O)N1CCC[C@@H](n2nc(-c3cccc(C(=O)Nc4ccc(C(C)C)cc4)c3)c3c(N)ncnc32)C1,0.477121255
CCC[C@H](CC1(C(=O)Nc2nnc(CC)s2)CCCC1)C(=O)O,2.079181246
Cn1c(=O)c2sc3c(c2n(CC(N)=O)c1=O)CCCC3,1.4718547709999998
O=C(NCc1ccccc1)c1ccccc1C(=O)N1CCCCC1,1.204174266
Cc1noc(-c2cccn3c(=O)n(Cc4c(C)noc4C)nc23)n1,1.6446506815
COc1ccccc1-n1nc(C2CCN(S(=O)(=O)C(F)(F)F)CC2)cc1-c1ccc(Cl)cc1,2.535415889
Cl.Clc1ccccc1CC(c1ccccc1)N1CCNCC1,2.079181246
CCCN(Cc1ccc(CCn2ccc(OCc3ccc(F)cc3)cc2=O)cc1)CC(C)C,0.256761023
COc1ccc2c(c1)[C@]1(C[C@H]1c1ccc3c(/C=C/c4ccc(CN5CCOCC5)cc4)n[nH]c3c1)C(=O)N2,1.612762671
O=C(NOCCO)c1c(Nc2ccc(I)cc2F)cc(=O)n2c1CCC2,2.127039973
CCCSc1nc2cc(OC)ccc2[nH]1,0.982271233
CCOC(=O)C(CCC(=O)O)CP(=O)(OCOC(=O)C(C)(C)C)OCOC(=O)C(C)(C)C,1.489585371
Cc1cc(OC(Cc2ccc(Cl)cc2)c2ccc(Cl)cc2Cl)ncc1NC(=O)NC(C)(C)C,1.4776493645
CCCNC(=O)[C@@H]1C[C@H]2CCC[C@@H](C1)[C@@H]2NC(=O)c1cc2sc(-c3ccccc3)nc2n1Cc1ccc(OC)cc1,1.434536969
O=C(Nc1nc2cccc(-c3ccc(CN4CCS(=O)(=O)CC4)cc3)n2n1)C1CC1,2.475143873
Br.Cc1ccc(/C(Br)=C/CN(C)C)cc1,0.9944444755
COc1ccc(-c2cc(C3=Nc4c(C(C)(C)C)nn(CCCO)c4C(=O)NC3)ccc2OC)c(OC)c1,2.079181246
COC(=O)c1coc(C(=O)N(C)c2ccc(C)c(N(C)C)c2)c1,0.7604064325
CC(C)(C)NC(=O)c1ccc(CC2CCN(CCCN(C(=O)C3CCN(S(C)(=O)=O)CC3)c3ccc(Cl)c(Cl)c3)CC2)cc1,1.392027255
Cc1cc([C@H](C(N)=O)[C@@H](CCC(F)(F)F)C(=O)N[C@H]2N=C(c3ccccc3)c3ccccc3N(C)C2=O)no1,2.049307415
c1cc2c3c(cccc3c1)C(N1CCC(c3c[nH]c4ncccc34)CC1)C2,1.2507297635
COc1cc(=O)n(-c2ccccc2)cc1C(=O)N1CCC(N2CCc3ccccc3C2)C1,1.719790734
C=C1CC[C@@]2(O)[C@H]3Cc4ccc(O)c5c4[C@@]2(CCN3CC2CC2)[C@H]1O5,1.690083905
C1=CC(=C[N+](=C1)[O-])C(=O)O,2.024362504
CC(C)[C@]1(C(=O)N2C[C@@H]3C[C@H]2CN3C(=O)C2CCCCC2)CC[C@@H](NC2CCOCC2)C1,1.969322706
COc1ccc(O)c(CNCCCNc2ccnc3cc(Cl)ccc23)c1,2.1876862005
CCCOC(c1ccc(Br)cc1)C(SC(C)(C)C)n1cnc(C)c1,1.451755118
CC1C[C@H]2C3=CC=C(c4cccnc4)[C@@]3(C)CC[C@@H]2[C@@]2(C)C=CC(=O)C=C12,8.68502e-05
C=C(C)[C@@H]1CC[C@]2(C(=O)NCc3ccc(-c4ccccc4)cc3)CC[C@]3(C)[C@H](CC[C@@H]4[C@@]5(C)CC[C@H](OC(=O)CC(C)(C)C(=O)O)C(C)(C)[C@@H]5CC[C@]43C)[C@@H]12,1.080669764
C1CCC(CC(C2CCCC2)C2CCCC2)NC1,1.698952632
Nc1ccc(S(=O)(=O)N2c3cc(F)c(F)cc3-c3n[nH]cc3C2C2CC2)cc1,1.515256251
O=C(Nc1ncc(C2(O)CCC2)s1)c1ccc(F)c(Cl)c1,2.079181246
COc1cc2[nH]c(C)cc(=O)c2cc1Cl,2.207418917
CCC(C)Nc1cc(-c2c(-c3ccc(F)cc3)nc(S/C=C\C(=O)O)n2CC(OC)OC)ccn1,2.457744638
Cc1c(N2CCCC2=O)cccc1S(=O)(=O)N[C@@H](CNC(=O)c1ccc(Cl)s1)C(=O)N1CCN(C)CC1.Cl,1.10891063
Oc1ccc(-c2nc(-c3ccc(F)c(F)c3)no2)cc1Cl,1.5935117905
Fc1cc(I)ccc1Nc1c(-c2nnc(NCCN3CCOCC3)o2)ccc(F)c1F,1.602081706
CCNC(=O)N1CCC(Nc2ncc3ccc(=O)n(C(C)C)c3n2)CC1,1.812779707
Cc1nc2cc(=O)[nH]n2c(C)c1CCC(=O)N[C@H](CO)C(C)C,1.398301356
O=C(NCCc1nc(-c2ccc(F)c(F)c2)cs1)N1CCCCC1,0.5292927915
COc1c(Br)cc(OCCc2c(O)nc(C)c(Br)c2O)cc1Br,0.5361287619999999
COc1cc(=O)[nH]cc1C(=O)N1CCOC(C)(c2ccccc2)C1,2.7971869695
COc1nc(NC(=O)C2(NC(=O)c3ccc4c(C5CCCC5)c(-c5ccccn5)n(C)c4c3)CCC2)ccc1/C=C/C(=O)O,1.880927865
Cc1cc(NCCCc2nc(C(C)C)no2)nc(-c2ccc(S(C)(=O)=O)cc2)n1,1.08024944275
O=C(N[C@H]1CN2CCC1CC2)c1ccc2occc2c1,2.079181246
CC(=O)NC1CCN(Cc2ccc(CCN(C)C(=O)c3ccc(-c4ccc(F)cc4)cc3)cc2)CC1,0.954242509
O=C1NN=C(c2ccc(OCCN3CCOCC3)cc2)CC1c1ccc(Cl)cc1,1.411295747
CC(=O)c1cc(C(=O)NOC[C@@H](O)CO)c(Nc2ccc(I)cc2F)n1C,2.176091259
Cc1cc(C(=O)N2CCc3c(sc(NCc4ccccc4)c3C#N)C2)[nH]n1,1.913792742
CC(C)(CO)NCc1ccc(-c2cc(Cl)cc(Cl)c2)o1,1.764867965
CCc1cc2c3c([nH]c2cc1S(=O)(=O)NCCCN1CCOCC1)CC(C)(C)CC3=O,1.381998328
COc1cc(NC(=O)c2c(OC)cc(=O)n3c2CCCC3)cc(OC)c1OC,2.211163352
Cc1cc(C)c(C2=C(NC(=O)C(C)C)C3(CCCC3)OC2=O)c(C)c1,0.5772211309999999
Oc1c(CNc2ccccn2)ccc2cccnc12,1.433001341
CC(C)(NC(=O)c1nn(-c2ccc(F)cc2F)c2c1C[C@H]1C[C@@H]21)c1cccnc1,0.9029814
Cc1cccc(NC(=O)c2cc(F)cc(C#N)c2)n1,0.592155913
O=C(CCC1CCCC1)N1CCCN(C(=O)Nc2ccccc2)CC1,0.477121255
CC1=C(C=C(C=C1)O)NC2=NC(=NC=C2)NC3=CC=CC(=C3)C(=O)N,1.937066312
CN1CCC(Nc2nc(Nc3ccc(Cl)c(F)c3)nc3ccccc23)CC1.Cl.Cl,2.257726561
O=C1c2cc([N+](=O)[O-])ccc2-n2c1nc1ccccc1c2=O,1.574177305
CC(C)CCN1CCN(C(=O)c2ccc3[nH]c(=O)c4c(c3c2)CCSC4)CC1,1.201397124
COc1ccc(CCc2nc(CCS(C)(=O)=O)c(O)c(C(=O)O)c2C(=O)O)cc1,2.4205327795
CCOC(=O)c1c(-c2ccccc2)noc1-c1c[nH]nn1,1.988520517
CC1C(=O)N(Cc2ccc3ccccc3c2)c2c(/C=C/C(=O)NS(=O)(=O)c3cc(Cl)c(Cl)s3)cccc21,1.454736213
O=C(NCCc1nc(-c2cccc(F)c2)cs1)c1cccs1,1.464517328
CCc1nc2ccc(Cl)cn2c1C(=O)NCc1ccc(-c2ccc(Cl)cc2)cc1,1.91897343
O=C(NCCc1cccnc1)Nc1ccc(S(=O)(=O)N2CCCCC2)cc1,1.308644046
Cc1nc(C2CCN(C(=O)[C@@H]3C[C@@](C)(N(C)C)C[C@H]3c3ccc(F)cc3F)CC2)n(-c2cc(Cl)ccc2Cl)n1,1.083733639
C[C@]1(N)C[C@H](C(=O)N2CCC(c3ccnn3-c3ccc(F)c(Cl)c3)CC2)[C@@H](c2ccc(F)cc2F)C1,1.273147309
CCOc1ccccc1-c1ccc(CO[C@@H]2COc3nc([N+](=O)[O-])cn3C2)cc1,1.77815125
Cc1ccc(-c2c(C3CCCC3)c3ccc(C(=O)NC4(C(=O)Nc5ccc(/C=C/C(=O)O)cc5)CCC4)cc3n2C)nc1,1.724259481
COc1ccc(N2CC(C(=O)N3CCc4cc(-c5ccno5)ccc43)CC2=O)cc1,1.8301430345
CC(C)CNc1cc(N2CCN(C)CC2)nc(N)n1,2.079181246
Cc1cc(-c2cnc(Nc3cc(Cl)cc(Cl)c3)nc2NC2CCNCC2)on1,1.322219295
CC(C)(CCS(C)(=O)=O)CNc1cc(C#N)nc2ccccc12,1.9907966675
Cc1cc(-c2c(CCc3ccccc3)c3cc(OCC(=O)NC(C)(C)c4ccccc4)ccc3[nH]c2=O)on1,1.415667609
COC(=O)C(O)c1cnc2c(c1-c1ccc(Cl)cc1)C(C)(C)CN(Cc1ccc(OC)cc1)C2=O,1.981841069
CCOC(=O)Cc1c(-c2nc3ccccc3c(=O)[nH]2)[nH]c2ccccc12,1.310063968
Clc1ccc2c(NCCCNCc3ccc(-c4ccccc4)o3)ccnc2c1,1.380211242
CCN1C=CN=C1C[C@@H]2COC3=CC=CC=C3O2,1.74296067
CNC(=O)CN(c1ccc(C(C)C)cc1)S(C)(=O)=O,2.237065457
c1cc(OCCCN2CCCCC2)ccc1CN1CCCCC1,3.158362492
CCCNC(=O)C1CCN(C(=O)c2cc3sc(C#N)cc3n2Cc2ccc(OC)cc2)CC1,1.049295568
O=C(c1ccccc1)c1cc2occ(-c3ccccc3)c2cc1O,1.7862295135
Cc1ccc(N2C(=O)C(=N)c3c2sc(C)c3C)cc1,1.4556554985
Clc1nc(N2CCN(c3ccccn3)CC2)c2nc[nH]c2n1,1.7159111
Cc1c(NC(=O)CCC(=O)N(c2ccccc2)c2ccccc2)c(=O)n(-c2ccccc2)n1C,1.4687221675
COc1cc(=O)n2c(c1C(=O)NCc1ccccc1Cl)CCCC2,1.3654581655
c1ccc(CN2CCc3nc(N4CCCC4)nc(N4CCn5cnnc5C4)c3C2)cc1,1.1517526165
N#Cc1ccccc1Cn1c(N2CCC[C@@H](N)C2)ncc(C#CCO)c1=O,2.300986564
C[C@H](Cc1cccc(CC(=O)NCc2cc(Cl)cc(Cl)c2)c1)NC[C@H](O)c1ccc(O)c(CO)c1,0.9029814
N#Cc1ccc(-c2ccc(C3(C(F)(F)F)CC3)cc2)nc1,2.176091259
CC(=O)NCCn1c(=O)c(-c2cccnc2)nc2ccc(NCc3ccc(Cl)c(Cl)c3)nc21,1.464644118
C[C@H]1CN(C(=O)c2ccccc2)CCN1C(=O)C(=O)c1c[nH]c2cccc(F)c12,1.629921508
CCc1nn(CCO)c(CC)c1Oc1cccc(C#N)c1,1.431363764
CC(C)N(C)[C@@H]1CC[C@H](N2CC[C@H](NC(=O)c3cc(C(F)(F)F)cc(C(F)(F)F)c3)C2=O)[C@H](CS(=O)(=O)c2ccccc2)C1,2.838644886
Cc1nc(N2CCN(C)CC2)c2nc(-c3ccccc3Cl)n(C3CCOCC3)c2n1.Cl,1.22527015
CCN1CCN(c2cc3[nH]c(C(=O)[C@]4(CC)CC[C@@](C)(O)CC4)nc3cc2Cl)CC1,1.568118514
CCc1csc(CC(=O)N2CCCn3nccc32)n1,1.986598284
CCCc1cc(N2CCC3(CCC(=O)N(CCc4c[nH]cn4)C3)CC2)nc(C)n1,2.324084609
CCOC(=O)c1cnn(-c2ccc(C(=O)O)cc2)c1N,1.0579676295
CCN1C(=O)C(c2cc(-c3cn[nH]c3)c(O)cc2O)C(=O)N(c2ccccc2)c2cc(C(F)(F)F)ccc21,2.477121255
COc1ccc2nc(NC(=O)C(CC3CCCC3)c3ccc(S(=O)(=O)NC4CCOCC4)cc3)sc2n1,1.117204986
CNc1nc(N2CCCc3cc(OC)ccc32)c2ccccc2n1,1.414438502
COC(=O)N[C@H](C(=O)N1CCC[C@H]1c1ncc(-c2ccc(-c3ccc(-c4cnc([C@@H]5CCCN5C(=O)[C@@H](NC(=O)OC)C(C)C)[nH]4)cc3)cc2)[nH]1)C(C)C,1.750492967
Cc1cccc(C)c1NC(=O)Nc1cc2ccccc2cc1C(=O)N[C@@H](CC(=O)O)C(=O)O,2.079181246
COc1cc(C(=O)c2ccc(-c3csc(NC(=O)[C@@H](N)C(C)C)n3)cc2-n2cncn2)cc(OC)c1OC,1.340881912
O=c1c2ccccc2nc(-c2ccccc2)n1-c1ccncc1,2.532097149
COc1ccc2c(O[C@@H]3C[C@H]4C(=O)N[C@]5(C(=O)NS(=O)(=O)C6(C)CC6)C[C@H]5/C=C\CCCCCC(=O)N4C3)cc(-c3nc(C(C)C)cs3)nc2c1C,0.921818955
CN1CCN(C(=O)c2ccc(-c3ccc4nnc(Cc5cccc6c(=O)[nH]ccc56)n4n3)cc2)CC1,0.256761023
COc1ccc(N2C(=O)CC(NNC(=O)c3cc(C(F)(F)F)n[nH]3)C2=O)cc1,1.228457445
COc1cccc(CNC(=O)c2[nH]c3cc(-c4cn[nH]c4)ccc3c2CN(C)C)c1,1.83238116
O=C(/C=C/c1ccc(/C=C(/C(=O)NC2CC2)c2cccc(Cl)c2)cc1)NO,2.174113878
COC1=CC=CC=C1CN2C=C(C(=O)C3=CC4=C(C=C32)OCCO4)C(=O)C5=CC=C(C=C5)Cl,1.610340711
COC[C@H]1C[C@@H](C(=O)NC[C@H]2CCCO2)CN(Cc2nc(-c3ccccc3)oc2C)C1,1.383779472
CCOc1ccc(Cc2nc3cc([S+]([O-])CC)c(Cl)cc3n2CC2CCOCC2)cc1,2.306856127
Cc1n[nH]c(C)c1CNC(=O)C1CCN(C(=O)c2ncn3c2COC(c2ccc(F)cc2)C3)CC1,1.7499239925
O=C(Nc1cc2cc[nH]c(=O)c2cc1Cl)[C@@H]1CCCNC1,1.851135995
CCc1csc(Cn2cc(C(C)c3ccccc3)nn2)n1,1.1402451155
CN(c1ccc(Cl)nn1)c1ccc(N)cc1Cl,2.2550049805
CC(C)(C)N1C[C@@H](C(=O)N2CCC(c3ccnn3-c3ccc(F)c(Cl)c3)CC2)[C@H](c2ccc(F)cc2F)C1,0.810242493
O=C(NCc1ccc(Cl)cc1Cl)N1CCC(Oc2ccc(F)cc2)CC1,1.531504463
C[C@](O)(c1ccc(C(=O)N(C2CC2)[C@H]2CC[C@](CCO)(c3ccccc3)CC2)cc1)C(F)(F)F,2.295268828
Cc1ccc2c(c1)CC(C(=O)Nc1ccc(-c3cn[nH]c3)cc1OCCN(C)C)CO2,1.792251572
CN(CCOc1ccc(C2=NN(c3ccccc3)C(=O)C2)cc1)c1nc2ccccc2o1,1.2199638465
Cc1ccn(-c2ccc(NS(=O)(=O)c3ccc(C4CNC(=O)C4)cc3)cc2)n1,1.478445989
CCOc1nc(NC(=O)C2(NC(=O)c3ccc4c(c3)c(C)c(-c3ccc(F)cn3)n4C3CCCCC3)CCC2)ccc1/C=C/C(=O)O,2.012921546
Clc1cccc(N(Cc2ccc3ccccc3c2)C2CNC2)c1,1.66833238
Cc1ccc(-n2cnnn2)c(CCC(=O)N[C@@H](Cc2ccccc2)c2nc(-c3ccc4[nH]c(=O)cc(O)c4c3)c(Cl)[nH]2)c1,1.00008685
Cc1cc2oc(-c3ccsc3)c(CC(=O)O)c2c(=O)[nH]1,2.701787754
COC1=CC=C(C=C1)C2=C(C3=C(O2)C=C(C=C3)OC)C(=O)C4=CC=C(C=C4)C#N,1.313656347
CC1(C)Oc2nc([N+](=O)[O-])cn2CC1OCc1ccc(OC(F)(F)F)cc1,2.69790644
CN(C)[S+](=O)(C1=CC=C(C=C1)[S+](=O)(N(CC2=CC=CC=C2)CC3=CC=CC=N3)[O-])[O-],0.631443769
CC(C)CS(=O)(=O)c1ccc2[nH]c(N3CCOC(c4ccccc4)C3)nc2c1,1.54268554
NC(=O)[C@@H]1[C@H](c2ccccc2)CCN1C(=O)[C@@H](N)Cc1ccccc1,1.944581364
CS(=O)(=O)Nc1ccc2c(c1)S(=O)(=O)N=C(C1=C(O)[C@H]3CCC[C@H]3N(Cc3ccc(C(F)(F)F)cc3)C1=O)N2,2.408072758
CC(C)c1cc(C(N)=O)c(NC(=O)/C(=C/c2ccccc2)c2ccccc2)s1,1.5510222795000002
CCS(=O)(=O)c1ccc2[nH]c(Oc3ccc(-c4ccccc4)nc3)nc2c1,3.168760735
CCN1CCN(CC1)C2=NC3=CC=CC=C3N=C2C(C#N)C(=O)OC4CCCCC4,1.32772876
O=S(=O)(c1ccc(C(F)(F)F)nc1)N1[C@H](C2CC2)c2cn[nH]c2C(F)(F)[C@H]1C1CC1,1.39161967
CC1=NN(C2=C1C(C(=C(O2)N)C#N)C3=CC=C(C=C3)C(F)(F)F)C,1.040997692
CC(=O)Nc1nc2ccc(-c3nn(Cc4cc5ccccc5nc4-c4ccccc4C)c4nc(N)ncc34)cc2s1,1.10047317
C=C(C)[C@@H]1CC[C@]2(C(=O)NCCN(C)C)CC[C@]3(C)[C@H](CC[C@@H]4[C@@]5(C)CC=C(c6ccc(C(=O)O)cc6)C(C)(C)[C@@H]5CC[C@]43C)[C@@H]12,2.079181246
CC(C)(C)c1ccc(-n2nnnc2SCC(=O)Nc2ccccc2Cl)c(Cl)c1,0.9029814
C[C@](O)(c1ccc(C(=O)N(C2CC2)[C@H]2CC[C@](CO)(c3ccccc3)CC2)cc1)C(F)(F)F,2.295268828
CC[C@@H](CO)Nc1nc(Nc2cc(Cl)cc(Cl)c2)ncc1C(=O)NC1CCN(C)CC1,1.568225199
O=C(Nc1cnc(-c2ccncc2F)c(-c2ccccc2F)n1)C1CC1,1.820035145
COC[C@H](C1CC1)n1cc(Cl)nc(Nc2cc(C)c(OC)nc2C)c1=O,0.97514764
CNC(=O)[C@@]12C[C@@H]1[C@@H](n1cnc3c(NC)nc(C#Cc4ccco4)nc31)[C@H](O)[C@@H]2O,2.161427901
COc1cc(/C(=N/O)c2csc(-c3ccccc3)n2)cc(OC)c1OC,1.544043227
CC1=CN(C(=O)NC1=O)[C@H]2[C@@H]([C@@H]([C@H](O2)CO)O)F,1.344785123
CCOc1cccc(C2c3cccn3-c3sc4c(c3CN2C(=O)NCc2ccc(C)cc2)CCCC4)c1,1.026499722
NC(=O)c1cncc(OCc2cccc(NC(=O)c3cccnc3)c2)c1,2.51851394
COc1ccc(Br)cc1CNC(=O)C(C)n1nc(C)n2c(cc3occc32)c1=O,0.7011943655
CC(C)n1nc(-c2ccc3ncccc3c2)c2cnc3cc(F)ccc3c21,1.25120762
CCC(CC)N1C=CC2=C(C=C(C=C21)C#N)C(=O)NCC3=C(C=C(NC3=O)C)C,0.595496222
NC(=O)[C@]12CC3CC(C1)[C@@H](NC(=O)CN1CCCN(c4c(Cl)cc(Cl)cc4Cl)S1(=O)=O)C(C3)C2,1.623959337
C=C[C@@H]1C[C@]1(NC(=O)[C@@H]1C[C@@H](Oc2cc(-c3csc(NC(C)C)n3)nc3c(Br)c(OC)ccc23)CN1C(=O)[C@@H](CC(=O)NC1CCCC1)C(C)(C)C)C(=O)O,2.315970345
CC1(C)C(=O)c2[nH]ncc2C(C2CC2)N1S(=O)(=O)c1ccc(C(F)(F)F)cc1,1.731739325
CN(c1ccc2c(c1)S(=O)(=O)N=C(c1c(O)c(-c3cccs3)nn(CCC(C)(C)C)c1=O)N2)S(C)(=O)=O,1.414939939
O=S(=O)(c1cccc(F)c1)c1ccc2c3c(oc2c1)C1(CCOCC1)NCC3,1.278799314
CC(C)(C)c1cc(NC(=O)N2CCCN(C(=O)CN3CCS(=O)(=O)CC3)CC2)no1,1.579760738
c1cc([C@H]2C[C@@H](CN3CCOCC3)C2)ccc1CN1CCCC1,2.079181246
CCOc1nc2c(cc1Cc1cccc(Cl)c1F)c(=O)c(C(=O)O)cn2[C@H](CO)C(C)(C)C,2.076516327
O=C(N[C@@H]1CC[C@H]2Oc3ccccc3N[C@H]2[C@@H]1O)c1ccccn1,2.0705345375
O=C(c1ccc(CN2CCCCC2)cc1)N1CCc2nc(-c3cc4cc(F)ccc4[nH]c3=O)[nH]c2C1,2.396876445
Cc1nc(C)c(S(=O)(=O)N(C)CC(C)(C)O)s1,1.7475451275
CC1=C(C(=O)NN1)C(C2=CC=C(C=C2)OC(=O)C3=CC=C(C=C3)OC)C4=C(NNC4=O)C,0.190331698
CCN(CCCNc1nc(-c2ccccc2)no1)c1ccccc1,0.697271411
Cc1ncc2c(c1O)COC(C)OC2.Cl,3.1323498795
CNC(=O)C1=CC=CC=C1NC2=NC(=NC=C2Cl)NC3=C(C=C(C=C3)N4CCOCC4)OC,1.543198586
CC(C)(NC(=O)[C@H]1[C@@H]2CNC[C@@H]21)c1noc2c(F)cccc12,2.114010162
COc1cccc2c1C(NC[C@]1(c3ccccc3)CC[C@H](n3cnnn3)CC1)=NS2(=O)=O,1.077533397
O=C1COCCN1c1ccc(C2CC(c3ccc([N+](=O)[O-])o3)=NO2)cc1,2.779452183
N#CN=C(NCCCCCCOc1ccc(Cl)cc1)Nc1ccncc1,1.623959337
CO/N=C(\N)c1ccc(-c2cncc(-c3ccc(/C(N)=N\OC)cc3)n2)cn1,0.812779707
CCNS(=O)(=O)c1ccc(NC2CCCCC2)c(NCc2ccccc2)c1,1.944581364
C1=CC(=C[N+](=C1)[O-])CO,2.079181246
CCCOc1ccc2c(c1)CNC(CCCCN)C(=O)N2CCc1ccc(OC)cc1,2.3468549025
Cc1nn2c(-c3ccccc3)c(C#N)nnc2c1-c1ccccc1,1.2988901825
Cn1ncc2c(NCCO)n/c(=N/c3cccc(F)c3)[nH]c21,0.986508237
O=C(O)Cn1cnc(S(=O)(=O)N2CCCC2)c1,3.208733464
N#C/N=C(\NCc1ccc(S(=O)(=O)c2cccc(OC(F)(F)F)c2)cc1)Nc1ccncc1,1.415667609
c1nc(N2CCN(C3CCCCC3)CC2)c2nc[nH]c2n1,2.8911245365
COc1ccc2c(O[C@@H]3C[C@H]4C(=O)N[C@]5(C(=O)NS(=O)(=O)C6CC6)C[C@H]5/C=C\CCCCC[C@H](NC(=O)c5ccc(C)s5)C(=O)N4C3)cc(OC(C)C)nc2c1C,1.792251572
Cc1nn(-c2c(Cl)cccc2NS(C)(=O)=O)cc1CN1CCC2(CC1)OCc1ccccc12,1.528234791
CCCc1sc(-c2ccc(OC)c(OCCF)c2)nc1C(C)Sc1nc(N)cc(N)n1,0.740378482
Nc1ccc(C(=O)NCc2ccc(Cl)cc2Cl)cn1,1.662776714
CN(CC(=O)Nc1nc2c(F)cc(F)cc2s1)S(C)(=O)=O,1.4371552245
CC(C)C1=NN(C2=C1C(=O)NC(=N2)CC3=CC=C(C=C3)OCCO)C4=C(C=CC=C4Cl)Cl,1.507720977
COCCOc1cc2ncnc(N3CCN(C(=O)Nc4ccc(C(C)(C)C)cc4)CC3)c2cc1OCCOC,1.00008685
Cc1ccc(-c2nc(C)c([C@H](OC(C)(C)C)C(=O)O)c(-c3ccc4c(c3)CCCO4)c2C)cc1C,1.531504463
CCc1nccn1Cc1ccc(Nc2nc3ncnc(Nc4ccc(F)c(Cl)c4)c3s2)cc1,0.477121255
CCc1c(N2CCOCC2=O)cccc1S(=O)(=O)N[C@@H](CNC(=O)c1ccc(Cl)s1)C(=O)N1CCOC[C@@H]1C,3.139674882
c1ccc2c(c1)OCC(c1nn3c(Cn4cnc5ccccc54)nnc3s1)O2,1.020383135
CC(C)CN(CCNS(=O)(=O)c1ccc(-c2ccc(=O)[nH]n2)s1)CC(C)C,0.579879754
N#Cc1ccc(-c2ccc(C3(Cc4nnn[nH]4)C4CC5CC3CC(C4)C5O)cc2)cc1,2.535415889
CC(C)C(=O)N/C(=N/c1nccn1Cc1ccccc1)Nc1ccc(Cl)c(Cl)c1,1.294422133
CCCS(=O)(=O)N1CCN(C2(CNC(=O)c3ccc(Cl)cc3Cl)CCCCC2)CC1,1.275120284
CCn1c(=O)c2sccc2n2c(CCCC(=O)NCCc3ccc(S(N)(=O)=O)cc3)nnc12,2.5849417505
CC1(C)CNC(=O)c2nc(Cc3ccc(O)cc3)[nH]c2C1,2.979227689
CC1(C)NC(=S)N(c2ccc(C#N)c(Cl)c2)C1=O,0.392537511
C=CCc1cc(CNc2ncnc3nn(C)cc23)cc(OC)c1OC,1.1386552325
CC(C)(C)c1ccc(Cn2ncc3ccccc32)cc1,0.7558302345
COC(=O)c1ccccc1C1CCN(C(=O)OC(C)(C)C)CC1,0.878721651
CC(N)C1(c2ccc(Cl)c(Cl)c2)CCCCC1,2.477121255
CN1C2=CC=CC=C2C(=O)N(C3=CC=CC=C31)CCN(C)C.Cl,2.079181246
COc1ccc(C2=Nc3c(C(C)(C)C)nn(CCCO)c3C(=O)NC2)cc1-c1cnc(N(C)C)cc1C,1.62324929
CC(C)C1=C(C(=O)N(N1C)C2=CC=CC=C2)NC(=O)NC3=CC=C(C=C3)Cl,2.079181246
CC(C)(Cc1nnc(CN2C(=O)COc3c(Cl)cc(Cl)cc32)n1CCC(F)(F)F)c1ccccc1,0.841443718
CC(C)C(O)(c1ccc2cc(OC(F)F)c(OC(F)F)cc2c1)c1cnn[nH]1,1.829264786
Cn1ccc2nc(COc3ccc(-c4ccc(=O)[nH]c4-c4ccc(F)cc4)cc3)ccc21,1.124326074
N#Cc1cccc(N2C[C@@H](c3cccc(F)c3F)[C@@H]3[C@H]2C2CCN3CC2)n1,1.31587075
FC(F)(F)Oc1ccccc1-c1ccc2[nH]c(/C=C/C3CCCCC3)nc2c1,1.306177174
Cn1cnc2cc(C#N)c(-c3ccccc3Cl)c(CN)c21,2.300986564
CN(Cc1cc2cc(F)ccc2[nH]1)C(=O)CC1C(=O)NCCN1CC(C)(C)C,0.6284297295000001
C=CC[C@H](NC(=O)/C=C/c1cc(Cl)ccc1-n1cnnn1)c1nc(-c2ccc(NC(=O)OC)cc2NC(=O)CC)c[nH]1,1.079181246
O=S(=O)(Nc1cccc(CO)c1Cl)c1ccc(-c2ccc(Br)cc2)cc1,1.748172516
Cc1nc(N2CCC(N3CCCS3(=O)=O)CC2)nc2ccc(NC(=O)/C=C/c3ccc(OC(F)(F)F)cc3)cc12,2.107042763
CCCc1sc(-c2ccc(OC)c(OCCNS(C)(=O)=O)c2)nc1CSc1nc(N)cc(N)n1,0.431363764
COC[C@@H]1C[C@@H](C(=O)NCC2CCOCC2)CN(Cc2nc(N3CCOCC3)oc2C)C1,1.488522515
O=S1(=O)N=C(Nc2cccc3[nH]ccc23)c2ccccc21,1.8257107125
CC1=C(C=CC(=C1)OCC2=NN=C(N2C3=CN=CC=C3)SC4CCCC4)C5=CC=C(C=C5)S(=O)(=O)C,0.220108088
CC(C)(C)c1cc(NC(=O)[C@@H]2CCCN2CC2CCOCC2)no1,1.114010162
COc1ccc(C#Cc2nc3ccc(C)cc3o2)cc1,1.5253753185
C[C@@H]1c2cn[nH]c2C(=O)[C@H](C)N1S(=O)(=O)c1ccc(C(F)(F)F)nc1,1.715368522
CN(C)CC(C)(C)Cn1c(CCc2ccccc2)nc2cc(/C=C/C(=O)NO)ccc21.Cl.Cl,1.079181246
C1CCN(C1)CCOC2=CC=C(C=C2)N3C=CC(=CC3=O)OCC4=CC=C(C=C4)F,2.079181246
C1COC[C@H](N1CC2=CC(=CC=C2)C#N)C3=NC=C(N3)C4=CC=C(C=C4)F,0.5289167
Cc1cc(C)c2oc(NC(=O)CC3CCN(C(=O)OC(C)(C)C)CC3)nc2c1,1.137784202
N#Cc1cccc(-c2nnc(N3CCN(C(=O)c4ccccc4)CC3)c3ccccc23)c1,2.295268828
Nc1ncc(-c2ccc(C(=O)N3CCNCC3)cc2)cc1-c1ccc(C(F)(F)F)nc1,2.397974751
Nc1cc(Nc2cc(Cl)c3n(c2=O)C2(CCCC2)NC3=O)ncn1,2.107042763
N#Cc1ccc(NC(=O)c2ccc(C3(C(F)(F)F)CC3)cc2)cn1,1.944581364
Cc1noc(-c2ccc3c(c2)c2c(n3CC(F)COc3cc(F)cc(F)c3)CCCC2)n1,1.812779707
CN1CCC(NC(=O)c2cnc(NCc3cc(Cl)ccc3Cl)nc2NC2CCCC2)CC1,1.146065989
CCOC(=O)C1=C(n2[nH]c3nc(C)cc(COC)c3c2=N)CCC1,2.081808245
CCCN(C(=O)c1cc(S(=O)(=O)N2CCc3ccccc32)cn1C)c1ccccc1OC,0.654701031
Cc1nn(C(=O)c2cccnc2)c(C)c1Cc1c(F)cccc1Cl,0.654701031
C[C@H](Nc1ccnc2c1NC(=O)CN2)c1cc2cccc(Cl)c2c(=O)n1-c1ccccc1,1.878083711
C=C[C@@H]1C[C@]1(NC(=O)[C@@H]1C[C@@](OC)(c2ccc(-c3ccccc3)nc2)CN1C(=O)[C@@H](NC(=O)OC1CCCC1)C(C)(C)C)C(=O)NS(=O)(=O)C1CC1,1.939519253
Cc1c(Cl)cccc1NC(=O)Cn1c2c(c(=O)n3nc(-c4ccccc4)nc13)CCC2,1.316037108
CCC1C(=O)N(C)c2cnc(-n3ccnc3-c3ccc(F)cc3)nc2N1c1cc[nH]n1,1.801405965
O=[N+]([O-])c1cn2c(n1)OC[C@H](OCc1cccc(-c3ccc(OC(F)(F)F)cc3)n1)C2,1.731739325
CS(=O)(=O)c1ccc(CNC(=O)c2ccc(OCCC(F)(F)F)nc2)c(Cl)c1,1.982271233
Fc1cccc(C(Cc2ccccc2OC(F)(F)F)N2CCNCC2)c1,2.079181246
CCOC(=O)C(OC(C)(C)C)c1c(C)nc2c(Br)c(C)nn2c1-c1ccc(Cl)cc1,1.8272155015
CC(C)Oc1ccc(NC(=O)[C@@H]2C[C@@H]3CC[C@@H]2N(S(=O)(=O)c2ccccn2)C3)cc1,1.515256251
Oc1c(I)cc(Cl)c2cccnc12,1.805500858
CCOC(=O)NC1=C(C=C(C=C1)NCC2=CC=C(C=C2)F)N,2.079181246
Cc1oc(=O)n(Cc2cc(C(N)=O)oc2C(C)(C)C)c1C,2.1712595085
Cc1cc(C[C@@H]2COC[C@@H]2NC(=O)c2cc(=O)n(-c3ccccc3)[nH]2)on1,1.854691656
COC1=C2C[C@@H](C)C[C@H](OC)[C@H](O)[C@@H](C)/C=C(\C)[C@H](OC(N)=O)[C@@H](OC)/C=C\C=C(/C)C(=O)NC(=CC1=O)C2=O,2.422095136
CS(=O)(=O)Nc1ccc2c(c1)S(=O)(=O)N=C(C1=C(O)C3CC=CCC3N(Cc3ccc(F)cc3)C1=O)N2,2.475143873
C[C@H]1C[C@@H](c2ccncc2NC(=O)c2ccc(F)c(-c3c(F)cccc3F)n2)C[C@@H](N)[C@@H]1O,1.954242509
NC(=O)[C@@H](c1cocn1)[C@@H](CCC(F)(F)F)C(=O)N[C@H]1N=C(c2ccccc2)c2ccccc2NC1=O,1.662358204
COc1cccc(CN(CCN2CCCCC2)C(=O)Nc2ccc(-c3cn[nH]c3)cc2)c1,1.041313715
COc1ccccc1-c1c(=O)n(CCCCN2CC=C(c3c[nH]c4ccc(F)cc34)CC2)c(=O)n2ccccc12,2.003024764
CC(O)c1ccccc1S(=O)(=O)c1ccc(/C=C/c2ccc(F)cc2)cc1,0.654701031
O=C1c2ccccc2-n2c1nc1c(c2=O)CCCC1,1.384763635
Cc1nn(-c2ccc(F)c(Cl)c2)c(=O)cc1-c1cccc(N2CCCC2=O)c1,1.652923697
Cc1ccccc1OC(CC1CNC1)c1ccc(Cl)c(Cl)c1,2.251494747
Cc1cc(Br)cc(C(=O)c2c(C(C)C)c(=O)[nH]c(=O)n2Cc2cc(F)nc(F)c2)c1,1.6184227075
CCc1c(C(=O)c2cc(F)cc(F)c2)n(C/C=C/c2ccccc2)c(=O)[nH]c1=O,1.3885145775
O=C([C@H]1CCCN1)N1CCC(NS(=O)(=O)c2cc(S(=O)(=O)c3ccccc3)ccc2C(F)(F)F)CC1,1.176091259
O=C(CSc1nc2ccccc2nc1C(F)(F)F)NC(=O)Nc1ccccc1Cl,1.855519156
CC(=O)N(Cc1ccc(F)cc1)c1ccsc1C(=O)O,2.2358794995
COc1ccccc1-c1cc(C2=Nc3c(C(C)(C)C)nn(CCCO)c3C(=O)NC2)ccc1OC,1.913919765
O=C(Cn1c(=O)ccn2nccc12)Nc1scc(Br)c1-c1ncn[nH]1,1.801405965
C=C[C@@H]1C[C@]1(NC(=O)[C@@H]1C[C@@](OC)(c2ccc(-c3cccc(OC)c3)cc2)CN1C(=O)[C@@H](NC(=O)OC1CCCC1)C(C)(C)C)C(=O)NS(=O)(=O)C1CC1,1.826204423
CCC1(CCCCN2CCN(c3ccc(Cl)cc3)CC2)C(=O)Nc2ccc(Cl)cc21,1.451755118
CC1=CN2C(=O)C=C(N=C2C(=C1)C(C)NC3=CC=CC=C3C(=O)O)N4CCOCC4,2.079181246
Cl/C(=C/c1cccc2nccn12)c1nc2ccccc2s1,0.6319593105000001
C[C@]12CCNC(=O)C=C1CC[C@@H]1[C@@H]2CC[C@]2(C)C(c3cnccn3)=CC[C@@H]12,8.68502e-05
CC#C[C@@H](CC(=O)O)C1=CC=C(C=C1)OCC2=CC=C(S2)CN3CCC4(CC3)C=CC5=CC=CC=C45,1.39880773
Cc1nc(CN2CCN(c3cnc4ccccc4n3)CC2)oc1C,1.3496650145000002
CCOc1cc(NC(=O)C2(NC(=O)c3ccc4c(C5CCCC5)c(-c5ncc(Cl)cn5)n(C)c4c3)CC2)ccc1/C=C/C(=O)O,2.290034611
O=S1(=O)CCN2N=C(c3ccccc3)C(c3ccccc3)=NC2=N1,2.6776374990000003
COCCn1c(C)cc(C)c(C(=O)NCCNc2ncccn2)c1=O,2.4118374985
Cc1ccc(C2Nc3ccc4ccccc4c3C3=C2CC(C)(C)CC3=O)o1,0.795256382
CC1CCN(CC1)C2=C(C=C(C=C2)C(=O)NC3=CC=CC(=C3C)C4=NC5=CC=CC=C5O4)[N+](=O)[O-],1.486996888
O=[N+]([O-])c1c(Cl)c(Cl)cc2c1nc(C1CC1)n2Cc1ccc(B(O)O)cc1,2.428167203
O=C(NCc1ccc(S(=O)(=O)N2CCCCC2)cc1)c1cnc2nccn2c1,1.66833238
CNC(=O)[C@@]12C[C@@H]1[C@@H](n1cnc3c(NC)nc(C#Cc4ccc(Cl)s4)nc31)[C@H](O)[C@@H]2O,2.36169007
O=c1c2ccccc2oc2c(Cc3ccc4c(c3)OCO4)[nH]c(-c3nccs3)c12,1.748172516
COc1nc2c(cc1NCc1c(F)cc(F)cc1F)c(=O)c(C(=O)O)cn2[C@H](CO)C(C)C,2.020293558
CN(C)CCCn1cc(CN2CCN(c3cc(C(=O)Nc4ccc5c(c4)-c4c(c(C(N)=O)nn4-c4ccc(F)cc4)CC5)c(Cl)cn3)CC2)cn1,1.041313715
COc1cc2nc(N3CCc4c(cccc4NS(C)(=O)=O)C3)nc(N)c2c(-c2ccccn2)c1OC,1.612762671
O=C1CC(c2ccsc2)c2ccc3ccccc3c2N1,1.106325247
CC(=O)N1CCC(C(=O)N2CCC(N3CCN(C(=O)c4cc(-c5ccccc5)nc(-c5ccc6[nH]cc(C)c6c5)c4)CC3)CC2)CC1,1.500375969
CC(C)(C)[C@H](NC(=O)n1c(=O)n(CC2CCCO2)c2ccccc21)C(N)=O,1.568225199
C/C=C/C[C@@H](C)[C@@H](O)[C@H]1C(=O)N[C@@H](CC)C(=O)N(C)[C@H](SCCN(C)C)C(=O)N(C)[C@@H](CC(C)(C)O)C(=O)N[C@@H](C(C)C)C(=O)N(C)[C@@H](CC(C)C)C(=O)N[C@@H](C)C(=O)N[C@H](C)C(=O)N(C)[C@@H](CC(C)C)C(=O)N(C)[C@@H](CC(C)C)C(=O)N(C)[C@@H](C(C)C)C(=O)N1C,1.799340549
COc1nc2c(cc1Cc1cccc(Cl)c1F)c(=O)c(C(=O)O)cn2[C@H](CO)C(C)(C)C,2.020293558
Cc1c(C)n(C2CCCCC2)c2ncn(CCCO)c(=N)c12,3.315766141
O=C(NCc1cccnc1)Nc1ccc(C(=O)c2ccccc2)cc1,1.859033917
COc1ccc2c(c1)C[C@H](c1nc3ccc(-c4cn[nH]c4)cc3c(=O)[nH]1)CO2,1.792251572
Cn1c(=O)c(Cl)c(Nc2ccc(I)cc2F)c2c(=O)n(C[C@@H](O)CO)cnc21,1.34246216
CCOCc1c(C(=O)NCc2cncn2C)cnn1-c1ncc(C)c(N2CCCC2)n1,1.748498267
CS(=O)(=O)c1cccc(Oc2cccc(-c3c(CN4CCCCC4)nc4c(C(F)(F)F)cccn34)c2)c1,0.477121255
CCCCCOC(=O)C1[C@H]2C(=O)N(CCCOC)C[C@]23C=C[C@H]1O3,1.2003615315
CC(C)CCN1C(=O)C(C2=NS(=O)(=O)c3cc(NS(C)(=O)=O)ccc3N2)=C(O)C2CCCN21,1.98471824
O=C(Nc1ccc(Cl)cn1)c1c2c(nc3ccccc13)C(=O)N(C1CCCCC1)C2,1.873007734
CCN(C(=O)Nc1ccc(SC(F)(F)F)cc1)C1Cc2ccc(SC(C)(C)C(=O)O)cc2C1,2.00008685
CC(C)(C)C1=COC(=N1)[C@@H]2COCCN2CC3=CC(=CC=C3)C#N,1.017867719
Cc1ccc(-n2nc([Si](C)(C)C)cc2NC(=O)Nc2ccc(OCCN3CCOCC3)c3ccccc23)cc1,1.824298282
Cc1cccc2c(=O)n(CC(=O)NCC3CC4c5ccccc5C3c3ccccc34)cnc12,1.192279831
Cc1ccc(S(=O)(=O)N2CC(N)C(c3ccc(Cl)cc3Cl)C2)cc1,2.255272505
O=C(NCC1CCc2nccn2C1)Nc1ccc(S(=O)(=O)c2ccccc2)cc1,2.047664915
COc1ccc(-c2cc(-c3ccc(S(C)(=O)=O)cc3)nnc2N)cn1,2.397974751
CCCCCCCCCCCCCCCCCCN(C)C,2.079181246
CCCNC(C)C(=O)Nc1c(C)csc1C(=O)O,2.0578221595
CC[C@H]1OC(=O)[C@H](C)[C@@H](O[C@H]2C[C@@](C)(OC)[C@@H](O)[C@H](C)O2)[C@H](C)[C@@H](O[C@@H]2O[C@H](C)C[C@H](N(C)C)[C@H]2O)[C@](C)(O)C[C@@H](C)CN(CCCN(CCC#N)C(=O)Nc2ccc3ccccc3c2)[C@H](C)[C@@H](O)[C@]1(C)O,2.079181246
O=c1c2c(ccn1Cc1cc(F)ccc1F)ccn2Cc1cccnc1,1.7662237795
C1=CC(=CC(=C1)[N+](=O)[O-])N2C3=C(C=CC=N3)C(=O)N(C2=O)CC4=CC=NC=C4,1.389343311
N#Cc1c(-c2csc(-c3no[n+]([O-])c3C#N)c2)no[n+]1[O-],1.292586867
NS(=O)(=O)c1cccc(C[C@H](NC(=O)c2c(Cl)cc3c(c2Cl)CCN(C(=O)c2ccc4ccoc4c2)C3)C(=O)O)c1,1.783298428
N#Cc1cc(NC(CCO)C2CCOCC2)nc2ccc(Cl)cc12,1.1914673505
COc1cccc2[nH]cc(C(=O)C(=O)N3CCN(C(=O)c4ccccc4)C[C@@H]3C)c12,2.535415889
C[C@]12CC[C@H]3[C@@H](CC=C4C[C@H](O)CC[C@@]43C)C1=CC=C2c1cccnc1,8.68502e-05
Cc1nc(-c2ccccc2C)n(CC(O)c2ccccc2)n1,1.4349468245
COc1cccc(CNC(=O)c2cc3ccc(-c4cn[nH]c4)cc3[nH]2)c1,1.9029814
CC1C(=O)N(Cc2ccc(Cl)cc2Cl)c2c(/C=C/C(=O)NS(=O)(=O)c3cc(F)c(F)cc3F)cccc21,1.457207324
COc1ccc(C(=O)NCc2cccc(C(=O)Nc3ccc4c(c3)CNCC4)c2)cc1OC,2.164293359
Cc1cnc(NCCc2ccc(C(F)(F)F)cc2)c(=O)n1CC(=O)NCCONC(=N)N,1.650307523
C[C@]1(CCSC(=N1)N)C2=C(C=C(C(=C2)C3=CN=CN=C3)F)F,2.079181246
CC(C)Oc1ccc(NC(=O)C2CC3CCC2N(S(=O)(=O)c2cn(C)cn2)C3)cc1,2.2773441575
Cc1cc2ccccc2n1CCNC(=O)c1ccc(N2CCCCC2)cc1,1.406562432
CN1CCc2nc(C(=O)Nc3ccc(C(=O)O)cc3CNC(=O)c3ccc(Cl)s3)sc2C1,2.607886123
CC(=O)N[C@@H]1CC[C@@]2(C)C(=CC[C@H]3C4=CC=C(c5cccnc5)[C@@]4(C)CC[C@@H]32)C1,8.68502e-05
O=C(C(Nc1ccc(N2CCCS2(=O)=O)cc1)c1ccccc1)N1CCCC1,2.0112025445
COc1cc(/C=N/n2cnnc2)cc(Br)c1OCCOc1ccc(C(C)(C)C)cc1,2.1652956635
CC(CC1=CC=CC=C1)NCC2=CC=CC=C2Cl.Cl,1.02325246
COc1cnc(-c2cc(C(=O)O)[nH]n2)c2[nH]cc(C(=O)C(=O)N3CCc4c(cccc4-c4ccccn4)C3)c12,2.130764868
C=CCOC(C)C1=CC(C)(C)Nc2ccc(-c3cc(F)ccc3OC)cc21.Cl,0.698952632
CN1C(=O)[C@@H](NC(=O)[C@H](CCC(F)(F)F)[C@@H](C(N)=O)c2cc(F)cc(F)c2)N=C(c2ccccc2)c2ccccc21,2.049307415
C/C(=C\COc1ccc2ccc(=O)oc2c1)CC[C@H]1C(C)(C)[C@@H](O)CC[C@@]1(C)O,1.4377547695
CN1C(=O)C2(NCCc3c2[nH]c2ccccc32)c2ccccc21,1.554156159
Cc1ccc(C2c3nc[nH]c3CCN2C(=O)Nc2ccc(C#N)cc2)cc1F,1.35597052
CCN(Cc1nc(-c2cccs2)no1)C(=O)C(C)Oc1cc(C)c(Cl)c(C)c1,0.654701031
CNCC1(c2ccc(Cl)cc2)CCCCC1,2.477121255
COCCOc1cc2c(N3CCN(C(=O)Nc4ccc(OC(C)C)cc4)CC3)ncnc2cc1OCCN1CCCCC1,1.556302501
Cc1nc(-c2ccccc2)c(C(=O)N2CCN(c3cccc(C#N)c3)CC2)o1,1.216590022
CC(C)(C)c1nc2cc(S(=O)(=O)c3ccc(C#N)cc3)ccc2n1CC1CCOCC1,1.078646952
CC(C)(C)CCN1C(=O)C(C2=NS(=O)(=O)c3cc(NS(C)(=O)=O)ccc3N2)=C(O)C2CCCN21,1.77083729
NC1Cc2cc(Oc3ccccc3)ccc2-n2cnnc21,2.079181246
C[C@@H]1CN(c2ccc(F)cc2C(F)(F)F)CCN1S(=O)(=O)c1ccc([C@@](O)(C(N)=O)C(F)(F)F)cc1,1.00008685
Cc1cc(C2CCN(C(=O)[C@@H]3CN(C(C)(C)C)C[C@H]3c3ccc(F)cc3F)CC2)n(-c2ccc(Cl)cc2)n1,1.213130022
O=C(O)C[C@H](NC(=O)c1cc2ccccc2cc1NC(=O)Nc1c(Cl)cccc1Cl)C(=O)O,2.079181246
CC1(COc2ccc(-c3ccc(OC(F)(F)F)cc3)cc2)CCn2cc([N+](=O)[O-])nc2O1,2.251494747
Cc1nc2n(c(=O)c1CCN1CCN(c3cccc4sccc34)CC1)CCCC2(F)F.Cl,1.66833238
CC(C)C[C@H]1C(=O)N(CC(=O)N2CCC(CC(=O)O)CC2)C[C@H](c2ccccc2Cl)c2cc(Cl)ccc21,2.06670411
c1ccc(-c2ncc(CNc3cccc(-c4nnc[nH]4)c3)s2)nc1,2.0784558840000003
NC1CN(c2cc(-c3cccc(C(=O)O)c3)ncn2)CC1c1cc(F)c(F)cc1F,2.255272505
Clc1ccccc1C1NCCc2c1[nH]c1ccccc21,2.4149117675
Cc1nc(C)c(-c2csc(Nc3ccc(C(=O)N4CCN(c5ncc(C(F)(F)F)cn5)[C@H](C)C4)cn3)n2)s1,1.861050094
CCc1nn(CCN)c(CC)c1Oc1cc(C#N)cc(C#N)c1,2.079181246
CN(C(=O)NCC(=O)NC1C2CC3CC1CC(C(N)=O)(C3)C2)c1c(Cl)cc(Cl)cc1Cl,0.6929914245
Cc1ccc(C(C)(C)C)c(OCCOCCN2CC(C)OC(C)C2)c1.O=C(O)C(=O)O,0.4779836685
O=c1[nH]nc(-c2ccnc(NC3CCOCC3)c2)n1-c1ccc2cc(F)ccc2c1,2.211302473
COc1cnc(-n2cnc(C)n2)c2[nH]cc(C(=O)C(=O)N3CCc4c(cccc4-c4ccccc4)C3)c12,0.478609772
Cc1cc(C)c(S(=O)(=O)N(C)C2(C)CCS(=O)(=O)C2)c(C)c1,0.687902023
Cn1c(-c2ccccn2)c(C2CCCCC2)c2ccc(C(=O)NC3(C(=O)Nc4ccc(/C=C/C(=O)O)cc4)CCOCC3)cc21,1.612762671
CC(C)(C)OC(=O)N1c2ccccc2[C@H]2OC(=O)C[C@H]21,1.7699411865
CC(C)CCn1nc(-c2ccccc2)c(O)c(C2=CS(=O)(=O)c3cc(NS(C)(=O)=O)ccc3N2)c1=O,1.556302501
COC(=O)c1nc(C2CC(C(C)(C)C)=NO2)cc(NC(C)=O)c1Cl,1.1976629129999998
CC(Oc1cc(-c2cnn(C3CCNCC3)c2)cnc1N)c1c(Cl)ccc(F)c1Cl,1.410838431
COc1cccc(OC)c1CNC(=O)c1cc2cc(C[C@@H](C)NC[C@H](O)c3ccc(O)c(CO)c3)ccc2[nH]1,0.602081706
CC1=C(C2=C(N1C(=O)C3=CC=C(C=C3)OC)C=CC(=C2)OC(F)(F)F)CC4=CC(=CC=C4)O[C@@H](C)C(=O)O,2.079181246
O=C(N[C@@H](Cc1c[nH]c2ccccc12)C(=O)Nc1ccncc1)c1ccccc1Cl,0.77815125
CC(=O)O[C@@]12CO[C@@H]1C[C@H](O)[C@@]1(C)C(=O)[C@H](O)C3=C(C)[C@@H](OC(=O)[C@H](O)[C@@H](NC(=O)OC(C)(C)C)c4ccccc4)C[C@@](O)([C@@H](OC(=O)c4ccccc4)[C@H]21)C3(C)C.O.O.O,1.6459117595
CC[C@H]1C[C@@H](C(=O)NCc2cccc(N)n2)CN(Cc2nc(N3CCOCC3)oc2C)C1,1.492732459
CCCOC(c1ccc(Cl)cc1)C(SC(C)(C)C)n1cnc(C)c1,1.514160018
COc1ccc(-c2cn3c4ccccc4nc3n2CCN2CCN(C)CC2)cc1.Cl.Cl,1.588817378
COc1cccc(-c2nc3cc(Cl)ccc3c3ccnn23)c1,0.5609449785
CCCS(=O)(=O)N1CCN(C2(CNC(=O)c3ccccc3C(F)(F)F)CCCCC2)CC1,1.142473713
CS(=O)(=Nc1ccc(C(F)(F)F)cc1)C1CC1,2.114010162
Cc1nc(-c2cccc3ccccc23)sc1C(=O)N1CCCC(O)CC1,1.0
C1CN(CCN1C2=CC=CC=C2F)C(=O)C3=C(N(N=C3)C4=CC(=CC=C4)F)N5C=CC=C5,0.973127854
CC1=NC2=C(C(=N1)SCC3=NC4=CC=CC=C4N3)OC5=CC=CC=C52,0.832275114
Cc1[nH]c2ccccc2c1CCNC(=O)/C=C/c1ccc(OCCO)c(OCCO)c1,1.9816969355
CC[C@H]1OC(=O)[C@H](C)[C@@H](O[C@H]2C[C@@](C)(OC)[C@@H](O)[C@H](C)O2)[C@H](C)[C@@H](O[C@@H]2O[C@H](C)C[C@H](N(C)C)[C@H]2O)[C@](C)(O)C[C@@H](C)CN(CCNC(=O)Nc2cccc3ccccc23)[C@H](C)[C@@H](O)[C@]1(C)O,2.079181246
Cc1ccc(-c2cc(Cl)cc3c2OC(C(F)(F)F)C(C(=O)O)=C3)cc1F,1.249321963
C[C@]12CC[C@H]3[C@@H](CCN4C(=O)CC=CC[C@]34C)[C@@H]1CC=C2c1cccnc1,8.68502e-05
COc1ccc(-n2ccnc2-c2nccn2[C@@H]2c3ccccc3C[C@@H]2O)cc1,1.3448866145
CNC(=O)C1(C)CN(c2ccccc2NC(=O)Nc2nc3ccc(F)cc3s2)c2c(O)ccc(Cl)c21,0.577762172
CCn1nc(N2CCCC(NC(=O)c3cn[nH]c3)C2)ccc1=O,2.2026023655
CC[C@H]1OC(=O)[C@H](C)[C@@H](O[C@H]2C[C@@](C)(OC)[C@@H](O)[C@H](C)O2)[C@H](C)[C@@H](O[C@@H]2O[C@H](C)C[C@H](N(C)C)[C@H]2O)[C@](C)(O)C[C@@H](C)CN(CCCNC(=O)NC(C)c2cccc3ccccc23)[C@H](C)[C@@H](O)[C@]1(C)O,2.079181246
CCCC(=O)NC1=CC(=CC=C1)NC(=O)C2=CC=CC=C2Br,1.729305538
CC(C)N1/C(=C/C2=Cc3ccccc3OC2)C(=O)c2ccccc2S1(=O)=O,0.7794458245
C1CN(CCC1C(=O)N2CCC(CC2)N3CC4=CC=CC=C4C3=O)C(=O)C5=CC=C(C=C5)F,2.079181246
CCOC(=O)C1(Cc2ccccc2)Nc2ccccc2C1=O,0.6204704299999999
Cc1nc2ccc3c(=O)cc(-c4ccc(N5CCCC5)cc4)oc3c2[nH]1,1.482122703
Cc1cc(S(=O)(=O)Nc2cccc(CO)c2C)ccc1-c1ccc(F)cc1F,1.176091259
COc1ccc2c(c1)C1CC1(C(=O)N1C3CCC1CN(C)C3)Cn1c-2c(C2CCCCC2)c2ccc(C(=O)NS(=O)(=O)C3CC3)cc21,2.252804504
Cc1cc(-c2ncc(C(=O)c3cccc(O)c3)s2)ccc1O,1.910731098
Cc1cc(-c2sccc2NC(=O)Cc2cccc3ccccc23)n[nH]1,0.725545316
Clc1nnc(Cl)c2c1ncn2Cc1ccccc1,2.2086167325000003
COc1ccc(CC(=O)Nc2ccsc2-c2c[nH]c(C)n2)cc1,1.069493576
CCOc1cncc(C2=CC[C@H]3[C@@H]4CC[C@H]5COCCC[C@]5(C)[C@H]4CC[C@]23C)c1,8.68502e-05
Cc1c(C(=O)N2c3ccccc3CC2C)sc2nc(-c3ccccc3)cn12,2.2820457175
CC(c1cncs1)N(C)C(=O)c1cnn(C(C)C)c1,2.357460153
CN1CCN(c2cc3c(cc2F)c(=O)c(-c2noc(Cc4ccc(F)cc4)n2)cn3Cc2ccc(Cl)cc2)CC1,1.412302484
COc1ccccc1CNC(=O)c1c(OCC2CC2)cc(=O)n2c1CCCCC2,0.732375416
Cc1cc(CN2C(=O)C(C3=NS(=O)(=O)c4cc(NS(C)(=O)=O)ccc4N3)=C(O)[C@H]3CCC[C@H]32)ccc1F,2.000389541
CN(Cc1ccc(C(F)(F)F)cc1)c1cc(C(=O)Nc2ccccc2)ncn1,1.541363925
CC(C)N[C@@H]1CC[C@H](NC(=O)CNC(=O)c2cccc(C(F)(F)F)c2)C[C@@H]1CS(=O)(=O)c1ccccc1,0.346174824
Cn1c(=O)c2c(ncn2CC(O)C/N=C2\CCCCCN2)n(C)c1=O,2.578262122
Fc1ccc(Oc2cc3nc(-c4ccccn4)[nH]c3cc2C2CCCN2)cc1,1.748498267
O=C(N[C@@](Cc1ccccc1)(c1cc(F)cc(C(F)(F)F)c1)c1ccc(Cl)cn1)c1ccc(F)c(C(F)(F)F)c1,1.980064192
CC[C@H](C)[C@@H](CO)NC(=O)c1cc(C)nc(C)c1,2.564612482
CC(C)CCn1nc(-c2cccs2)c(O)c(C2=NS(=O)(=O)c3cc(/C=C\C(N)=O)ccc3N2)c1=O,1.491389712
CC(C)(C)OC(=O)N[C@@H](CC(=O)N1N=CCC1C(=O)OCc1ccccc1)Cc1cc(F)c(F)cc1F,3.0865781345
N#Cc1ccc(NC(=O)NCc2cccc(C(=O)Nc3ccc4c(c3)CNCC4)c2)cc1,2.276461804
CS(=O)(=O)CCCn1c(Cn2c(=O)n(CC(F)(F)F)c3ccncc32)nc2ccccc21,1.939519253
O=[N+]([O-])c1cn2c(n1)OC[C@@H](OCc1ccc(-c3ccc(OC(F)(F)F)c(Cl)c3)cc1)C2,2.596298824
CC(C)=CC[C@H]1CN(Cc2ccc(F)cc2)C(=O)C(C2=NS(=O)(=O)c3cc(NS(C)(=O)=O)ccc3N2)=C1O,0.838849091
Cc1nnc(-c2nnc(N3CCN(C4CCCCC4)CC3)c3ccccc23)o1,1.8102480905
COc1cc2c(N3CCN(C(=O)Nc4ccc(C#N)cc4)CC3)ncnc2cc1OCCCN1CCC(F)(F)CC1,0.77815125
CCOCCn1nc(C)c2nc(N3CCC(C(N)=O)CC3)nc(Nc3cc(C)ccn3)c21,1.188555375
CCCCCN(C(=O)Nc1ccc(SC(F)(F)F)cc1)C1Cc2ccc(SC(C)(C)C(=O)O)cc2C1,1.880927865
CN(C)CC(C)(C)CNc1ncnc2c1cnn2-c1ccccc1,1.2899680055
CN(C)CCNC(=O)C1c2ccccc2Oc2ccccc21,1.9175277405
Cc1cc(=O)c(Oc2ccc(Br)cc2F)c(-c2ccc([S+](C)[O-])cc2)o1,1.66833238
Cc1c[nH]c2ncnc(-c3ccc(NC(=O)N(CCO)c4cccc(Cl)c4)cc3)c12,1.34246216
CCCS(=O)(=O)N1CCN(C2(CNC(=O)c3ccc(Cl)cc3)CCCCC2)CC1,1.111272488
C#Cc1ccc2c(c1)C(c1ccccn1)=NCc1c(-c3nc(C(C)C)no3)ncn1-2,3.4751523925
O=C1CCc2cc(S(=O)(=O)Nc3ccc(F)c(Cl)c3)c(F)cc2N1,2.442793226
CCc1cc2c3c([nH]c2cc1S(=O)(=O)N1CCN(C)CC1)CC(C)(C)CC3=O,2.071890163
CS(=O)(=O)Nc1ccc2c(c1)S(=O)(=O)C=C(c1c(O)c(-c3cccs3)nn(CC3CCCC3)c1=O)N2,1.633488655
C[C@H](Cc1cccc(CC(=O)NCc2cc(C(F)(F)F)ccc2F)c1)NC[C@H](O)c1ccc(O)c(CO)c1,0.954242509
Cn1ncc(N2CC(O)CC2C2CCCCC2)c(Br)c1=O,2.0514609145
CN1CC(c2ccc(NC(=O)c3nc(C#N)c[nH]3)c(C3=CCC(C)(C)CC3)c2)CN(C)C1=O,0.620526114
CCCn1ccc2cc(-c3cccnc3)cc(Cl)c2c1=O,1.090589675
Cc1cc(=O)c(Oc2ccc(F)cc2F)c(-c2ccc([S@@+](C)[O-])cc2)o1,1.111272488
Oc1ccc(Cl)c2c1CNC(CN1CCC3(CCc4ccccc43)CC1)C2,1.184691431
NS(=O)(=O)c1cc(-c2nnc(/C=C/c3ccc(Br)cc3)o2)c(Cl)cc1SCc1ccccc1,1.556302501
C[C@H](C1=CC=C(C=C1)C(=O)NC2=C3C=CNC3=NC=C2)N,2.079181246
N#Cc1ccccc1Cn1c(N2CCC[C@@H](N)C2)ncc(-c2ccoc2)c1=O,1.748172516
CCCCN(C(=O)c1ccccc1F)c1nnc(-c2ccc(CN3CC(C(=O)O)C3)cc2)s1,0.991556871
N#C/N=C(\NCc1ccc(S(=O)(=O)c2ccc(N3CCOCC3)nc2)cc1)Nc1ccncc1,2.107042763
CC(CN1C2CCCCC2SC3=C1CCCC3)CN(C)C,1.15624619
O=C(NCc1cc[nH]n1)Nc1ccc(S(=O)(=O)c2ccccc2)cc1,3.315766141
CN1CCN(Cc2cc3nc(-c4cccc5[nH]ncc45)nc(N4CCOCC4)c3s2)CC1,1.994238833
CC[C@@]1(CC2=CC=CC=C2O1)C3=NCCN3,2.079181246
CC(=O)N1C[C@@H](C[C@H]1C(=O)O)O,1.700097705
C[C@H](c1ccccc1)N1C(=O)O[C@](Cc2ccccc2)(c2nc(-c3ccccc3)co2)C1=O,1.820035145
CCOc1ccc(CCNC(=O)Cn2cccc2C(=O)c2ccccc2C)cc1OCC,0.7940596025
CC(Cn1cc(Br)cn1)c1nc2c3cnn(C)c3ncn2n1,1.898765443
COc1ccc(-c2nc(-c3ccc(S(C)(=O)=O)cc3)cnc2N)cn1,2.187577119
O=C(N[C@@H](Cc1c[nH]c2ccccc12)C(=O)Nc1ccncc1)c1ccc(-c2ccccc2Cl)cc1F,1.204174266
O=S(=O)(c1ccc(C(F)(F)F)cc1)N1c2cc(N3CCOCC3)ccc2-c2n[nH]cc2C1C1CC1,1.22527015
O=C(CN1N=C(c2ccccc2)Cn2c(cc3ccccc32)C1=O)N1CCN2CCCC2C1,0.902579213
COC[C@H](C1CC1)n1cc(Cl)nc(Nc2c(C)nc(OC)nc2OC)c1=O,0.606612384
C=C(C)[C@@H]1CC[C@]2(C(=O)NCCCCCCCNC(C)=O)CC[C@]3(C)[C@H](CC[C@@H]4[C@@]5(C)CC[C@H](O)C(C)(C)[C@@H]5CC[C@]43C)[C@@H]12,1.406233511
CCc1n[nH]c(CC)c1Oc1cc(C)cc(C#N)c1,1.579760738
CC(CCCNCC12CC3CC(CC(C3)C1)C2)Nc1ccnc2cc(Cl)ccc12,1.690213806
CCc1c2nc(-c3cc(S(=O)(=O)N4CCN(CC)CC4)cnc3OCCOC)[nH]c(=O)c2nn1CC(C)C,1.041313715
Cc1cc(C(=O)COC(=O)c2ncc(Cl)c(Cl)c2Cl)c(C)n1-c1nccs1,1.0276715755
CCCNC(=O)C1CCN(C(=O)c2cc3[nH]ccc3n2Cc2ccc(OC)cc2)CC1,1.36361198
CN(C)C1(CNC(=O)c2cccs2)CCCCC1,1.5410057385
CCOC(=O)c1c(=O)n(-c2ccccc2)nc2cc(C(C)=O)ccc12,1.3378647645
O=C([O-])CN1C(=O)S/C(=C\C=C2\SCCN2CCCS(=O)(=O)[O-])C1=S.[Na+].[Na+],1.6452313585
CCCc1nnsc1C(=O)NC1CC(=O)N(C2CC2)C1,1.7970451930000002
CC1=CC=C(C=C1)C2=C(C=NN2C)C3=NN(C4=C3C(=NC=N4)N5CCC(C5)N6CCCCC6)C,2.079181246
CC(=O)c1ccc(N2CCC(CC(=O)Nc3nc4ccccc4o3)CC2)cc1,1.638486293
CCCCCN(C(=O)Nc1ccc(OC(F)(F)F)cc1)C1Cc2ccc(SC(C)(C)C(=O)O)cc2C1,2.00008685
CS(=O)(=O)Nc1ccc2c(c1)S(=O)(=O)N=C(C1=C(O)[C@@H]3[C@@H]4CC[C@@H](C4)[C@@H]3N(Cc3cccs3)C1=O)N2,1.954301404
CN1CCN(CC1)C(=O)C2=CN3C=CN=C3C=C2,2.079181246
CC(C)(C)CCN1C(=O)C(C2=NS(=O)(=O)c3cc(NS(C)(=O)=O)ccc3N2)=C(O)C2CCCCN21,1.716020047
O=C(NCCN1CCC(O)(Cc2ccc(F)cc2)CC1)Nc1ccnc2ccsc12,1.5024178
O=[N+]([O-])c1cn2c(n1)OC[C@@H](OCc1ccc(-c3ccc(C(F)(F)F)cn3)cc1F)C2,2.596298824
CC(CC(=O)c1ccccc1)n1nnc(-c2ccccc2)n1,0.677243285
COc1ccc2c(O[C@@H]3C[C@H]4C(=O)N[C@]5(C(=O)NS(=O)(=O)C6(C)CC6)C[C@H]5/C=C\CCCCC[C@H](NC(=O)c5ccn(C)n5)C(=O)N4C3)cc(OC(C)C)nc2c1C,1.73239376
Cc1nc2ccccc2n1Cc1cc(NCc2ccccc2OC(C)C)nc(N)n1,0.7017162725
CS(=O)(=O)n1c(-c2ccccc2)c(C#Cc2ccccc2)c2ccccc21,3.315766141
CC(C)Oc1cc(C(=O)O)cc(NC(=O)c2nc3c(s2)CN(C(C)C)CC3)c1CCC(=O)Nc1ccc(Cl)cc1,2.139479458
C[C@@H]1CN(C(=O)c2ccccc2)CCN1C(=O)C(=O)c1c[nH]c2cccc(F)c12,1.36210736
C[C@]12CC[C@H](O)CC1=CC[C@@H]1[C@@H]2CC[C@]2(C)C(c3cncc(Cl)c3)=CC[C@@H]12,8.68502e-05
O=C(c1ccccc1)N1CCN(c2nnc(-c3ccccc3)c3ccccc23)CC1,1.994238833
C[C@@H](c1ccc(Cl)cc1)N1Cc2cncn2C(CC(C)(C)O)S1(=O)=O,2.477121255
CC(C)(C)c1ccc(-n2nnnc2SCC(=O)Nc2ccc(S(C)(=O)=O)cc2Cl)c(Cl)c1,1.653212514
C1=CC=C(C=C1)[C@H](COC2=CC3=C(C=C2)NC(=O)N3)NC(=O)C4=CC=CN(C4=O)CC5=CC(=C(C=C5)F)F,1.628184508
OCCN1CCN(Cc2cc3nc(-c4cccc(O)c4)nc(N4CCOCC4)c3s2)CC1,2.295268828
CONC(=O)c1cn(-c2ccc3c(c2)CCC3)c2nc(Nc3ccc(CCN4CCC(F)(F)CC4)cc3)ncc2c1=O,1.57054366
CCCCC(CC)OC(=O)C1CCCC(NC(=O)NC23CC4CC(CC(C4)C2)C3)C1,1.256761023
c1ccc2c(c1)CC[C@H](Cn1ccnc1-c1cc3n(n1)CCCNC3)O2,1.7662114215
Cn1c(=O)c2c(n(C)c1=O)n(CC(=O)NC(C)(C)C)c(=O)n2C,1.374467353
Cc1sc(N[C@](Cc2ccccc2)(c2cc(F)cc(OC(F)(F)C(F)F)c2)c2ccc(Cl)cn2)nc1C(F)(F)F,1.543172303
CC(C)(C)N1CC(C(=O)NCCOc2ccc(-c3ccccc3)cc2)CC1=O,1.1708871125
COc1ccc2[nH]c(SCc3ccc(C(=O)O)cc3)nc2c1,0.906227263
CS(=O)(=O)c1ccc(-c2cnc(N)c(-c3ccc(F)nc3)c2)cc1,2.392732117
CN1CCN(c2ncnc3c2oc2ccc(Cl)cc23)CC1,0.698952632
CCOCCOC1CCN(S(=O)(=O)c2cn(C)cn2)CC1,3.315766141
CCN(CC)CCNC(=O)c1c(C)[nH]c(/C=C2\C(=O)Nc3ccc(F)cc32)c1C,1.560779922
CS(=O)(=O)CCCC(=O)N(CC(=O)O)C1CCCCC1,1.9543141755
CCc1ccc(S(=O)(=O)NCc2cccc(CS(C)(=O)=O)c2)s1,1.0753145555
COc1ccc(-n2nc(C(N)=O)c3c2C(=O)N(c2ccc(C4(CN5CCCC5=O)CC4)cc2)CC3)cc1.O=C(O)C(F)(F)F,1.00008685
CC1CCC(N(Cc2nnc(C3CCC3)n2C)CC2CCCO2)CC1,1.340695014
Cc1nc(N2CCC(N3CCOC3=O)CC2)nc2ccc(NC(=O)/C=C/c3ccc(OC(F)(F)F)cc3)cc12,2.107042763
CNC(=O)c1cc(N)c(Nc2ccc(C#N)cc2)cc1Oc1c(Br)cc(CCC#N)cc1OC,2.0081836045
COc1ccccc1-c1coc2cc(O)ccc2c1=O,1.592308018
CNC(=O)c1cc(Cl)cc(C)c1NC(=O)c1ncc2cccn2c1-c1cnccc1Br,1.3651239025000002
Cc1c(C)c(C)c(S(=O)(=O)N(C)c2cnccn2)c(C)c1C,0.593934824
Cc1c(CC(=O)O)c2ccsc2n1Cc1ccc(S(=O)(=O)N(C)C2CCCCC2)cc1,1.638486293
CCCN1C=NC2=C1C(=O)N(C(=O)N2C)CCCCC(=O)C,2.079181246
CCOC(=O)c1ccc2c(c1)C(=O)c1nc3ccccc3c(=O)n1-2,0.557791018
CSc1ccc(C2c3cccn3-c3sc4c(c3CN2C(=O)NCc2ccc(F)cc2)CCCC4)cc1,0.8465039825
CC(C)CC[C@@H]1CN(C2CCCC2)C(=O)C(C2=NS(=O)(=O)c3cc(NS(C)(=O)=O)ccc3N2)=C1O,1.505122834
COc1ccc(C)cc1C1=CC(C)(c2cc(C)ccc2OC)Nc2nnnn21,1.0390673585
COc1ccc(C2C(C(=O)Nc3ccccc3OC)CCC(=O)N2c2ccc3c(c2)OCO3)cc1,2.388217263
Cc1ccc(CNC(=O)Cc2cccc(C[C@@H](C)NC[C@H](O)c3ccc(O)c(CO)c3)c2)cc1C,1.00008685
C[C@H](c1ccccc1)N1C(=O)O[C@](Cc2ccccc2)(c2nnc(-c3ccccc3)o2)C1=O,2.020293558
CCCOCCn1c(=O)nc(NC2CCC(O)CC2)c2nnc(-c3ccc(OC)nc3)cc21,2.102435961
Nc1noc2ccc(-n3nc(C(F)(F)F)c4c3C(=O)N(c3ccc(-c5ccccc5CN5CC[C@@H](O)C5)cc3)CC4)cc12,1.62324929
COCCCNC1=NCCNC12CCN(S(=O)(=O)c1ccc(F)cc1)CC2.Cl,2.222157756
O=C(O)CCNc1nc(N2CCc3ccccc3CC2)cc(-n2ccnn2)n1,2.840733235
CO[C@]1(c2ccccc2)CCCC[C@@H]1CN(C)C,3.008082491
CCc1ccc(/C=N/n2c(C)nnc2-n2nc(C)cc2C)cc1,0.816316009
COCc1ncnn1-c1ncc(OC)c2c(C(=O)C(=O)N3CCc4c(cccc4-c4ccccn4)C3)c[nH]c12,0.748148895
CC(C)(C)OC(=O)N[C@@H](CC(=O)N1CCCCCN1C(=O)C[C@@H](Cc1cc(F)c(F)cc1F)NC(=O)OC(C)(C)C)Cc1cc(F)c(F)cc1F,0.654701031
O=C(O)CC(O)(CC(=O)O)C(=O)O.c1ccc(-c2cc(CNCC3COCCO3)c3nnnn3c2)cc1,1.454688736
OCCNc1nnc(-c2ccc(F)c(F)c2Nc2ccc(I)cc2F)o1,1.602081706
CN1CC[C@@](NC(=O)c2ccc3c(C4CCCC4)c(-c4cccc(N)n4)n(C)c3c2)(C(=O)Nc2ccc(/C=C/C(=O)O)cc2)C1,2.477121255
Cc1cccc(-n2ccnc2S(=O)(=O)C(C)C(=O)N(C(C)C)C(C)C)c1,0.458761691
CCc1nc(N)nc(N)c1-c1ccc2c(c1)N(CCCOC)C(=O)CO2,1.505122834
O=C(C1CCOCC1)N1CCC(Oc2nccnc2N2CCOCC2)C1,0.8981858975
Cc1cc(C(=O)O)nn1-c1ccc(S(C)(=O)=O)cc1,1.6674407875
CC1=C(c2ccc(F)cc2)S(=O)(=O)N=C1Nc1ccc2[nH]c(C(F)(F)F)nc2c1,1.4761874979999998
CCS(=O)(=O)c1ccc(Oc2cc3nc(-c4ccccn4)[nH]c3cc2C2CCCN2C(C)=O)cc1,1.623959337
CCC1(C(=O)Nc2cc(CN3CCOCC3)c(C)cn2)CCC1,1.489709364
CC(NS(C)(=O)=O)c1nnc(N2CC3(CCC3)c3ccccc32)n1C,2.0836913785
O=C(Nc1cccc(-c2nc(C3CC3)[nH]c2-c2ccnc(NCCN3CCNC3=O)n2)c1)Nc1ccc(Cl)c(C(F)(F)F)c1,1.477121255
Cc1cc(C)c(C#N)c(N2C[C@@H]3CCN(C)[C@@H]3C2)n1,1.7928859065
CCC1=NN2C(=NC(C(=O)O)=CC2c2ccc(O)cc2)N1,2.2578798315000004
C/N=C/C(=O)c1ccc(Cn2c(C)cc(OCc3ccc(F)cc3F)c(Br)c2=O)cc1,2.035125176
CC1(CN2CCN(c3ccc(F)cc3)CC2)Cn2cc([N+](=O)[O-])nc2O1,1.765674114
C1CN(CCC1C2(CCC(=O)NC2=O)C3=CC=CC=C3)CC4=CC=C(C=C4)I,2.079181246
O=C(Nc1cnn(-c2cccc(C(=O)Nc3cnn(C4CCNC4)c3)c2)c1)Nc1ccccc1Cl,2.05300157
COCCOc1cc2c(-n3nc(-c4ccccn4)nc3N)ncnc2cc1OC,2.380211242
COc1ccccc1OC[C@H](O)CO,3.1982954
CN(C)CCCOc1ccc(CN2CCC(NC(=O)c3ccco3)CC2)cc1,1.6625204555
Cn1cc(/C=C2\C(=O)NN=C2c2nccs2)c2c(OCc3cccc(F)c3)cccc21,1.00008685
[2H]C([2H])([2H])C(NC(=O)c1cc(-c2cc3c(C(=O)NC)c(-c4ccc(F)cc4)oc3nc2CCC(F)(F)F)ccc1OC)(c1ncon1)C([2H])([2H])[2H],1.176091259
CCNCC(=O)Nc1ccc(-c2nc(=O)n(CCOC)c3c2oc2ccc(-c4ccc5c(c4)CCN(C)C5)cc23)cc1,1.968482949
O=C(Nc1nccs1)C1Cc2ccccc2CN1S(=O)(=O)c1cccs1,0.535506341
CN1Cc2cc(C(F)(F)F)ccc2Oc2ccc(-c3cccc([C@H](O)CO)n3)cc21,2.343385842
Cc1cccc(CN(Cc2ccccn2)[C@@H]2CCNC2)c1C,1.380211242
CN1CCN(c2nc(O)c3c(-c4ccsc4)ccnc3n2)CC1,1.792924768
N=C(N)NOCCNC(=O)Cn1c(Cl)cnc(NCC(F)(F)c2ccccc2)c1=O,1.247973266
Cc1ccc(S(=O)(=O)c2nc(S(C)(=O)=O)sc2NC2CCS(=O)(=O)C2)cc1,3.315766141
CC(C)CCn1nc(-c2ccccc2)c(O)c(C2=NS(=O)(=O)c3cc(NS(C)(=O)=O)ccc3N2)c1=O,1.579760738
COC(=O)c1ccc(C2NN(C)C3C(=O)N(C(C)C)C(=O)C23)cc1,2.0830076005
C[C@@H](c1ccc(Cl)cc1)N1Cc2cncn2C(C[C@H](O)c2ccccc2)S1(=O)=O,1.176091259
CC1CCCC(C)C1NC(=O)Nc1cc(C#N)cn1C(C)(C)C,1.052241775
CN(c1ncnc2[nH]ccc12)C1CCCCC1,1.079181246
CC1=CC(=CC=C1)N(C)C(=S)OC2=CC3=C(CCC3)C=C2,0.28780173
COC(=O)N1CCC(n2ncc3c(N4CCOCC4)nc(-c4ccc(NC(=O)Nc5ccc(CCO)cc5)cc4)nc32)CC1,8.68502e-05
O=C1COc2c(Cl)cc(Cl)cc2N1Cc1nnc(C2CC2c2ccccc2)n1CCC(F)(F)F,0.915560026
[2H]C([2H])(C)OC(=O)c1ncn2c1CN=C(c1ccccn1)c1cc(C#C)ccc1-2,2.607886123
CCCSc1nc(OC)c(-c2ccccc2C)c(=O)n1C,1.0747693395
CC(C)n1nc(O)c2c1NC(=O)CSC2c1ccc(C(=O)O)cc1,1.9317549635
COC(=O)c1cccc(-n2sc3ccccc3c2=O)c1,2.109822749
CC(C)N(c1ccc(Oc2ccccc2C(F)(F)F)cc1C(=O)O)C(=O)[C@H]1CC[C@H](C)CC1,2.075473965
O=c1[nH]c2cc(-c3ccccc3Cl)ccc2c2[nH]c(-c3c(F)cccc3Cl)nc12,2.834228116
Cc1cc(NC(=O)C(C)(C(F)(F)F)C(F)(F)F)cc(CN2CCOCC2)c1C,1.249321963
COC1=CC=C(C=C1)SC2=C(C=C(C=C2)NC(=O)C3=CC=CC=C3Cl)C#N,1.5016517045
N[C@@H](Cc1ccc(Cl)cc1)c1nc2ccc(-c3cn[nH]c3)cc2c(=O)[nH]1,1.672079377
COCc1cc(N)c(Nc2ccc(C#N)cc2)cc1Oc1c(C)cc(CCC#N)cc1C,2.348491164
Cl.O=c1n(C[C@H](O)CO)c2ccccc2n1C1CCN(C[C@H]2[C@H]3CC[C@H](C3)C23CC3)CC1,1.528234791
O=C(c1ccc(Br)cc1NS(=O)(=O)c1ccc2c(c1)OCCCO2)N1CCCCC1,1.367777572
CS(=O)(=O)c1ccc(-c2cnc(N)c(-c3ccc(C#N)cc3)c2)cc1,2.544043227
COc1cnc(-n2cnc(C(F)(F)F)n2)c2[nH]cc(C(=O)C(=O)N3CCc4c(cccc4-c4ccccn4)C3)c12,0.416064654
C[C@]12CCC(=O)C=C1C[C@H]([C@H]3[C@]24[C@H](O4)C[C@]5([C@@H]3CC[C@@]56CCC(=O)O6)C)C(=O)OC,2.079181246
CC(C)CCn1nc(C2CCC2)c(O)c(C2=NS(=O)(=O)c3cc(NS(C)(=O)=O)ccc3N2)c1=O,1.278799314
C1=C(N=C(NC1=O)N)N,1.996642991
O=C(c1nccs1)N1CCN(c2nnc(-c3ccccc3)c3ccccc23)CC1,1.5024178
Cc1nc2n(c(=O)c1CCN1CCN(c3cccc4sccc34)CC1)CCCC2F,1.969362375
CC(C)(C)OC(=O)N1CCO[C@H](Cn2nnc3ncc(Br)nc32)C1,1.532092649
N#Cc1ccccc1Cn1c(N2CCC[C@@H](N)C2)ncc(I)c1=O,2.206771923
CN(C)CC1=C(OC2=CC=CC=C21)C(=O)NCCOC3=CC=C(C=C3)C(=O)NO,2.079181246
Nc1ncccc1-c1nc2cccnc2n1-c1ccc(CNC(=O)c2ccccc2)cc1,1.77815125
CCOP(=S)(OCC)OC1=NN(C(=N1)Cl)C(C)C,1.179551791
CN(C)CCOc1cc(-c2cn[nH]c2)ccc1NC(=O)C(N)c1ccc(Cl)cc1,1.146065989
O=[N+]([O-])c1cn2c(n1)OC(COCc1ccc(OC(F)(F)F)cc1)CC2,1.86914851
O=C(Nc1ccc(N2CCCS2(=O)=O)cc1)NC1CCCCC1,2.179036763
O=C(Nc1cccc(-c2ccc(OC(F)(F)F)cc2)c1)O[C@@H]1COc2nc([N+](=O)[O-])cn2C1,2.512332468
COc1ccccc1N(C)C(=O)c1cc(S(=O)(=O)N2CCOCC2)cn1C,1.3873145875
Cc1nn(C)c(C)c1S(=O)(=O)Nc1ccc(-n2nn[nH]c2=O)cc1,2.025601631
CN1CCN(CC1)CC(=O)N(C)C2=CC=C(C=C2)N=C(C3=CC=CC=C3)C4=C(NC5=C4C=CC(=C5)C(=O)OC)O,1.691081492
CC(C)(CCN(C[C@H]1Cc2ccccc2CN1)[C@H]1CCCc2cccnc21)CNC1CCOCC1,0.658051362
CCOCCn1cc(C(=O)NCc2ccc(Cl)cc2Cl)ccc1=O,1.380211242
Cc1cc2ccccc2n1CCNC(=O)c1cnc(Nc2ccccc2)nc1,1.8012640830000002
NCC1(c2ccc(-c3ccccc3)cc2)CCCCC1,1.959136831
CC(C)c1ccc(NC(=O)CCNS(=O)(=O)c2cc(Br)cnc2N)cc1,0.662338989
CS(=O)(=O)c1ccc(Oc2cc(NC(=O)N3CCC(O)(c4ccc(F)cc4)CC3)cc(Oc3ccc(F)cc3)c2)cc1,1.519005149
CC(=O)OC([C@H](C[C@@H]1CCNC1=O)NC(=O)[C@H](CC1CCCCC1)NC(=O)OCc1cccc(Cl)c1)S(=O)(=O)[O-].[Na+],1.370523571
O=[N+]([O-])c1cn2c(n1)OC[C@@H](OCc1ccc(OCc3ccccc3)cc1)C2,1.896644974
Cc1nc(C2CCN(C(=O)[C@@H]3CN(C(C)(C)C)C[C@H]3c3ccc(F)cc3F)CC2)n(-c2ccc(Cl)c(C)c2)n1,0.974090288
N[C@H]1CC[C@H](Nc2ccc3ncc(-c4ccc(Nc5ncc(F)cc5F)cc4)n3n2)CC1,1.856678062
CC1=CC(=O)C2=CC=CC=C2C1=O,1.056142262
CC(C)c1ccc(CNC(=O)CCCCNS(=O)(=O)c2ccccc2)cc1,1.197825476
CC(C)(C)CNCCS(=O)(=O)NC(=O)c1ccc(Nc2nc(NC3(c4ccc(Cl)cc4)CC3)nc(OCC(F)(F)F)n2)cc1,1.774373492
CCC(C)(C)c1nn(CCO)c2c1N=C(c1ccc(-n3cc(C)nc3C)cc1)CNC2=O,0.954242509
C1CCC(C(C1)NS(=O)(=O)C2=CC=C(C=C2)Cl)N3CCOCC3,0.785673696
CC(C)NCC(COC1=C(CCCC1)OCC=C)O,2.079181246
[2H]C([2H])([2H])N(C[C@H]1CCCC[C@]1(O)c1cccc(O)c1)C([2H])([2H])[2H],2.873320602
CC(C)(C)C1CCc2onc(C(=O)NCCCOc3ccccc3F)c2C1,2.6272682675
CS(=O)(=O)c1cccc(Oc2cccc(-n3c(-c4ccccc4)nc4c(C(F)(F)F)cccc43)c2)c1,1.041313715
COCc1nc2ccc(-c3ccccc3Cl)c(CN)c2n1C,2.300986564
Cc1c(NC(=O)c2cnn3cc(Br)cnc23)c(=O)n(-c2ccccc2)n1C,1.7875790495
CCc1cnc(NCCCn2ccnc2CC)nc1,3.003300532
COc1ccc2c(c1)C1CC1(C(=O)N1C3CCC1CN(C)C3)Cn1c-2c(C2CCCCC2)c2ccc(C(=O)NS(=O)(=O)CC3CC3)cc21,2.300986564
CCN(CC)S(=O)(=O)c1cc(C(=O)N2CCN(Cc3cnn(C)c3)CC2)c(Cl)cc1Cl,0.760974501
CC1(C)C(=O)N(c2ccc(C#N)c(Cl)c2)C(=S)N1c1cncc(S(N)(=O)=O)c1,2.306856127
Cn1c(-c2ccc(F)cn2)c(C2CCCC2)c2ccc(C(=O)NC3(C(=O)Nc4ccc(/C=C/C(=O)O)cc4)CCC3)cc21,2.222664457
COCCN(C(C)=O)c1nc(C)c(C(=O)Nc2nnc(C(C)C)s2)s1,2.3553301290000004
CCCc1nnc(-c2cc3ccccc3n2Cc2ccccc2)o1,1.34532655
CN1CCN(c2ccc(C3CC(c4ccc([N+](=O)[O-])o4)=NO3)cc2)C(=O)C1,2.516931809
COc1ccc(F)c(N2CCC(Oc3ccc(N4N=C(C(F)(F)F)[C@@H](C)[C@@H]4CC(=O)O)cc3)CC2)c1,1.442413463
FC(F)Oc1ccc2[nH]c(SCc3ccccn3)nc2c1,1.206771923
C=CC(=O)NCc1coc(-c2c(N)ncnc2Nc2ccc(OCc3ccccn3)c(F)c2)n1,1.431363764
COc1ccc2[nH]c(SCC(C)(C)C)nc2c1,1.773040046
CSc1nc2ccccn2c(=N)c1S(=O)(=O)c1ccc(OC(F)(F)F)cc1,0.447189051
C/C=C/Cn1c(C(=O)c2cc(C)cc(C)c2)c(CC)c(NCCO)nc1=O,1.302180899
C[C@@H]1CN(C(c2ccc(F)cc2)c2nnnn2Cc2ccccc2)CCN1C1CCC1,0.9029814
COC(=O)c1cc(Cl)ccc1C1CCN(CCN2CCc3ccccc3C2=O)CC1,0.6334088069999999
CC(C)CN1C(=O)CN(Cc2ccc(-c3ccc(F)c(CN4CCCC(F)C4)n3)cc2)C1=O,0.77815125
O=C(NCc1ccc(Br)cc1OC(F)(F)F)c1ccc(OCCC(F)(F)F)nc1,2.477121255
Oc1cc(-c2ccc(-c3ccc(Br)cc3)cc2)nn1-c1ccccn1,3.315766141
CNC(=O)c1c(-c2ccc(F)cc2)oc2nc(CCC(F)(F)F)c(-c3cc(C(=O)NC(C)(C)c4ncon4)c(=O)n(C)c3)cc12,2.079181246
CCc1cc(-c2ccc(C(F)(F)F)o2)n(-c2ccc3c(c2)nc(-c2cc(C(=O)N4CCCC4)ccc2O)n3Cc2cc(C)c(=O)n(C)c2)n1,1.00008685
C#Cc1ccc2c(c1)C(c1ccccn1)=NCc1c(C(=O)OCC)ncn1-2,3.372844524285714
Clc1ccc([C@]23CNC[C@H]2C3)cc1Cl,1.715368522
C[C@]12CC[C@H]3[C@H]([C@@H]1CC[C@@H]2C(=O)O)CCC4=CC(=O)CC[C@]34C,2.079181246
O=C1c2ccsc2CCC1N1CCN(c2ncccn2)CC1,0.8499449365
COc1nc(C(F)(F)F)c(Nc2nc(Cl)cn([C@H](C)C3CC3)c2=O)cc1C,1.423578423
C1CCC(CC1)NC(=O)CSC2=NC(=C(N=N2)C3=CC(=CC=C3)F)C4=CC(=CC=C4)F,1.033423755
C[C@H](NC(=O)c1cc(Cl)cnc1Oc1cccc(F)c1)c1ccc(C(=O)O)cc1,2.079181246
O=C(CN1C(=O)CC2(CCCC2)C1=O)Nc1cccc(-c2nc[nH]n2)c1,1.637785759
CCCC(C1=CN=CC=C1)NC2=NC(=NC=C2C)C3=CC(=C(C=C3)NC(=O)NCC)OC,1.484584529
CN(C[C@@H]1CCCN1C(=O)C[C@H](N)Cc1cc(F)c(F)cc1F)c1ccc(C#N)cn1,1.544043227
CN1CCN(c2nc(N)nc3c2oc2ccc(Cl)cc23)CC1,1.775486331
O=C(/C=C/c1cccc2c1N(Cc1ccc3ccccc3c1)C(=O)C2O)NS(=O)(=O)c1ccc(F)cc1,2.951175959
C[C@H](c1ccc(F)cc1)N1C(=O)O[C@](Cc2ccccc2)(c2nc3c(F)cccc3[nH]2)C1=O,1.568118514
CC[C@H]1OC(=O)[C@H](C)[C@@H](O[C@H]2C[C@@](C)(OC)[C@@H](O)[C@H](C)O2)[C@H](C)[C@@H](O[C@@H]2O[C@H](C)C[C@H](N(C)C)[C@H]2O)[C@](C)(O)C[C@@H](C)CN(CCNC(=O)NC(C)C)[C@H](C)[C@@H](O)[C@]1(C)O,2.079181246
CC(C1C=CC(S1)C(=O)C2=CC=CC=C2)C(=O)O,2.079181246
CCOC(=O)C1CCN(c2nc(-c3ccc(S(C)(=O)=O)cc3)ncc2OC)CC1,0.7018681055
COC(=O)c1sc2ncn(CC(C)=O)c(=O)c2c1C,1.131890071
CS(=O)(=O)c1cccc(Br)c1N1CCCC2(CNC(=O)O2)C1,2.122822467
O=C(CO)NCCn1c(=O)c(C(F)(F)F)nc2ccc(NCc3cccc(C(F)(F)F)c3)cc21,1.097647369
O=C(NCc1ccc(-n2cnnn2)cc1Cl)c1ccc(OCCC(F)(F)F)nc1,2.477121255
CC1c2c[nH]nc2-c2ccc(OCc3ccccc3)cc2N1S(=O)(=O)c1ccc(Cl)cc1,0.256761023
COc1ccccc1CNc1ncc(C(=O)NCCNC(C)=O)c(NC2CCCC2)n1,0.698952632
CCOC(=O)NNC1=NN=CC2=CC=CC=C21,1.987263954
C1=CC(=CC(=C1)Cl)NC2=NC=CC(=N2)C3=CC(=NC=C3)NCCCO,1.388988785
COc1ccc(C2=Nc3c(C(C)(C)C)nn(CCCO)c3C(=O)NC2)cc1-c1cnn(C)c1,2.079181246
N[C@H]1CC[C@H](n2cnc3cnc4[nH]ccc4c32)CC1,2.346352974
N#Cc1cccc(-n2c3ccccc3c3ccncc32)c1,0.878548992
Cc1cc(C)cc(COc2ccc(N(CCN)C(=O)c3cccnc3Cl)cc2)c1.Cl.Cl,1.591064607
Cc1ccc(Nc2nc(-c3cc(C(=O)Nc4ccccn4)no3)cs2)cc1,1.206771923
O=C(CN1CCCC(c2ccccc2)(c2ccccc2)C1=O)N1CCC(NC(c2ccccc2)c2ccccc2)CC1,0.478609772
CCCS(=O)(=O)c1ccc2[nH]c(C3CCOC(c4ccccc4)C3)nc2c1,1.683688244
COCCOc1cc2ncnc(N3CCN(C(=O)Nc4ccc(OC(C)C)cc4)CC3)c2cc1OC,2.041313715
COC(=O)c1ccc(C(F)(F)F)nc1OC(C)C(=O)Nc1ccccc1,0.343833438
CNc1nc(NCCCN(C)C)c2sc(-c3cccc(C(F)(F)F)c3)cc2n1,1.492732459
Cc1cc(C(=O)NCCCN2CCCC2=O)cs1,2.1915048485
COc1ccc2nc3cc(Cl)ccc3c(N/C(=N/CCCN3CCCCC3)C(C)C)c2n1,0.954242509
COc1c(Cl)c(Nc2ccc3[nH]ncc3c2)nc(NC(C)C)c1Cl,1.554295939
O=c1cc(N2CCOCC2)nc(NCc2cccc3ccccc23)[nH]1,1.612762671
COc1ccc(-c2csc3c(-c4ccc(S(C)(=O)=O)cc4)cnc(N)c23)cn1,2.397974751
CCOC1=NN=C(C=C1)NS(=O)(=O)C2=CC=C(C=C2)N,2.079181246
O=C(N[C@@H](Cc1c[nH]c2ccc(O)cc12)C(=O)Nc1ccncc1)C1CCCCC1,1.934397441
CCOC(=O)c1cc(-c2ccc(S(=O)(=O)NC(C)(C)CC)s2)on1,0.256761023
C[C@@H](NC(=O)c1ccc(F)cc1)[C@H](O)c1ccccc1,2.181806299
Cc1cn(C)c(CC(=O)NCCCN2CCC(Cc3ccccc3)CC2)c1C(=O)O,2.5839256135
CC(=O)Nc1nc(C)c(-c2nc(CC(F)(F)F)no2)s1,1.64685294
O=C1CCCC2=C1C(c1ccc3c(c1)OCO3)Nc1ccc(C(=O)c3ccccc3)cc1N2,1.0933867115
Cc1cccc(Cn2c3cc(=O)n(CCC4C=Nc5ccccc54)c(C)c3c(=O)n2-c2ccccc2)c1,1.028086562
c1ccc2c(c1)C1CCCCC1N2c1ncnc2[nH]ccc12,1.176091259
Cc1cc(-c2ccc(Cl)c(C(=O)NCC3(O)CCCCCC3)c2)nn1C[C@@H](O)CN.Cl,2.079181246
Cn1c(=O)c2c(nc(C(=O)N3CC[C@H](NC(=O)OC(C)(C)C)C3)n2Cc2ccccc2)n(C)c1=O,0.885785226
CCCNC(=O)C1CCN(C(=O)c2cc3scnc3n2Cc2ccc(OC)cc2)CC1,1.442511125
COc1cccc(-c2nc3c(C(=O)Nc4cnccc4C)ccnc3[nH]2)c1,0.986333752
CC(=O)Nc1cccc(C2CCN(CCCn3c(-c4ccc(Cl)cc4)nc4ccccc43)CC2)c1,2.834228116
CC(C)(C)CNCCN1C2=C(C(=NC=C2)N)N=C1SC3=CC4=C(C=C3N(C)C)OCO4,0.50242712
CC1c2c[nH]nc2-c2ccncc2N1S(=O)(=O)c1ccc(Cl)cc1,0.868713578
C=C(C)[C@@H]1CC[C@]2(C(=O)NCc3ccccc3-c3ccccc3)CC[C@]3(C)[C@H](CC[C@@H]4[C@@]5(C)CC[C@H](OC(=O)CC(C)(C)C(=O)O)C(C)(C)[C@@H]5CC[C@]43C)[C@@H]12,1.080669764
COC(=O)Nc1ccc2c(c1)NC(=O)CC/C=C/C[C@H](NC(=O)c1c(F)cc(C)cc1F)c1nc-2c(Cl)[nH]1,1.230397825
O=C(NC1CCCCC1)n1c(=O)n(CCN2CCOCC2)c2ccccc21,0.602081706
CCCC[C@H](NC)C(=O)N[C@H]1CC[C@@H]2CN(S(=O)(=O)c3ccc(C(F)(F)F)cc3)C[C@@H]21,1.490974636
O=C(N[C@@H](Cc1c[nH]c2ccccc12)C(=O)Nc1ccncc1)c1ccc(-c2ccc(F)cc2)cc1F,1.278799314
CC(C)OC(=O)C1=CN(C(=O)c2ccc(OCCN3CCOCC3)cc2)CC(C)(C)c2c1[nH]c1cc(F)ccc21,1.397974751
Cc1ccc(NC(=O)[C@H](CC2CCCC2)n2ccc(S(C)(=O)=O)cc2=O)nc1,2.079181246
CC1(C)CN(c2ccccc2NC(=O)Nc2ccc(OC(F)(F)F)cc2)c2c(O)c(F)cc(-c3ccc(F)cc3)c21,1.49224112
CCOC(=O)C1=C2CN(C(=O)C3=C(N2C=N1)C=CC=C3I)C,2.044343735
CS(=O)(=O)N1CC(c2noc([C@@H]3CCCN3C(=O)C[C@H](N)Cc3cc(F)c(F)cc3F)n2)C1,2.079181246
CCOc1cc(NC(=O)C2(NC(=O)c3ccc4c(C5CCCC5)c(-c5ncc(Br)cn5)n(C)c4c3)CCC2)ccc1/C=C/C(=O)O,2.187577119
Cc1ncc2c(c1-c1nn[nH]n1)-c1ccccc1CC2,1.911080606
CCCc1cc(N2CCN(C(=O)c3ccc(C#N)cc3F)CC2)nc2nnc(CC)n12,2.5827321935
CCCCc1nn(CCC(C)C)c(=O)c(C2=NS(=O)(=O)c3cc(OCC(N)=O)ccc3N2)c1O,1.00008685
O=C(O)c1ccc(NC(=O)[C@@H]2c3cccc(N4CCOCC4=O)c3CCN2C(=O)/C=C/c2c(-n3cnnn3)ccc(Cl)c2F)cc1,1.602081706
COc1cc2c(Nc3ccc(Br)cc3F)ncnc2cc1OCCCN1CCOC(CO)C1,2.6280851885
Cc1nc(N2CCN(C)CC2)c2nc(-c3ccccc3F)n(C3CCOCC3)c2n1.Cl,0.955731027
CC(C)(C)CCN1C(=O)C(C2=NS(=O)(=O)c3ccccc32)=C(O)[C@@H]1C(C)(C)C,1.00008685
O=C1CCc2cc3oc(-c4ccc(F)cc4)nc3cc21,3.315766141
CC(=O)O[C@@H]([C@H]1C[C@@H](C)[C@H]2[C@H](O1)[C@H](O)[C@@]1(C)[C@@H]3CC[C@H]4C(C)(C)[C@@H](O[C@H]5CN([C@H]6CCNC6=O)CCO5)CC[C@@]45C[C@@]35CC[C@]21C)C(C)(C)O,1.954301404
CNC1=C(c2cc(C)cc(C)n2)C(=O)C(c2ccccc2Cl)O1,1.594850102
CC1CCN(C(=O)C2CCC(=O)C2)CC1N(C)c1ncnc2[nH]ccc12,1.477121255
CC1=CC=C(C=C1)C2=CC=CC=C2C#N,0.0
Clc1cc(Cl)cc(-c2ccc(CNCc3ccncc3)o2)c1,1.531119439
C=Cc1cc(C(NC(=O)OC(C)(C)C)C(=O)Nc2ccc(C(=O)NS(=O)(=O)c3ccc(C(F)(F)F)cc3)cc2)ccc1Oc1cc(OC)nc(-c2ccccc2)n1,1.740378482
O=C(NCC1CCOCC1)c1nn(-c2ccc(F)cc2F)c2c1C[C@H]1C[C@@H]21,1.77815125
Cc1cccc(NC(=O)c2nc(C)n(-c3ccc(F)c(Cl)c3)c2C)n1,1.880927865
O=c1c(-c2ccccc2)c2ccccn2c(=O)n1CCCCN1CC=C(c2c[nH]c3ccc(Br)cc23)CC1,1.9352967185
O=S(=O)(c1ccc(F)cc1)N1c2ccccc2-c2n[nH]cc2C1C1CC1,0.915560026
COC(=O)c1scc2c(NCCc3ccc(F)cc3)c(C(C)=O)c(=O)[nH]c12,0.5493634940000001
C#CCN1CCC(CCn2c(Sc3cc4c(cc3Br)OCO4)nc3c(N)ncnc32)CC1,1.080669764
COC(=O)C1=CC=CC=C1NC(=O)C2=CC=C(C=C2)F,1.825225833
Cl.NCCN(C1CCOCC1)S(=O)(=O)c1ccc(C2CCCCC2)cc1,2.268503998
CC(C)N1C[C@@H]2C[C@H]1CN2c1cc(F)c(-c2ccnc3c(-c4cccc5[nH]ncc45)c(-c4ccncc4)nn23)c(F)c1,0.698952632
CC[C@H]1OC(=O)[C@H](C)[C@@H](O[C@H]2C[C@@](C)(OC)[C@@H](O)[C@H](C)O2)[C@H](C)[C@@H](O[C@@H]2O[C@H](C)C[C@H](N(C)C)[C@H]2O)[C@](C)(O)C[C@@H](C)CN(CCCNC(=S)NCCCc2ccccc2)[C@H](C)[C@@H](O)[C@]1(C)O,2.079181246
CCC1=NOC(=N1)C2=CC(=C(C=C2)NCC3=CC=CC=C3)[N+](=O)[O-],0.64246452
Cc1cc(-c2ccc(S(=O)(=O)N3CCOc4ccccc43)s2)n[nH]1,0.8458228130000001
CN1CCc2cc(-c3ccc4oc5c(-c6ccccc6)nc(=O)n(CCN6CCCC6C(N)=O)c5c4c3)ccc2C1,1.863441829
CCCCOc1ccc(-c2nc(C)c(/C(C)=N/NC(=N)N)s2)cc1,2.380211242
COc1cccc(C(=O)CCc2cnnn2-c2ccccc2)c1,1.024338273
CNS(=O)(=O)c1ccc(CNC(=O)c2ccc(OCCC(F)(F)F)nc2)c(Cl)c1,1.908485019
Nc1ncnc2c1nc(Sc1cc3c(cc1Br)OCO3)n2CCc1ccccc1Br,0.779639768
Cc1[nH]nc2c1C(c1cc(F)cc(N3CCC(C(=O)O)CC3)c1)(C(C)C)C(C#N)=C(N)O2,2.354146871
O=C(c1ccc2c(c1)CC(c1nc3ccc(-c4cn[nH]c4)cc3c(=O)[nH]1)CO2)C1CC1,2.338416648
O=C(O)c1cc2cc(-c3ccncc3)c3ccccc3c2o1,1.6568432385
c1ccc2c(c1)CN[C@@H](CN(CCCCNCC1CCSCC1)[C@H]1CCCc3cccnc31)C2,0.992500987
Cc1ccc(S(=O)(=O)Nc2ccc3nc(N4CCN(c5ccccc5)CC4)cc(C(=O)O)c3c2)cc1.Cl.Cl.Cl,1.8006328545
Cc1cc(Nc2ccc3ccccc3c2)n2ncnc2n1,1.255272505
N/C(=N/O)c1ccc2[nH]c(-c3cccc(-c4ccccc4O)c3O)cc2c1,1.668807568
Fc1cc(F)cc(-c2noc3ncnc(Nc4ccc(-c5ccno5)cc4)c23)c1,1.1947327455
Cc1nc(C)c(-c2csc(Nc3ccc(C(=O)N4CCN(c5ncc(C(F)(F)F)cn5)C[C@@H]4C)cn3)n2)s1,1.757032175
C1=CC(=CC(=C1)NC(=O)CN2C=NC3=C(C2=O)C(=NO3)C4=CC=C(C=C4)F)C(F)(F)F,1.605951158
CC(C)COC(=O)C1=CC=C(C=C1)N,1.056523724
CC[C@@H]1C(=O)N(C)c2cnc(-n3ccnc3-c3ccccc3)nc2N1c1cncnc1,1.541363925
CCCn1c(=O)oc2cc(NC(=O)Nc3ccccc3OCC)ccc21,1.774392868
CN1C(=O)N(C)C2(CCN(CCOc3ccccc3)C2)C1=O,3.2852807535000004
Clc1ccc2c(NCCCNCc3ccc(-c4ccccc4)s3)ccnc2c1,1.653212514
CC(C)C1=CC=C(C=C1)N2C3=C(C=N2)C(=O)N(C=N3)CC(=O)NC4=C(C=CC(=C4)F)Cl,1.378761175
Nc1ncc(-c2ccc(C(=O)N3CCOCC3)cc2)nc1-c1ccc(C(F)(F)F)cc1,2.397974751
CCNCC1=NC2=C(N1CC(C)(C)O)C3=CC=CC=C3N=C2N,2.079181246
COc1cccc(CNC(=O)c2cc3ccc(-c4ccnc(N)n4)cc3[nH]2)c1,1.230397825
CSc1nc2ccccn2/c(=N\C(C)=O)c1S(=O)(=O)c1ccccc1,1.633488655
Cn1c(=O)c(F)c(Nc2ccc(I)cc2F)c2c(=O)n(OC[C@H](O)CO)cnc21,1.544043227
CS(C)(=O)=Nc1ccc(C(F)(F)F)cc1,2.114010162
O=[N+]([O-])c1cn2c(n1)O[C@@H](COc1ccc(-c3ccc(F)cc3)nc1)CC2,1.882797669
COc1ccc(C2c3cccn3-c3sc4c(c3CN2C(=O)NC(C)C)CCCC4)cc1,0.8196390535
COc1ccc2nc(NC(=O)C(CC3CCCC3)c3ccc(S(=O)(=O)N(C)CCO)cc3)sc2n1,1.00008685
COC[C@@H]1[C@@H](NC(=O)c2c(OC)cc(=O)n3c2CCNCC3)[C@@H]2CCO[C@H]12,3.315766141
CCOc1cc(NC(=O)C2(NC(=O)c3ccc4c(C5CCCC5)c(-c5ccc(F)cn5)n(C)c4c3)CCC2)ccc1/C=C/C(=O)O,1.857332496
CCC(C)NC(=O)c1nc(-c2cccs2)[nH]c(=O)c1O,2.602081706
CNc1nccc(-c2[nH]c(C3CC3)nc2-c2cccc(NS(=O)(=O)Cc3ccc(Cl)c(Cl)c3)c2)n1,1.609674042
COc1cc(C)c(Cc2ccc(C(C)C)cc2)cc1[C@@H]1S[C@H](CO)[C@@H](O)[C@H](O)[C@H]1O,2.042355846
CN1CCN(c2cc(Cl)c(C(=O)Nc3cccc(-c4nc5ccccc5s4)c3)cc2[N+](=O)[O-])CC1,2.29666519
Cc1ccccc1-c1c(=O)n(CCCCN2CC=C(c3c[nH]c4ccc(F)cc34)CC2)c(=O)n2ccccc12,1.898828903
CN1CCC(Nc2cc(-c3ccc(C(F)(F)F)cc3)c(C#N)c3nc4ccccc4n23)CC1,1.859033917
CCCn1c2c(c(O)c(C(=O)OCC)c1=O)CCCC2,1.684592363
O=C(c1ccccc1)c1cc(Cl)ccc1Nc1cc(Br)cc2c1N(c1ncccn1)CC2,1.0892471815
CC(=O)c1c(Nc2ccc(F)cc2)nn(-c2ccccc2)c1C,0.8775358945
O=[N+]([O-])c1cn2c(n1)OC[C@H](OCc1ccc(-c3ccc(F)cc3)cn1)C2,1.994920216
COc1cccc(CNC(=O)c2c[nH]c3cc(-c4ccncc4)ccc23)c1,1.00008685
CC(C)COc1cc(=O)n2c(c1C(=O)NC1CCN(C)CC1)CCCCC2,3.315766141
N[C@@H](CC(=O)N1CCC[C@H]1c1nc(-c2ncc(F)cc2F)no1)Cc1cc(F)c(F)cc1F,2.079181246
C=CCCCS(=O)(=O)NC(=O)c1ccccc1NC(=O)[C@@H](NC(=O)OC(C)(C)C)c1ccc(Oc2cc(OC)nc(-c3ccccc3)n2)c(C=C)c1,1.322219295
O=C(Nc1cc2cc[nH]c(=O)c2cc1Cl)[C@@H]1CCNC1,2.477121255
Cc1nc(O)cc(COCc2ccccc2)c1C#N,1.3363134795
CS(=O)(=O)c1ccc(C(CCNC(=O)c2ccc(OCC(F)(F)F)nc2)c2ccc(F)cc2)cc1,2.477121255
Cc1cc(NCC2CCCCN2)n2nc(C)c(-c3ccccc3)c2n1,1.499866027
CC(C)(C)SC1=C(N(C2=C1C=C(C=C2)OCC3=NC4=CC=CC=C4C=C3)CC5=CC=C(C=C5)Cl)CC(C)(C)C(=O)O,1.531989551
O=C(N[C@H](CO)c1ccccc1)c1nn(-c2ccc(F)cc2F)c2c1C[C@H]1C[C@@H]21,1.447189051
COC(=O)N[C@H](C(=O)N1CCC[C@H]1C(=O)Nc1ccc([C@@H]2CC[C@@H](c3ccc(NC(=O)[C@@H]4CCCN4C(=O)[C@@H](NC(=O)OC)C(C)C)cc3)N2c2ccc(C(F)(F)F)cc2)cc1)C(C)C,1.5024178
COC(=O)c1ccc(/C=C(\COc2cccc3ccccc23)CN(CCCN(C)C)C(=O)OC(C)(C)C)cc1,1.425365184
CC(C)(C)NC(=O)Nc1nc(Cl)c(CCC2CCCCC2)n(CC(=O)Nc2ccccc2C(=O)NS(=O)(=O)c2ccc(C(F)(F)F)cc2)c1=O,1.431363764
CC1(C)CN(c2ccccc2NC(=O)Nc2ccc(OC(F)(F)F)cc2)c2c(O)c(F)cc(-c3ccc(Cl)cc3)c21,1.734181218
Cc1cc2c(c(O)c1-c1c(C)cc3c(c1O)C(=O)C(O)C3C(C)C)C(=O)C(O)C2C(C)C,1.551955759
CN1CCc2nc(C(=O)N[C@@H]3CCC[C@H]3NC(=O)c3cc4cc(Cl)ccc4[nH]3)sc2C1.Cl,1.473343496
CN1CCc2nc(C(=O)NC3CCCCC3NC(=O)c3cc4cc(Cl)ccc4[nH]3)sc2C1,0.886377907
CC(C)[C@]1(C(=O)N2C[C@@H]3C[C@H]2CN3C(=O)C2CCCC2)CC[C@@H](NC2CCOCC2)C1,2.079181246
Cc1[nH]ncc1-c1ccc2nc(C3COc4ccccc4C3)oc2c1,1.845222106
CC(C)C(C(=O)NC(=O)N)Br,2.079181246
CCOC(=O)CCC(CP(=O)(O)O)C(=O)OCC,2.512332468
CCc1nc(N)nc(N)c1-c1ccc2c(c1)N(CCNC(C)=O)C(=O)C(C)(C(F)(F)F)O2,2.079181246
CCc1nc(N)nc(N)c1-c1ccc2c(c1)N(CCNC(=O)OC)C(=O)C(C)(c1cc(F)cc(F)c1)O2,1.819543936
C[C@@](CCN1C=CC(=CC1=O)C2=C(C=C(C=C2)OC)F)(C(=O)NO)S(=O)(=O)C,2.079181246
Cc1nc(C2CCN(C(=O)[C@@H]3CNC[C@H]3c3ccc(F)cc3F)CC2)n(-c2ccc(Cl)c(Cl)c2)n1,1.595614978
CCN(CCCN(C)C)S(=O)(=O)c1ccc(S(=O)(=O)CC)cc1,2.3485970225
CC(=O)C1=CC(=C(C=C1)OCCCN2CCC(CC2)C3=NOC4=C3C=CC(=C4)F)OC,1.398981067
COc1ccc(-c2ccc(C3(Cc4nnn[nH]4)C4CC5CC3CC(C4)C5O)cc2)cc1,2.049307415
COc1ncnc(N)c1CNCCC1=CCOCC1,1.6681586455
CC(C)(C)c1ccc(C(=O)Nc2cc(-n3cnnn3)ccc2N2CCOCC2)cc1,1.892057415
C1CC(N(C1)C(=O)C2=CC=CC(=C2)C3=CC=CC=N3)C(=O)NC4CC4,2.079181246
OC[C@@H]1[C@@H](O)[C@H](O)[C@@H](O)CN1CCCCCCOc1cc(F)ccc1F,2.644415838
Cn1c(=O)c2sc3c(c2n(CCN2CCCCC2)c1=O)CCCC3,1.8142568955
CCC1=NN=C(S1)NC(=O)C2=CC=C(C=C2)NS(=O)(=O)C3=CC=CC=C3,2.053611303
Cc1cc(-c2ccccc2)nc2c(Br)c(=O)[nH]n12,1.325367011
COc1cccc(-n2nc3c4cc(Cl)ccc4[nH]cc-3c2=O)c1,2.3081051215
CCc1[nH]nc(NCc2cc(Cl)cc(Cl)c2OC)c1C,0.507749309
O=C(NCc1ccc(S(=O)(=O)c2ccccc2)cc1)c1ccc2ccncc2c1,1.427789154
Cc1nc2nc(CCc3ccccc3)nn2c(C)c1Cl,1.314254595
COc1ccc(-c2nc3c(N4CCN(C)CC4)nc(C)nc3n2C2CCOCC2)c(C)c1.Cl,1.124641826
CCCC1=CC=C(C=C1)C(=O)O,2.079181246
COCCCNC(=O)C(=O)NC1=C2CSCC2=NN1C3=CC(=CC=C3)Cl,1.395326393
CCC1=C(C(=O)CC2CCCCC2)[C@H](c2ccc(O)c(Cl)c2)NC(=O)N1,1.255272505
CCCCNC1=NC=C(C(=N1)NC2CCC(CC2)O)C(=O)NCC3=CC=C(C=C3)N4C=CN=C4,1.518250651
O=C(NCc1ccc(S(=O)(=O)c2cccc(C(F)(F)F)c2)cc1)c1cc2ccncc2o1,1.452268895
CC(C)C(=O)NC(C1=C(C2=C(C=CC=N2)C=C1)O)C3=CC=CO3,1.768036655
CO[C@@H]1COCC[C@@H]1N[C@@H]1CC[C@@](C(=O)N2C[C@@H]3C[C@H]2CN3C(=O)CC(C)(C)C)(C(C)C)C1,2.079181246
CC(C)(C)NC(=O)Cn1c(-c2cccc(OC(F)(F)F)c2)cc2cc(C(C)(C)C(=O)NC(C)(C)C)ccc21,0.937407965
CN1CCc2nc(C(=O)N[C@@H]3CC[C@H](C(=O)O)C[C@@H]3NC(=O)c3cc4cc(Cl)ccc4[nH]3)sc2C1,2.234385893
Cc1nc(C2=C(N)N(C3CS(=O)(=O)CC3O)CC2=O)sc1C,3.315766141
O=S(=O)(NCC(c1ccco1)S(=O)(=O)c1ccccc1)c1ccc(Oc2ccccc2)cc1,0.8070854995000001
O=C(O)CC1(c2cccc(F)c2)C2CC3CC(C2)CC1C3,1.57054366
CC(C)N1C(=O)CN(Cc2ccc(-c3cccc(CN4CCCCC4)n3)cc2)C1=O,1.908485019
CC1(COc2ccc(Br)cc2)CCC(C(C)(C)C)=NO1,1.6729325065
CC1=NC=C(C=C1)OC2=C(C=C(C=C2)NC3=NC=NC4=C3C=C(C=C4)C=CCNC(=O)COC)C,1.35564305
CC1c2c[nH]nc2-c2cc(Cl)sc2N1S(=O)(=O)c1ccc(C(F)(F)F)cc1,0.773065702
CC(NS(C)(=O)=O)c1nnc(N2CCC(C(C)(C)C)C2)n1CC1CCCCO1,1.1389625965
C#Cc1cnc(N2CCC[C@@H](N)C2)n(Cc2ccccc2C#N)c1=O,2.300986564
O=C(NCc1ccc(S(=O)(=O)c2cc(F)cc(F)c2)cc1)c1ccc2nccn2c1,1.515256251
O=C1NN=C(c2ccc(F)cc2)Cn2c1cc1ccccc12,0.971362231
CN(C)CCS(=O)(=O)NC(=O)c1ccc(Nc2nc(NC3(c4ccc(Cl)cc4)CC3)nc(OCC(F)(F)F)n2)cc1,1.774373492
Cn1nc(-c2cccc3ccccc23)cc1C(=O)N1CCC(CO)CC1,1.91975519
CC(C)C(=O)N1C[C@@H]2C[C@H]1CN2C(=O)[C@@]1(C(C)C)CC[C@@H](NC2CCOCC2)C1,2.079181246
CNC(=O)c1ccc(C)c(-n2c(C)cc(OCc3ccc(F)cc3F)c(Br)c2=O)c1,2.760357736
CC(=O)O[C@H]1C[C@H]2[C@@H]([C@H](OC(C)=O)C[C@@H]3C[C@H](O)CC[C@@]32C)[C@@H]2CC[C@H]([C@H](C)CCCNCCCNc3ccnc4cc(Cl)ccc34)[C@@]12C,0.9029814
CCOc1ccccc1C[C@@H](c1ccccc1)N1CCNCC1.Cl,1.880927865
CCN(CC)CCCC(C)NCc1c(C)nn(-c2ccc(F)cc2)c1C,1.7480080435
COCOc1c(OC)cc(C(=O)c2csc(-c3ccccc3)n2)cc1OC,0.892094603
CC(C)(C)NC(=O)Nc1nc(Cl)c(COCc2ccccc2)n(CC(=O)Nc2ccccc2C(=O)NS(=O)(=O)c2ccc(C(F)(F)F)cc2)c1=O,1.908485019
Cc1c(Cl)cccc1CN(C1CCOCC1)[C@H]1CCNC1,2.079181246
CCCc1noc2c1C(=O)CC(c1c(C)cc(C)cc1C)C2,1.5329944320000002
CC(=O)CC[C@H]1C(=O)N[C@@H](C(C)C)C(=O)N[C@@H](Cc2cccc(O)c2)C(=O)N2CCCC(N2)C(=O)O[C@H](/C(C)=C/C=C/C(=O)Nc2ccc(-c3ccccc3)cc2)C/C=C/C=C/[C@H](O)[C@H](C)[C@H]1O,0.36169007
C[C@]12CC[C@@H](NC(=O)C3CC3)CC1=CC[C@@H]1[C@@H]2CC[C@]2(C)C(n3ccnc3)=CC[C@@H]12,8.68502e-05
Clc1cccc(CN(CC2CC2)[C@@H]2CCNC2)c1Cl,2.079181246
O=C(NCc1ccc(S(=O)(=O)c2ccccc2)cc1)c1cnc2nccn2c1,1.609674042
N#Cc1cccc(CN[C@H]2CC[C@H](n3cnc4cnc5[nH]ccc5c43)CC2)c1,1.681241237
O=S1(=O)CCC(S(=O)(=O)N2CCN(c3ccccc3)CC2)C1,2.6012116365
O=[N+]([O-])c1cn2c(n1)OC(CN1CCN(c3ccc(F)cc3)CC1)CC2,2.408072758
C[C@@H](NC(=O)c1ccc2c(c1)nc(-c1ccoc1)n2C1CCCCC1)C(=O)Nc1ccc(/C=C/C(=O)O)cc1,3.421603927
CC1CCN(C(=O)c2ccsc2)CC1N(C)c1ncnc2[nH]ccc12,1.322219295
O=c1c2sccc2ncn1C1CCc2ccccc2N=C1O,2.201031816
O=C1Nc2ccccc2C2(CCN(C(=O)N[C@H](Cc3csc4ccccc34)C(=O)N3CCC(N4CCCCC4)CC3)CC2)N1,1.543172303
CC(=O)CC1c2ccc(Br)cc2NC(C)(C)C(=O)N1OCc1ccccc1,2.3678285325
CC[C@H](C1CC1)n1cc(Cl)nc(Nc2cc(C)c(OC)nc2C)c1=O,1.01258811
CC[C@@H]1C(=O)c2[nH]ncc2[C@H](CC)N1S(=O)(=O)c1ccc(Cl)cc1,0.868713578
CC(C)(C)C[C@@H]1N[C@@H](C(=O)N[C@H]2C[C@H](O)C2)[C@H](c2cccc(Cl)c2F)[C@]12C(=O)Nc1cc(Cl)ccc12,1.73321332
CC(C)(C)c1cc(NC(=O)[C@@H]2CCCCN2CC2CC2)no1,0.954242509
CCc1cnc(NC(=O)C(C)(C)CC)cc1CN1CCOCC1,1.285001889
Cl.N#Cc1c(-c2ccc(C(F)(F)F)cc2)cc(NCCCN2CCOCC2)n2c1nc1ccccc12,1.016949813
CO[C@@H]1COCC[C@@H]1N[C@@H]1CC[C@@](C(=O)N2C[C@@H]3C[C@H]2CN3C(=O)C(C)(C)C)(C(C)C)C1,2.079181246
N#CC1(n2cc([C@@H](NC(=O)c3cscn3)C3CCCCC3)nn2)CC1,1.690213806
CN1CCN(Cc2cc3nc(-c4cccc(O)c4)nc(N4CCOCC4)c3s2)CC1,2.107042763
CN(C)CCCNc1nc(N)nc2cc(-c3ccc(C(F)(F)F)cc3)sc12,2.2716892415
C1=CC=C2C(=C1)C(=O)C3=C(C2=O)C(=C(C=C3O)O)O,1.776773802
CCN1CC(C)(C)OC(=O)C1CC(=O)NCc1cccc(-c2ccccc2)c1,0.77815125
O=C(CC1CCN(C(=O)c2cccc(C#Cc3ccccn3)c2)CC1)Nc1ccccc1,1.773952249
CCOc1ccc(CNC(=O)C(NS(=O)(=O)c2ccc3c(c2)CCCC(=O)N3)C(C)C)cc1,1.702066776
CCOCCn1nc(CC)c2nc(NC3CCN(CC)CC3)nc(Nc3cc(C)ccn3)c21,1.367777572
C[C@@H]1CCCN1CCCOc1ccc(C(=O)C(C)(C)N2CCOCC2)cc1,0.9029814
O=C(CC(c1ccccc1)c1ccccc1)N1CCN(c2ccccn2)CC1,0.9610670255
CN(C)CCCn1c(-c2ccccc2)c(-c2ccccc2)c2c1ncn1nc(-c3ccncc3)nc21,1.436465113
O=C(c1ccc(Oc2cccc(F)c2)nc1)N1CCCN(C2CCC2)CC1,3.315766141
CSc1nc2ccccn2c(=N)c1S(=O)(=O)c1ccc(F)cc1,0.491389712
CC(C)CCn1nc(N2CCCCC2C)c(O)c(C2=NS(=O)(=O)c3cc(NS(C)(=O)=O)ccc3N2)c1=O,0.698952632
CCCNC(=O)C1CCN(C(=O)c2cc3cc(Br)ccc3n2Cc2ccc(OC)cc2)CC1,0.595518267
Cc1csc2c(N3CCC(S(=O)(=O)NC(C)C)C3)ncnc12,2.142020167
Cc1ccc(-c2noc(CCC(=O)NC(C)c3ccc(Cl)cc3)n2)c(=O)n1C(C)C,0.6857238480000001
CC(C)CCn1nc(-c2cccs2)c(O)c(C2=NS(=O)(=O)c3cc(-c4cnn[nH]4)ccc3N2)c1=O,1.204174266
O=C(Cc1ccc(C(F)(F)F)c(F)c1)Nc1c(Cl)ccc2c(=O)n(CCO)ccc12,2.346352974
CC(C)(C)c1cc(NC(=O)[C@@H]2CCCCN2C(=O)C2CCS(=O)(=O)CC2)no1,2.079181246
Cc1nc(N2CCC(N3CCOCC3)CC2)nc2ccc(NC(=O)COc3ccc(OC(F)(F)F)cc3)cc12,1.595614978
CCO/N=C(/c1ccc(F)c(F)c1)c1ccc(CN2CCC3(CC2)OCc2cn(C)c(=O)cc23)cn1,1.731739325
O=C(CCc1cnnn1Cc1ccccc1)c1ccccc1,1.273147309
CN1CCN(CCCN(C(=O)Nc2ccc(F)c(C(F)(F)F)c2)C2CCC3(c4ccc(C#N)cc4)CC23)CC1,1.886377907
COc1ccc(CC(=O)Nc2ccsc2-c2n[nH]c(C(F)(F)F)n2)cc1,1.783298428
CC(C)[C@]1(C(=O)N2C[C@@H]3C[C@H]2CN3C(=O)NC(C)(C)C)CC[C@@H](NC2CCOCC2F)C1,2.0253878
Cn1nc2n(c1=O)CCC(NC(=O)CCC1CCCCC1)CC2,1.9091686015
CS(=O)(=O)c1ccc(-c2cnc(N)c(-c3ccc(C(F)(F)F)nc3)c2)cc1,2.578069039
O=c1ccc(-c2ccc(OCc3ccc4ccccc4n3)cc2)c(-c2ccncc2)[nH]1,2.217033764
CN(CCOc1ccccc1C(C)(C)C)C(=O)Nc1ccccc1C(=O)O,0.663783655
O=C1c2ccccc2C2CC(c3ccc(-c4ccccc4)cc3)=NN12,1.294942806
CC1(CCC2CC(CC1N2C)OC(=O)C(C3=CC=CS3)(C4=CC=CS4)O)C,1.423245874
C/C(=C1/C(=O)Nc2ccc(NC(N)=O)cc21)c1cc(CNC(=O)c2cccnc2)c[nH]1,2.270392371
COc1cc2c(Nc3ccc(Br)c(C)c3)ncnc2cc1OCC1CN(C)CCO1,1.290987295
O=C(NS(=O)(=O)CCNC(=O)C1CC1)c1ccc(Nc2nc(NC3(c4ccc(Cl)cc4)CC3)nc(OCC(F)(F)F)n2)cc1,1.818147574
CCN(CCCNC(=O)Nc1cc(Br)cn(C)c1=O)S(C)(=O)=O,1.884600336
CS(=O)(=O)c1ccc(C(=O)N2CCC3(CCN(S(=O)(=O)c4cccc(C(F)(F)F)c4)CC3)C2)c(C(F)(F)F)c1,1.117905714
COc1ccc(S(=O)(=O)N[C@H]2CC[C@@H](N3CCC(c4ccccc4OCCF)CC3)CC2)cc1OC,1.300986564
O=C(NCc1cccnc1)Nc1cccc(S(=O)(=O)N2CCCCC2)c1,1.355913422
CC(C)C(=O)Nc1ccc2nn(-c3ccc(Cl)cc3)nc2c1,2.463892989
COc1cc(N2CCN(C3CCN(c4cc(F)cc5cccnc45)CC3)CC2)c2ncccc2c1,0.602081706
CC(C)c1nc2sc3c(c2c(=O)[nH]1)CC(C)(C)OC3,1.7084187035
COC(=O)c1c(C)n(C(C)=O)c2ccc(NS(=O)(=O)c3cccs3)cc12,1.4795172535
COC1=CC=C(C=C1)CNCC2=CC=CC3=CC=CC=C32.C(=O)(C(=O)O)O,0.828986015
CCCc1cc(C(=O)N(C)CC2Cc3ccccc3CN2C)[nH]n1,1.4769653275
CC(N(C)C)C1(c2ccc3ccccc3c2)CCCCC1,1.514050238
CCN1C(=CC2=C1C=C(S2)Cl)C(=O)NCC3=CC=CC=C3Cl,0.876217841
COC1=C(C=C2C(=C1)N=CN=C2NC3=CC(=C(C=C3)F)Cl)NC(=O)C=CCN4CCCCC4,2.079181246
O=S(=O)(CC1C(c2ccccc2)N1c1ccccc1)c1ccccc1,0.908050671
Cc1nc(NC(C)Cc2ccccc2)c(C#N)c2c1COC(C)(C)C2,0.7534086504999999
CCc1cc(CC)nc(OCCCn2c3c(c4cc(-c5nc(C)no5)ccc42)CC(F)(F)CC3)n1,1.255272505
Cc1ccc(C(=O)Cn2nc3n(Cc4ccccc4)c(=O)c4ccc(C(=O)NC(C)C)cc4n3c2=O)cc1,3.315766141
O=c1[nH]c2cc(-c3ccccc3)ccc2c2[nH]c(-c3ccccc3Cl)nc12,2.834228116
COc1cc(=O)n(C)cc1C(=O)N1CCc2ccccc21,2.093771111
Clc1ccccc1CN(CC1CNC1)c1ccccc1.O=C(O)C(F)(F)F,1.541363925
C[C@](N)(Cc1ccccc1)C(=O)N[C@@H](Cc1ccccc1)C(N)=O,1.560306705
CS(=O)(=O)NC(=O)c1ccc(C(F)(F)F)cc1,2.114010162
Cc1ccc2[nH]cc(CCNC(=O)Nc3ccc(Cl)c(Cl)c3)c2c1,1.3792186885
CCOc1ccc(/N=c2/ncc(F)c(Nc3ccc(OCC)cc3)[nH]2)cc1,1.2667873155
Cc1cccc(NC(=O)c2cc(F)cc(C#N)c2)c1,0.803463854
COc1ccc2c(c1CN1CCNCC1)O/C(=C\c1c[nH]c3nc(Cl)ccc13)C2=O,2.321323554
CCN(CC)S(=O)(=O)c1ccc(C(=O)Nc2sc3c(c2C(N)=O)CC(C)(C)NC3(C)C)cc1.Cl,0.943465067
CC1=CC(=NC=C1)NC(=O)CCCOC2=CC(=O)N(C3=CC=CC=C32)C,0.954784254
COc1ccc(CC(=O)Nc2ccsc2-c2n[nH]c(N)n2)cc1,2.174113878
CN[C@@H](CC(C)C)C(=O)N[C@@H]1CC[C@H]2CN(S(=O)(=O)c3ccc(C(F)(F)F)cc3)C[C@H]21,1.483400861
Cn1nc(CNC(=O)Cn2nc(C(F)(F)F)c3c2CCC3)c(Cl)c1Cl,0.7765716685
NC(=O)c1cccc(Nc2nccc(-c3[nH]c(C4CC4)nc3-c3cccc(NS(=O)(=O)Cc4ccc(Cl)c(Cl)c4)c3)n2)c1,1.879504297
C[C@]12CCCCC1=CC[C@@H]1[C@@H]2CC[C@]2(C)C(c3cccnc3)=CC[C@@H]12,8.68502e-05
Cn1cc(/C=C2\C(=O)NN=C2c2nccs2)c2c(OCc3c(F)cccc3F)cccc21,0.845222106
Cl.Cl.N=c1n(CCN2CCCCC2)c2ccccc2n1CC(O)COc1ccccc1,0.8967084325000001
CC1=C2C[C@H]3[C@@H](CC[C@@H]4C[C@H](O)CC[C@@]43C)[C@@H]2CC[C@@]2(C1)O[C@@H]1C[C@H](C)CN[C@H]1[C@H]2C,1.602081706
O=c1c(-c2nc3ccccc3nc2O)c[nH]n1-c1ccccc1,1.4127894325
O=c1c(Br)c(OCc2ccccc2)ccn1Cc1ccccc1,1.678509059
CC[C@@H](C)[C@H](NS(=O)(=O)c1ccccc1)C(=O)O,1.726315608
COc1cccc2c(C(=O)N3CCN4CCC[C@H]4C3)cn(CC3CCCCC3)c12.Cl,0.698952632
CC(C)N/C(=N\c1nccn1C(C)(C)C)Nc1ccc(Cl)c(Cl)c1,1.681241237
O=C(NC12CC3CC(CC(C3)C1)C2)N[C@H]1CC[C@H](Oc2ccc(C(=O)O)cc2)CC1,2.2913631915
CC(=O)[C@H]1CC[C@H]2[C@@H]3CC[C@H]4C[C@@H](NS(C)(=O)=O)CC[C@]4(C)[C@H]3CC[C@]12C,2.130333768
C/C(=N\NC(=N)N)c1sc(-c2ccc(OC3CCCCCC3)cc2)nc1C,2.380211242
CC(=O)O[C@@H]1CC2C(C)(CC[C@H](O)C2(C)C)C2CC[C@]3(C)C(=CC(=O)O[C@H]3c3ccoc3)C21C,1.1196797205
C[C@@H](c1ccccc1)[C@H](NC(=O)[C@@H](N)Cc1ccccc1)C(N)=O,1.556302501
Clc1ccc2c(Nc3ccc4oc(NCCCN5CCCCC5)nc4c3)ccnc2c1,1.765674114
O=C(NCC1=COCCO1)NC1CCc2c1ccc(Cl)c2Cl,1.2059502
CCCCS(=O)(=O)N1C[C@H]2CC[C@H]1[C@H](C(=O)Nc1ccc(OC(C)C)cc1)C2,1.296830995
O=C(N[C@@H](Cc1ccccc1)C(=O)NCCc1cc(Cl)ccc1-n1cnnn1)c1ccc(-c2nnn[nH]2)cc1,0.300986564
O=C(Nc1nc(-c2ccccn2)cs1)c1ccccc1,1.207025795
C[C@@](O)(c1ccc(C(=O)N(C2CC2)[C@H]2CC[C@@H](CCC(N)=O)CC2)cc1)C(F)(F)F,2.295268828
CN1CC[C@@]2(C)C(=CC1=O)CC[C@@H]1[C@@H]2CC[C@]2(C)C(c3cccnc3)=CC[C@@H]12,1.00008685
CC(=O)Oc1cc(OC(C)=O)c2c(c1)-c1coc3cc(OC(C)=O)cc(c13)C2=O,0.323426235
Cc1cc(=O)c(OCC(=O)Nc2ccc3[nH]c(CC(C)C)nc3c2)c[nH]1,1.5681036965
C1CCNC2=C(C1)C=CC(=C2)C(=O)CCC3CCN(CC3)CC4=CC=CC=C4.C(=C/C(=O)O)\C(=O)O,0.717670503
CC(=O)N[C@@H](Cc1ccccc1)C(=O)N[C@@H](CCCN)C(=O)N1CCC[C@H]1C(=O)N[C@@H](CCC(C)C)C(=O)N[C@H](Cc1ccc(F)cc1)C(=O)N[C@H](Cc1ccccc1)C(N)=O,1.98471824
CNS(=O)(=O)c1cn(CC(=O)NCc2ccccc2OC)cc1S(=O)(=O)NC,1.7815186255
C=C(C)[C@@H]1CC[C@]2(C(=O)NCCCCCCCCC(=O)N[C@@H](CCC(N)=O)C(=O)OC)CC[C@]3(C)[C@H](CC[C@@H]4[C@@]5(C)CC[C@H](O)C(C)(C)[C@@H]5CC[C@]43C)[C@@H]12,1.479027959
Cc1ccc(-c2cc(NC(=O)c3oc4ccc(F)cc4c3C)on2)cc1,1.615791306
Cc1ccccc1-c1nc2ccccc2cc1Cn1nc(-c2ccncc2)c2cnc(N)nc21,1.2166086775
CNc1nc(NCCCN(C)C)c2sc(-c3ccc(C(F)(F)F)nc3)cc2n1,2.252804504
Fc1cccc(F)c1COCC1CON=C(c2cccs2)O1,1.4977353445
CN1CCc2nc(C(=O)N[C@@H]3CC[C@@H](C(=O)O)C[C@@H]3NC(=O)c3cc4cc(Cl)ccc4[nH]3)sc2C1,2.056076866
Cc1n[nH]c2ccc(F)c(Oc3cc(C#N)cc(C#N)c3)c12,2.079181246
N#Cc1c[nH]c(C(=O)Nc2ccc(CCO)cc2C2=CCCCC2)n1,0.416064654
CN1CCN(C(=O)[C@H](CNC(=O)c2ccc(Cl)s2)NS(=O)(=O)c2cccc(N3CCCC3=O)c2Cl)CC1,1.419523719
O=C1Nc2ccccc2C1(c1c[nH]c2ccccc12)c1c[nH]c2ccccc12,1.9526780655
O=C(/C=C/c1cccc2c1N(Cc1ccc(Cl)cc1Cl)C(=O)C2)NS(=O)(=O)c1cc(Cl)c(Cl)s1,1.896399472
COc1ccc(C2=Nc3c(C(C)(C)C)nn(CCO)c3C(=O)NC2)cc1-c1cnc(N2CCCC2)nc1,1.51851394
CC(C)Oc1ccc(NC(=O)[C@@H]2C[C@@H]3CC[C@@H]2N(S(=O)(=O)c2ccsc2)C3)cc1,0.868713578
C1CC1NC2=NC=CC(=N2)C3=C(N=C(S3)C4CCNCC4)C5=CC=C(C=C5)F,2.079181246
NC(=O)COc1ccc2c(c1)S(=O)(=O)N=C(c1c(O)c(-c3cccs3)nn(CC3CCC3)c1=O)N2,1.34246216
C1=CC=C(C(=C1)CC(=O)OCC(=O)O)NC2=C(C=CC=C2Cl)Cl,0.451786436
CCc1nc2cc(Cl)ccn2c1C(=O)NCc1ccc(-c2ccc(C(C)(C)C)cc2)cc1,1.267124775
COC1=C(C=C2C(=C1)C(=NC(=N2)Cl)N)OC,2.019614716
Fc1ccc(C(Cc2ccccc2OC(F)F)N2CCNCC2)cc1,1.963693405
O=C(Cn1cc(-c2ccccc2)ncc1=O)NCCn1ccc2ccc(Br)cc21,0.844887481
CCc1ccc(S(=O)(=O)Nc2ccccc2Br)cc1NC1CCN(C)CC1,1.188555375
CCC(CC)c1nn(CCCO)c2c1N=C(c1ccccc1)CNC2=O,1.556302501
CC(C)CCC(=O)CC1C2=CC=CC=C2C(=O)N1C3=NC4=C(C=C3)C=CC(=N4)Cl,0.889861721
CC(C)(C)C(O)CN1C2=NCCN2c2ccccc21.Cl,2.7321552220000003
COCCNC(=O)c1ccc(-n2ncc(C(=O)OC)c2N)cc1,2.5121266695
CC1CCc2c(sc3ncnc(NC(c4nnc5n4CCC5)C(C)C)c23)C1,0.9772929925
CCOc1ccc(S(=O)(=O)N2CCN(C)CC2)cc1-c1nc(O)c2c(n1)c(C(C)(C)C)nn2C,0.6564368064999999
CCCN(CCOC)Cc1ccc(CCn2ccc(OCc3ccc(F)cc3)cc2=O)cc1,0.256761023
COc1ccncc1CNCCNc1ccnc2cc(Cl)ccc12,1.579760738
Cn1cc(/C=C/C(=O)NS(=O)(=O)c2cc(F)c(F)cc2F)c2c(Oc3ccc(Cl)cc3Cl)cccc21,1.853025036
N#CC1(n2cc([C@@H](NC(=O)c3cccs3)C3CCCCC3)nn2)CC1,1.278799314
O=C(N[C@@H](Cc1ccc(Cl)c(Br)c1)C(=O)O)c1ccc(Br)cc1NS(=O)(=O)c1cccc2nccnc12,1.447468271
COC1=CC=C(C=C1)C2CC(=NN2C3=CC=C(C=C3)S(=O)(=O)N)C4=CC=CC=C4,1.904913302
Clc1ccc2c(NCCCNCc3ccc(Br)cc3)ccnc2c1,1.77815125
c1ccc(-c2nc(-c3ccc(-c4noc(-c5ccco5)n4)cc3)cs2)cc1,1.0853251
Cn1c(-c2ccccn2)c(C2CCCCC2)c2ccc(C(=O)NC3(C(=O)Nc4ccc(S(N)(=O)=O)cc4)CCC3)cc21,1.176091259
Cn1c(C(=O)NCc2ccc(S(=O)(=O)c3ccccc3)cc2)cc2ccncc21,1.783298428
CC(C)CCN1C(=O)C(C2=NS(=O)(=O)c3cc(NS(C)(=O)=O)ccc3N2)=C(O)[C@@H]2[C@H]3CC[C@H](C3)[C@@H]21,1.568225199
C[C@]12CC[C@H]3[C@@H](CCC4=CC(=O)CC[C@@]43C)C1=CC=C2c1cncnc1,8.68502e-05
CC1=CN=C(S1)NC(=O)C2=C(C3=CC=CC=C3S(=O)(=O)N2C)O,2.023445894
COC(c1ccc(Cl)cc1)(c1ccc(Cl)cc1)C(Oc1nccc(C)n1)C(=O)O,1.6560133700000002
CC(C)(C)[C@@H](CO)n1cc(C(=O)O)c(=O)c2cc(Cc3cccc(Cl)c3F)c(O)nc21,2.174113878
Cc1c(-c2nnc(Cc3ccccc3)o2)nnn1-c1ccc(C(C)C)cc1,1.8645324225
O=C(NCCCN1CCN(c2ccccc2F)CC1)c1ccc2c(c1)N(Cc1ccccc1)C(=O)c1ccccc1S2=O,0.596877059
COc1cc(/C(=N/N)c2csc(-c3ccccc3)n2)cc(OC)c1OC,1.740378482
Cc1noc(C)c1[C@@H]1C[C@@](C)(c2cc(NC(=O)c3ccc(Cl)cn3)c(F)cc2F)N=C(N)S1,1.445566604
Cc1ccc(S(=O)(=O)N2CCC(C(=O)NC3CCCCCC3)CC2)c(C)c1,0.740378482
CCCc1noc2nc(CC)cc(C(=O)N(C)Cc3ncon3)c12,2.1328601055
FC(F)(F)c1ccccc1-c1ccc2[nH]c(/C=C/C3CCNCC3)nc2c1,2.838644886
CCCCO[C@]1(c2cccc(OC)c2)CCCC[C@@H]1CN(C)C,1.237330039
C[C@H](C1=CC=CC=C1C(F)(F)F)OC2=C(SC(=C2)N3C=NC4=C3C=C(C=C4)OC5CCN(CC5)C)C(=O)N,0.953759692
CC1=C(N=C(O1)C2=CC=CC=C2)CCOC3=C4C=CSC4=C(C=C3)C[C@@H](C(=O)O)OC,1.858416878
CC(=O)c1c(NN2CCOCC2)[nH]c2c(Cl)cc([N+](=O)[O-])cc2c1=O,1.2704094005000002
CCc1ccc(C2c3cccn3-c3sc4c(c3CN2C(=O)Nc2ccc(OC)c(OC)c2)CCCC4)cc1,1.0465220135000002
CN(C)CCNC(=O)c1ccc2c(c1)CC(c1nc3ccc(-c4cn[nH]c4)cc3c(=O)[nH]1)CO2,1.491389712
CCS(=O)(=O)CC(=O)N1CC(C)(C)N(C)c2cc(Br)ccc21,0.844708636
CC(=O)N(C)Cc1ccc(S(=O)(=O)c2ccc3c(c2)nc(C(C)(C)C)n3CC2CCOCC2)cc1,1.176091259
COC(=O)c1c(NC(=O)N2CCN(C(=O)C(C)C)CC2)sc2c1CC(C)(C)OC2,2.2217226745
CCCc1cnc(N2CCC(C3Cc4c(ccc(C5=CCN(S(=O)(=O)CCC)CC5)c4F)O3)CC2)nc1,1.696992623
COc1ccc(C2OC(=O)CC2C(=O)N2CCN(c3cc(Cl)ccc3C)CC2)cc1OC,1.2056743945
NC1CN(c2ccccn2)CC1c1ccc(Cl)cc1Cl,2.255272505
O=S(=O)(c1ccc(Cl)cc1)N1c2ccccc2-c2n[nH]cc2C1C1CC1,0.810242493
CC(C)c1cn(CCCCCCNC(=O)CS)c2cc(Cl)c(Cl)cc12,1.6330694760000002
CCc1cc(-c2n[nH]c(C(=O)O)c2-c2nc(C)cs2)c(O)cc1O,3.012688741
COc1ccc2[nH]c(SCc3cccc(-c4ccccc4)c3)nc2c1,0.255272505
CCc1noc(CC)c1CC(=O)NCC1(CC)CCCCC1,0.4488049615
CCc1ccccc1-c1nc2c(N3CCN(C)CC3)nc(C)nc2n1C1CCOCC1.Cl,1.273147309
C#CCNc1ccnc2sc3c(=O)n(-c4ccc(OC)cc4)cnc3c12,0.993260054
Cc1ccc(F)c(Nc2ccc(-c3cnc4ccc(N[C@H]5CC[C@H](N)CC5)nn34)cc2)n1,2.172603652
Cc1cccc(NC(=O)c2nn(C)c(-c3ccc(Cl)cc3)c2C)n1,2.107142106
CCCC(O)(CCC)CC(=O)Nc1cc(-c2n[nH]c(=O)[nH]2)ccc1C,2.777074903
COC(=O)N[C@H]1CC[C@H](n2cnc3cnc4[nH]ccc4c32)CC1,2.77815125
CC(=O)Nc1nc2ccc(-c3nn(C(C)C)c4nc(N)ncc34)cc2s1,1.68188057875
CCn1cc(S(=O)(=O)N2CC(CNC(=O)c3ccc(Cl)cc3Cl)(CC3CC3)C2)nn1,1.24033393
O=C(O)c1ccc(-c2nc3cc(Cl)c(Cl)cc3[nH]2)cc1,1.2339450525
COC1=C(C=C(C=C1)C2C3=C(C=CC4=CC=CC=C43)OC5=C2C(=N)N(C=N5)CCN6CCOCC6)OC,1.1976924
CC(=S)NC[C@@H]1OC(=O)N2c3ccc(-c4ccc(N5CCOC5=O)nc4)cc3SC[C@@H]12,1.51851394
Cn1c(Nc2ccc(I)cc2F)c(C(=O)NOC[C@H](O)CO)c2c1C(=O)CCC2,1.556302501
C[C@]12CCC(=O)C=C1C(F)C[C@@H]1[C@@H]2CC[C@]2(C)C(c3cccnc3)=CC[C@@H]12,8.68502e-05
CC1c2c[nH]nc2-c2ccccc2N1S(=O)(=O)c1ccccn1,1.820035145
CC(C)(C)c1ccc(-c2ccc(C#N)cn2)cc1,1.707570176
COC(=O)c1c(C)nc2c(c1OS(=O)(=O)C(F)(F)F)CCN2C,1.1499425175
Cn1c(-c2ccccn2)c(C2CCCC2)c2ccc(C(=O)NC3(C(=O)Nc4ccc(/C=C/C(=O)O)c(OCC5CC5)c4)CCC3)cc21,2.36361198
O=C(c1ccccc1)N1CCN(c2nnc(-c3ccc(Cl)c(Cl)c3)c3ccccc23)CC1,1.748498267
CCOc1cc(=O)n2c(c1C(=O)NCc1ccc(C)o1)CCCCC2,1.9675309905
CN1C(=O)C(=CN=C1NC2=CC=C(C=C2)F)C3=CC(=C(C=C3)OC4=C5C=C(C(=CC5=NC=C4)OCCCN6CCOCC6)OC)F,1.486146997
Cc1c(S(=O)(=O)N2CCN(CC(=O)NCc3ccccc3)S(=O)(=O)CC2)sc2ccc(Cl)cc12,0.852071917
COc1ccc2[nH]c(SCc3ccc(C(C)(C)C)cc3)nc2c1,1.217483944
CC1=CC(=CC(=C1C2=CSC(=N2)NC(=O)C3=CC=NC=C3)C)OC4=CC=C(C=C4)OC,1.964448208
O=C(NCCc1cccc(O)c1)c1ccnc2[nH]c(-c3ccc(F)cc3)nc12,1.169351313
O=C(c1ccccc1)N1CCN(c2nnc(-c3ccccc3Cl)c3ccccc23)CC1,1.332258026
CN1CCCC1c1cc2[nH]c(-c3ccccn3)nc2cc1Oc1ccc(F)cc1,1.900699678
C=C[C@@H]1C[C@]1(NC(=O)[C@@H]1C[C@@](OC)(c2ccc(-c3cccnc3)cc2)CN1C(=O)[C@@H](NC(=O)OC1CCCC1)C(C)(C)C)C(=O)NS(=O)(=O)C1CC1,1.724259481
COc1ccccc1Nc1ccc(-n2ccnc2-c2ccncc2)cc1,1.8155502085
Cc1ccc(Cn2cccc(NC(=O)NC3CCOC3C)c2=O)cc1,1.5132717715
Fc1ccc(CNc2c(-c3ccccn3)nc3cnccn23)cc1,0.3486153749999999
COc1ccc2c(c1)oc(=O)c1c2oc2ccc(O)c(CN3CCCCC3)c21,1.722749389
O=C(c1cc2cc(Cl)ccc2[nH]1)N1C[C@]2(CCN(C3CCNC3)C2)c2ccccc21,1.77815125
CN1CCN(c2ccc(C3CC(c4ccc([N+](=O)[O-])o4)=NO3)cn2)C(=O)C1,2.405517107
Cc1cc2ncccc2c(Br)c1OS(=O)(=O)C(F)(F)F,2.366913563
CN1CCN(c2cc(-c3ccccc3)nc(N)n2)CC1,1.633488655
Cc1cccc(NC2=CC(c3cccs3)N(c3cccc(C)c3)C2=O)c1,1.818023484
CCOc1ccc(-n2nc3ccc(N)cc3n2)cc1,1.1754136825
CCC(=O)N1CCC(CC1)N2C(=CC=N2)NC(=O)NC3=CC=CC=C3Cl,1.9526956
CN1[C@@H]2CC(C[C@H]1[C@H]3[C@@H]2O3)OC(=O)[C@H](CO)C4=CC=CC=C4.Br,2.079181246
Cc1ccc(Cn2cnc(=O)c3cc(Oc4ncccc4C(F)(F)F)ccc32)c(F)c1,1.653212514
COCC[C@H](CC1(C(=O)NCCCc2ccc(Cl)cc2)CCCC1)C(=O)O,2.079181246
C[C@]12CCOC(=O)C[C@@H]1CC[C@@H]1[C@@H]2CC[C@]2(C)C(c3cccnc3)=CC[C@@H]12,8.68502e-05
COc1cc(C(=O)c2cccc(-c3cc4ccccc4[nH]3)c2)cc(OC)c1OC,1.380211242
O=C(Nc1cccc2c1N(c1ncccn1)CC2)c1ccccc1,0.683282237
O=[N+]([O-])c1cn2c(n1)OC[C@@H](Oc1ncc(-c3ccc(OC(F)(F)F)cc3)cn1)C2,2.512332468
Cc1nc(N2CCN(C)CC2)c2nc(-c3ccccc3Cl)n([C@H]3CCOC3)c2n1.Cl,1.261257433
[2H][C@H](CC(C)C)[C@@H]([2H])[C@](C)(O)[C@H]1CC[C@H]2[C@@H]3C[C@H](O)[C@H]4C[C@@H](O)CC[C@]4(C)[C@H]3CC[C@]12C,0.698952632
CCN(CC)C1c2cccc3cccc(c23)C1NS(=O)(=O)c1ccccc1,0.777793674
Nc1nc(-c2ccc(F)cc2)nc2oc(-c3ccccc3)nc12,2.156748999
CC(C)NC(=O)C1=CC=C(C=C1)C=O,0.491361694
C[C@@H]1CCC[C@@H](N1CCCC(C2=CC=CC=C2)(C3=CC=CC=N3)O)C,2.079181246
COc1ccc(Cc2nc(-c3ccc(=O)[nH]c3)no2)cc1Cl,1.811524241
O=C(/C=C/c1cc(Cl)ccc1-n1cnnn1)N[C@@H](Cc1ccccc1)c1nc(-c2ccc3c(c2)CCC(=O)N3)c(Cl)[nH]1,1.681241237
O=C1C=C(O)CC(c2ccc(Cl)c(Cl)c2)C1,0.256761023
Cc1noc(C2CC3Cc4[nH]ncc4C(C2)N3S(=O)(=O)c2ccc(Cl)cc2)n1,1.801405965
Cc1ccc(NC(=O)N2Cc3c(sc4c3CCCC4)-n3cccc3C2c2ccc(N(C)C)cc2)c(C)c1,1.0963485615000002
Cc1ccc(S(=O)(=O)Nc2ccc(Oc3ccccc3C(F)(F)F)cc2C(=O)O)cc1,1.079181246
CCCCOc1ccc(NC(=O)Nc2ccc(/C(C)=N/NC(=N)N)cc2)cc1,1.816373889
CCOC(=O)Cc1cc(=O)n2nc(-c3ccccc3)c(-c3ccccc3)c2[nH]1,1.5413194275
Cn1c(-c2ccccn2)c(C2CCCCC2)c2ccc(C(=O)NC(C)(C)C(=O)Nc3ccc4sc(C(=O)O)cc4c3)cc21,1.690213806
CS(=O)(=O)C1=C(N)C(=O)N(c2ccccc2)C1c1ccccc1,0.91793777
CCN(CCn1cccn1)Cc1[nH]nc(C)c1Cl,1.5750609045
N#Cc1c[nH]c(C(=O)Nc2ccc(C3CCN(C(=O)CNCCO)CC3)cc2C2=CCCCC2)n1,1.238247268
CC(C)=Cc1nn(CCC(C)C)c(=O)c(C2=NS(=O)(=O)c3cc(NS(C)(=O)=O)ccc3N2)c1O,1.51851394
C[C@@H]1CN(C(=O)c2ccccc2)CCN1c1nnc(-c2ccc(C(C)(C)C)cc2)c2ccccc12,0.974090288
C1=NN(c2ccccc2)C2c3ccccc3OCC12,1.650612457
Cc1oc(-c2nc(C#N)c(N(C)C)o2)cc1S(=O)(=O)N(C)c1ccccc1,2.4574386475
O=C(N[C@@H](Cc1ccc(F)c(Br)c1)C(=O)O)c1ccc(Br)cc1NS(=O)(=O)c1cccc2nsnc12,1.138956778
CS(=O)(=O)c1ccc(-c2cccc(-c3c(Cc4ccccc4)cnc4c(C(F)(F)F)cccc34)c2)cc1,1.431363764
CC(C)N1CCc2nc(C(=O)Nc3cc(C(=O)O)ccc3CNC(=O)c3ccc(Cl)s3)sc2C1,2.707052496
O=C(NCc1ccccc1)c1c[nH]c2ccc(S(=O)(=O)Nc3ccc4c(c3)OCCO4)cc2c1=O,0.839102131
CC1=CN(C=N1)C2=C(C=C(C=C2)NC3=NC4=C(S3)CCCC4C5=CC=CC=C5)OC,1.490941205
N#Cc1ccc(-c2ccccc2CCOc2ncccn2)cc1,1.209816757
O=C(NCc1ccc(S(=O)(=O)c2ccccc2)cc1)c1cc(-c2cccnc2)no1,1.748498267
COc1cc2ccccc2cc1C(=O)N(CCN(C)C)c1nc2c(F)cccc2s1.Cl,1.561007231
N#Cc1ccccc1Cn1c(N2CCC[C@@H](N)C2)ncc(Br)c1=O,2.300986564
CCNC(=O)c1ncn2c1[C@@H]1CCCN1C(=O)c1cc(OC)ccc1-2,2.747168363
CCN1CCN(CC1)C(=O)C2=NN3C=NN=C3C(=C2)C4=CC=CC=C4OC,1.737749074
CC1(COc2ccc(OC(F)(F)F)cc2)Cn2cc([N+](=O)[O-])nc2O1,2.139479458
CC(C)(C)c1cc(C(=O)NCCO)c(NC(=O)Nc2ccc3[nH]ncc3c2)s1,2.079181246
NC1CCN(C2CCC3(CC2)OOC2(OO3)C3CC4CC(C3)CC2C4)CC1,1.7974725663333333
Cc1ccc(C(=O)C2=CN(c3cc(Cl)cc(Cl)c3)c3cc(F)ccc3S2(=O)=O)c(C)c1,0.728622393
CS(=O)(=O)NCC1COCCN1C(=O)Nc1ccc2cnccc2c1,2.2829010745
COc1ccc(C)cc1NC(=O)c1[nH]c(C)c(S(=O)(=O)N2CCCC2)c1C,0.654824515
C1CCN(CC1)C(=O)CN2C=C(C3=CC=CC=C32)SCC4=CC(=CC=C4)Cl,-0.075720714
Cc1ccc(NC(=O)NCC(C(C)C)N(C)C)cc1,1.5734328935000002
COc1ccc(-c2nc3cnc(NCc4ccc(Cl)c(Cl)c4)nc3n(CCNC(C)=O)c2=O)cc1,1.439986773
CCc1cnc(N2CCC[C@@H](N)C2)n(Cc2ccccc2C#N)c1=O,2.300986564
CCCCCC(=O)OC([C@H](C[C@@H]1CCNC1=O)NC(=O)[C@H](CC1CCCCC1)NC(=O)OCc1cccc(Cl)c1)S(=O)(=O)[O-].[Na+],2.180534292
N#Cc1ccc(Oc2ncccc2C#N)cc1Cl,3.315766141
c1ccc(C(CCNc2ncnc3[nH]cnc23)c2ccccc2)cc1,1.4207353555
C=C1C[C@@H]2[C@H](CC[C@]3(C)C(c4cncc(F)c4)=CC[C@@H]23)[C@@]2(C)C=CC(=O)C=C12,8.68502e-05
N#C/N=C(\NCc1ccc(S(=O)(=O)N2CC3CCC(C2)O3)cc1)Nc1ccncc1,1.609674042
CC[C@H](C1CC1)n1cc(C#N)nc(Nc2cc(C)c(OC)nc2C)c1=O,1.517117578
Cc1cc(Br)c2[nH]cc(CCN)c2c1,0.8828496004999999
CCOc1cc(=O)n2c(c1C(=O)Nc1cccc(C(=O)OC)c1)CCCC2,0.7984785544999999
CC(=O)CC[C@H]1C(=O)N[C@@H](C(C)C)C(=O)N[C@@H](Cc2cccc(O)c2)C(=O)N2CCCC(N2)C(=O)O[C@H](/C(C)=C/C=C/C(=O)N(C)c2ccccn2)C/C=C/C=C/[C@H](O)[C@H](C)[C@H]1O,1.280987889
CCNC(=O)Nc1sc2cc(C(F)(F)F)ccc2c1C(=O)N1CCN(C2CCN(C(=O)C(C)(C)C(F)(F)F)CC2)CC1,0.592155913
CN(C(=O)CN1N=C(c2ccccc2)Cn2c(cc3ccccc32)C1=O)C1CCCCC1,0.704863522
Oc1c(Cl)c(Nc2ccccc2)c(O)n1-c1ccccc1,1.5798207645
Cc1ccc(O)c(C(=O)c2cnc(N=C(N)N(C)C)nc2)c1,3.3461185835
O=C(NCc1cccnc1)Nc1ccc(S(=O)(=O)c2ccccc2)cc1,1.994238833
Cc1ccc(-c2noc(C(F)(F)F)c2COc2c(F)cc(CC(C)C(=O)O)cc2F)cc1,1.980064192
O=C(O)c1nn(-c2ccccc2)nc1-c1nn(-c2ccccc2)nc1C(=O)O,1.609658482
Cc1[nH]nc2c1C(c1cc(-c3cccc(C(=O)O)c3)cc(C(F)(F)F)c1)(C(C)C)C(C#N)=C(N)O2,1.612762671
COc1ccncc1NC(=O)c1ccnc2[nH]c(-c3cccc(Cl)c3)nc12,1.49063866
O=S(=O)(Nc1cccc(CO)c1)c1ccc(-c2ccccc2)cc1,0.9029814
Cc1ccccc1C[C@H](NC(=O)[C@@H](N)Cc1ccccc1)C(N)=O,1.146065989
CN1CCc2nc(C(=O)Nc3c(CNC(=O)c4ccc(Cl)s4)cccc3C(=O)N(C)C)sc2C1,1.994238833
CCn1ccnc1C(O)c1cc(OC)ccc1OC,2.011936074
CCc1ccc(C(=O)NC(=O)c2ccccc2O)cc1,1.355562495
COCCOc1cc2ncnc(N3CCN(C(=O)Nc4ccc(C#N)cc4)CC3)c2cc1OCCN1CCCCC1,1.913919765
c1ccc2c(c1)CN[C@@H](CN(CCCCNCC1CCOCC1)[C@H]1CCCc3cccnc31)C2,1.099163714
Cc1ccc(-n2ccc3c(cnc4ccn(-n5cnnc5)c(=O)c43)c2=O)cc1C,2.646516635
Cc1nc(-c2cccc3ccccc23)sc1C(=O)N1CCCCC1,0.686366078
CCCS(=O)(=O)c1cccc(Oc2cccc(-n3c(C)nc4c(C(F)(F)F)cccc43)c2)c1,1.447189051
COc1ccc(C)cc1/N=c1/[nH]cnc2c1oc1ccccc12,0.801314972
CSc1nc2ccccn2c(=O)c1S(=O)(=O)c1ccccc1,1.602081706
C1CC1C(C2CC2)NC3=NCCO3,2.079181246
N#Cc1nc(-c2ccccc2F)oc1NCC1CCCO1,1.1129598884999998
C=C[C@@H]1C[C@]1(NC(=O)[C@@H]1C[C@@H](Oc2cc(OCC)nc3c(Br)c(OC)ccc23)CN1C(=O)[C@@H](CC(=O)NC(C)(C)C)C(C)(C)C)C(=O)NS(=O)(=O)C1CC1,2.477121255
CC(C)CCn1c(=O)c(C2=Nc3ccc(NS(C)(=O)=O)cc3S(=O)(=O)N2)c(O)c2cccn21,1.62324929
Cc1nc(C(=O)N2CCC[C@@H](C(F)(F)F)[C@H]2CNC(=O)c2cccc3cccnc23)c(-c2ccccc2)s1,2.255272505
C1CC(C1)(C2=CC=C(C=C2)C3=C(C=C4C(=N3)C=CN5C4=NNC5=O)C6=CC=CC=C6)N,1.918868743
CC(C)(C)S(=O)(=O)c1ccc2nc3c(n2c1)CCCC3,1.7514836235
CC(C)Cc1ccc(C(C)C(=O)Nc2ccc(O)cc2C(=O)O)cc1,0.7646548575000001
O=C(c1ccncc1)N1CCc2nc(-c3cc4cc(F)ccc4[nH]c3=O)[nH]c2C1,3.315766141
CC(=O)C1=C(N(N2C=NN=C2S1)C(=O)C)C3=CC(=C(C=C3)Cl)Cl,0.655138435
COc1ccc2nc(NC(=O)C(CC3CCCC3)c3ccc(S(=O)(=O)N4CCCCC4)cc3)sc2n1,0.792251572
CS(=O)(=O)c1cccc(C[C@H](NC(=O)c2c(Cl)cc3c(c2Cl)CCN(C(=O)c2ccc4ccoc4c2)C3)C(=O)O)c1,1.783298428
O=C(Nc1nc2cc(Cl)ccc2s1)[C@@H]1CCCCN1C(=O)N1CCS(=O)(=O)CC1,2.079181246
COc1cccc2[nH]cc(C(=O)C(=O)N3CCN(C(=O)c4ccccc4)CC3C)c12,1.599395072
CN(C)S(=O)(=O)C1=CC=C(C=C1)S(=O)(=O)N(C[C@@H]2CCCO2)CC3=CC=CC=C3Cl,0.10720997
O=C(CN1C(=O)CCc2ncccc21)Nc1scc(Br)c1-c1ncn[nH]1,2.047664915
COc1ccc2[nH]c(SCCCO)nc2c1,1.572848377
O=C1O[C@@]2(CCNC[C@@H]2C(=O)N(Cc2cccc(C(F)(F)F)c2Cl)C2CC2)c2cc(F)c(F)cc21,2.180534292
NC(=O)c1ccccc1NC(=O)Cc1ccccc1C(=O)O,2.163393935
CC(C)CCn1nc(N2CCCCC2)c(O)c(C2=NS(=O)(=O)c3cc(NS(C)(=O)=O)ccc3N2)c1=O,1.322219295
CC(OC(=O)c1cc2[nH]cnc2cc1F)c1nc2ncc(Br)cc2[nH]1,1.3613481360000002
COC(=O)c1cc(N)c(Nc2ccc(C#N)cc2)cc1Oc1c(Br)cc(CCC#N)cc1OC,2.075094036
Clc1ccc2ccn(Cc3ccccc3Br)c2n1,0.9409757375
CN(C)CCCOc1ccc(CN2CCC(NC(=O)c3ccc(Br)o3)CC2)cc1,3.0577659915
CN1CCOc2cc(Br)c(Sc3nc4c(N)ncnc4n3CCC3CCN(C=O)CC3)cc21,0.381699759
O=C(Nc1ccc2nncn2c1)c1cc(Cl)c2c(c1)OCO2,1.997280103
CC(C)(C)c1ccc(C(=O)Nc2ccc(C#N)nc2)cc1,1.707570176
COc1cccc(-c2[nH]ncc2CNC2(c3ccccc3F)CCCC2)c1.O=C(O)CC(O)(CC(=O)O)C(=O)O,0.500844714
COCCNC(=O)c1nc2c(N3CCOCC3)nc(-c3cnc(N)nc3)cn2c1C,1.994238833
CC1=CC(=C(C=C1)NC(=O)CN2C3=CC=CC=C3C(=O)N(C2=O)CCC(=O)N4CCC5=CC=CC=C5C4)C,0.149219113
C1=CC(=CC=C1/C=C/C(=O)NC2=C(C=C(C=C2)C3=NC4=C(O3)C=CC(=C4)CC(=O)O)F)Br,2.079181246
Cc1cc(S(=O)(=O)c2ccc3c(c2)nc(C(C)(C)C)n3CC2CCOCC2)ccn1,1.054883426
CN1CC(c2ccc(NC(=O)c3nc(C#N)c[nH]3)c(C3=CCCCCC3)c2)CN(C)C1=O,0.248424061
NS(=O)(=O)c1ccc(C(F)(F)F)cc1,2.114010162
O=C(CN1[C@@H]2CC[C@@H]1CC(c1cccc(O)c1)C2)C1CCCCC1,1.096595704
O=C(Nc1ccccc1OC(F)(F)F)N[C@@H]1COc2nc([N+](=O)[O-])cn2C1,1.839228615
COC(=O)[C@@H](O)c1c(C)nc2[nH]c3c(c2c1-c1ccc(Cl)cc1)CCCC3,1.5433590895
COc1cnc(-n2cnc(C(C)(F)F)n2)c2[nH]cc(C(=O)C(=O)N3CCc4c(cccc4-c4ccccn4)C3)c12,0.416064654
CCCc1nc(-c2ccc3ccccc3c2)cc2ccsc12,2.1807456555
CC(C)CCn1nc(-c2cccs2)c(O)c(C2=NS(=O)(=O)c3cc(-c4cnoc4)ccc3N2)c1=O,1.477121255
Cc1c(C2=CCN(C(=O)OC(C)(C)C)CC2)nnn1-c1ncccc1F,2.295268828
O=C(c1cc2ncccn2n1)N(c1ccccc1)c1ccccc1,1.1919131804999998
CNS(=O)(=O)c1ccc(CCC(=O)N(Cc2ccc(F)cc2F)C2CCCC2)cc1,0.8877928079999999
C[C@H](O[C@@H]1COc2nc([N+](=O)[O-])cn2C1)c1ccc(OC(F)(F)F)cc1,1.996126404
COc1ccc(Cl)cc1NC(=O)c1cc(S(=O)(=O)N2CCc3ccccc32)cn1C,0.9845093305
CC(C)(C)CN1CCC2(CC1)CN(c1ccccc1NC(=O)Nc1ccc(OC(F)(F)F)cc1)c1ccccc12,1.774373492
C[C@@H]1CN[C@@H](C2CC2)C(=O)N(C)[C@H](C)C(=O)N[C@H](Cc2ccc(F)cc2)C(=O)NCCCc2ccccc2O1.Cl.O,3.056904851
COc1cncc(C2CC[C@H]3[C@@H]4CCC5=CC(=O)NCC[C@]5(C)[C@H]4CC[C@]23C)c1,1.00008685
CC(C)S(=O)(=O)c1cccc(Oc2cccc(-c3ccnc4c(C(F)(F)F)cccc34)c2)c1,1.255272505
CCN(CC)CCC/N=C(/Nc1c2ccc(Cl)cc2nc2ccc(OC)nc12)c1cccnc1,1.505122834
COc1ccc2c(c1)C[C@H](C(=O)Nc1ccc(-c3cn[nH]c3)cc1OCCN1CCCC1)NC2,1.799340549
CN(Cc1cccc2cnccc12)c1cnccn1,1.2707913574999998
CN(C)c1ccc(C(=O)N2CCCN(C(=O)Nc3ccc(C(C)(C)C)cc3)CC2)cc1,0.602081706
COCCNC(=O)c1ccc2c(c1)CC(c1nc(SCCN(C)C)c3cc(-c4cn[nH]c4)ccc3n1)CO2,1.114010162
Cc1ccc(Nc2ncc(-c3cnc4ccc(N[C@H]5CC[C@H](N)CC5)nn34)cn2)nc1,2.521815181
C1=CC=C(C(=C1)C2=NC(=NO2)C3=CC(=CC=C3)C(=O)O)F,2.079181246
CC(C)COc1cc(=O)n2c(c1C(=O)NCc1ccc(C(F)(F)F)cc1)CCCCC2,0.5229315605
Cc1noc(C)c1CN1CCn2c1nc(-c1ccccc1)cc2=O,0.9553514685
OC(CN(c1ccccc1)c1ccccc1)Cn1cnc2ccccc21,0.654701031
Oc1ccc([C@H]2Oc3cc(O)cc(O)c3C[C@H]2O)cc1,2.3842333615
COc1cc2[nH]c(C)c(-c3ccc(C(F)(F)F)cc3C)c(=O)c2cc1Cl,2.372875197
CCC(C)(C)CCn1nc(-c2cccs2)c(O)c(C2=CS(=O)(=O)c3cc(NS(C)(=O)=O)ccc3N2)c1=O,1.477121255
Cc1cscc1-c1ccccc1,1.869114327
Cc1ccsc1CN(Cc1cn2ccccc2c1C#N)C(C)C,1.4393732795
COc1ccc(CC(=O)Nc2ccsc2-c2cn(C)cn2)cc1,1.464644118
COc1ccc2c(O[C@@H]3C[C@H]4C(=O)N[C@]5(C(=O)NS(=O)(=O)C6(C)CC6)C[C@H]5/C=C\CCCCC[C@H](NC(=O)c5cnn(C)n5)C(=O)N4C3)cc(OC(C)C)nc2c1C,1.857332496
CCN1CCN(c2ccc(NC(=O)c3ccc(-c4cccnc4)cc3)cc2)CC1,1.816286247
COc1cc(NC(=O)NC2CCN(c3nc4ccccc4n(CC(C)C)c3=O)CC2)cc(OC)c1,1.961800006
Clc1n[nH]c2c(CN(Cc3ccccc3)CC3CCCO3)cncc12.O=C(O)CC(O)(CC(=O)O)C(=O)O,2.0096245085
COc1ccc2c(c1)C(=O)N1CCC[C@H]1c1c(C(=O)NC(C)(C)C)ncn1-2,2.516638096
N#CC1(n2cc([C@@H](NC(=O)c3ccsc3)c3ccc(Cl)cc3)nn2)CC1,1.83238116
Cc1ccc2c(-c3ccc4c(c3Cl)NCCO4)c([C@H](OC(C)(C)C)C(=O)O)c(C)nc2c1,1.812779707
CCCc1c(C)[nH]c2[nH]n(-c3ccccc3)c(=O)c2c1=O,1.9584659465
Cc1ncsc1CCOC(=O)c1ccc(Cl)cc1,0.5260645235
O=[N+]([O-])c1cn2c(n1)OC[C@@H](OCc1ccc(-c3ccc(F)cc3)cc1)C2,2.160063913
CC(C)(C)S(=O)(=O)c1ccc2[nH]c(-c3ccc(=O)n(-c4ccccc4)c3)nc2c1,2.541608774
CCc1c(OCc2ccc(F)cc2F)ncn(-c2cc(C(=O)NCCO)ccc2C)c1=O,2.055595556
CCOC(=O)c1cc(-c2csc(Nc3cc(Cl)cc(Cl)c3)n2)on1,0.51851394
CC1(C)CC(=O)c2c(O)cc(OCC(=O)c3ccc(N4CCCC4)cc3)cc2O1,0.9934850245
CS(=O)(=O)C1(C(=O)NC2CCCS(=O)(=O)C2)CCCC1,1.47977171
Clc1ccc(Oc2nc3ccccc3o2)c2ncccc12,1.1171816
CS(=O)(=Nc1ccc(C(F)(F)F)cc1)c1cccnc1,2.114010162
CS(=N)(=O)c1ccc(C(F)(F)F)cc1,2.114010162
CC(N)C1(c2cccs2)CCCCC1,2.18178644
Cc1cc(/C=C/C(=O)NCCn2c(C)cc3ccccc32)cc(C)c1F,1.444431438
Cn1c2c(c3ccc(-n4ccc(OCc5ccccc5)cc4=O)cc31)CCNC2,2.653212514
O=C(c1ccc2ncccc2c1)c1cncc(Br)c1Cl,0.256761023
CN(C)CCOc1cc(-c2cn[nH]c2)ccc1NC(=O)C1COc2ccccc2O1,1.544043227
CS(=O)(=O)c1ccccc1-c1ccc(NC(=O)c2cc(C(F)(F)F)nn2-c2cccc(CN)c2)c(F)c1,2.093491727
CN(C)S(=O)(=O)N1CCN(Cc2c(O)occ(CN3CCOCC3)c2=O)CC1,2.50071318
COC(=O)N[C@H](C(=O)N1CCC[C@H]1C(=O)Nc1ccc([C@H]2CC[C@H](c3ccc(NC(=O)[C@@H]4CCCN4C(=O)[C@@H](NC(=O)OC)C(C)(C)C)cc3)N2c2ccc(C(C)(C)C)cc2)cc1)C(C)(C)C,1.969362375
C1CN(CC1NC(=O)NC2=CC=CC=C2Br)C3=NC=C(C=C3)C(F)(F)F,2.078638038
COc1cccc2c1CCN2C(=O)Cc1nc(N2CCOCC2)cc(=O)[nH]1,0.080669764
CCC(C(=O)N(C)C)N(c1ccc(C)c(C)c1)S(C)(=O)=O,1.8476389015
COc1cc(NC(=O)C2COc3ccccc3C2)ccc1-c1cn[nH]c1,0.9029814
C=C[C@@H]1C[C@]1(NC(=O)[C@@H]1C[C@@](OC)(c2ccc(-c3nccs3)nc2)CN1C(=O)[C@@H](NC(=O)OC1CCCC1)C(C)(C)C)C(=O)NS(=O)(=O)C1CC1,2.136657162
CSCCNC(=O)Cn1cc(CN2CCN(c3cc(C(=O)Nc4ccc5c(c4)-c4c(c(C(N)=O)nn4-c4ccc(F)cc4)CC5)c(Cl)cn3)CC2)cn1,0.477121255
O=C1c2ccccc2C(=O)N1CCCCN1[C@@H]2CC[C@@H]1CC(c1cccc(O)c1)C2,1.549137339
COC(=O)[C@H]1[C@H](CC[C@@H]2[C@@H]1C[C@H]3C4=C(CCN3C2)C5=CC=CC=C5N4)O,1.923917223
C1CCC(CC1)NC(=O)C2(CCCCC2)N(CC3=CC=CS3)C(=O)C4=CC=CC=N4,0.429410507
CC(C)(C)CN1CCC2(CC1)CN(c1ccccc1Nc1nnc(-c3ccc(C(C)(C)C)cc3)s1)c1c(O)ccc(C(F)(F)F)c12,1.543172303
CC1(CCCC(N1C)(C)C)C,2.079181246
CCN1CCN(c2ccc(NC(=O)c3ccc(-c4ccccn4)cc3)cc2)CC1,1.77815125
CS(=O)(=O)c1ccc(C(CCNC(=O)c2ccc(C#N)cc2)c2ccc(F)cc2)cc1,2.477121255
CS(=O)(=O)Nc1ccc2c(c1)S(=O)(=O)N=C(C1=C(O)[C@@H]3[C@H]4CC[C@H](C4)[C@@H]3N(CC3CCCC3)C1=O)N2,1.662776714
Cn1c(CN2CCc3ccccc3C2)cc(=O)c(O)c1CN1CCOC(c2ccccc2)C1,1.9555070395
Nc1nccc(-c2ccc3nc(C4COc5ccc(C(=O)NCc6ccccc6)cc5C4)[nH]c3c2)n1,1.397974751
COc1cc(C2CC(=O)c3cc4c(O)n[nH]c4nc3C2)cc(OC)c1OC,2.5922904795
O=C1c2[nH]ncc2C(C2CC2)N(S(=O)(=O)c2ccc(C(F)(F)F)nc2)C12CC2,2.108874610333333
Cn1cc(/C=C/C(=O)NS(=O)(=O)c2ccc(F)c(F)c2)c2c(Oc3ccc4ccccc4c3)cccc21,1.662273702
COC(=O)c1c(C)oc(C)c1S(=O)(=O)Nc1cc(Br)ccc1C(=O)N1CCCCC1,0.256761023
NCc1c(-c2ccccc2Cl)ccc2ncn(CCO)c12,2.300986564
CCCC[C@@H](C#N)n1cc([C@@](C)(NC(=O)c2ccsc2)C2CCCCC2)nn1,0.698952632
COC(=O)c1ccc2c(c1)CC(c1nc3ccc(-c4ccnc(N)n4)cc3[nH]1)CO2,1.255272505
COc1cc2c(cc1OC)/C(=N\c1ccccc1)N(Cc1ccc(F)c(F)c1)CC2,0.5743003465000001
Cc1nc(N2CCC(N3CCN(C)C3=O)CC2)nc2ccc(NC(=O)/C=C/c3ccc(OC(F)(F)F)cc3)cc12,1.273147309
c1ccc(-n2ncc3c2N=C(N2CCC(n4ccnc4)CC2)NC3)cc1,2.2874014265
COc1ccc(S(=O)(=O)Nc2nc(-c3cccc([N+](=O)[O-])c3)cs2)cc1OC,1.079181246
CC(C)C(=O)N1CCN(c2cnc(N)c(-c3nc4ccccc4o3)c2)CC1,1.7200521185
COC12CCC(c3nnc4c(Oc5cccc(Cl)c5C)cccn34)(CC1)CC2,1.696992623
CCc1nn(CCOCC(F)(F)F)c2c(Nc3cccc(C)n3)nc(N3CCNCC3)nc12,1.653271408
CCOc1ccc(F)c(N2CC[C@@H](Oc3ccc(N4N=C(C(F)(F)F)[C@@H](C)[C@@H]4CC(=O)O)cc3)[C@H](F)C2)c1,2.129363176
CN1CCc2nc(C(=O)Nc3cc(C(=O)O)ccc3CCC(=O)Nc3ccc(Cl)cn3)sc2C1,2.396876445
Cc1cccc(OCCn2cnc3c(cnn3-c3cccc(C(F)(F)F)c3)c2=O)c1,3.315766141
Nc1ccc(C(=O)OCc2nc3c(ccc4ccccc43)[nH]2)cc1,0.8716943425
CN[C@@H](CC(C)C)C(=O)N[C@@H]1CC[C@H]2CN(S(=O)(=O)c3cccc(C(F)(F)F)c3)C[C@H]21,1.182339707
CCCn1c(OC2CCC(O)C2)nc2nc(C3CCCC3)[nH]c2c1=O,1.609674042
C[C@](O)(c1ccc(C(=O)N(C2CCCCC2)C2CC2)cc1)C(F)(F)F,1.994238833
Cn1cc(-c2noc(-c3n[nH]c4ccccc34)n2)ccc1=O,1.2367348539999998
N[C@@H](CC(=O)N1CCC[C@H]1c1nc(C2CC2)no1)Cc1cc(F)c(F)cc1F,2.079181246
CCOC(=O)N1CC(N)C(c2ccc(Cl)cc2Cl)C1,2.255272505
COCCOc1cc(=O)n2c(c1C(=O)N1CCC(Cc3ccccc3)CC1)CCOCC2,1.437534243
c1ccc(COc2ccc(-c3n[nH]cc3CN3CCNCC3)cc2)cc1,1.4989768625
Cc1c(C)n(CCCN(C)C)c2ncn(CC(C)C)c(=N)c12,3.374310908
Cc1ccc(Oc2ccc(N(CC(C)(O)C(=O)NO)S(C)(=O)=O)cc2)cc1,2.037506178
CC1=CC(=CC(=C1)C(=O)NC2=C(C=CC(=C2)C3=CN4C=CC=NC4=N3)OC)C,1.316599302
C[C@@H]1CN(C(=O)c2ccccc2)CCN1c1nnc(-c2ccc(C#N)cc2)c2ccccc12,2.295268828
CCc1ccc(C2=NN(c3ccc(S(N)(=O)=O)cc3)C(c3ccc(O)cc3)C2)cc1,3.315766141
O=C(COc1cnnn1-c1ccccc1)c1ccccc1,0.810242493
COc1ccc(C)cc1S(=O)(=O)N[C@H]1CC[C@@H](N2CCN(c3ccccc3OC(C)C)CC2)CC1,0.300986564
CC1CCCCN1C(=O)c1ccc(Cl)cc1NS(=O)(=O)c1cccc2nsnc12,1.024338273
CN1C(=O)COC2=C(C=C(C=C21)Cl)C(=O)NC3CN4CCC3CC4,2.079181246
Cc1ccccc1-n1nnnc1CCC(=O)c1ccccc1,1.137784202
COC(=O)c1ccc(C)c(NC(=O)CN(C)Cc2ccc(Cl)s2)c1,0.6583623235
CN1CC2CCC(C1)N2C(=O)[C@]12C[C@H]1c1cc(F)ccc1-c1c(C3CCCCC3)c3ccc(C(=O)NS(=O)(=O)N(C)C)cc3n1C2,1.875061263
Cc1cc(Nc2ccc(C(F)(F)F)cc2)n2ccnc2n1,2.565824215
C[C@]12CCCC(=O)CC1=CC[C@@H]1[C@@H]2CC[C@]2(C)C(n3ccnc3)=CC[C@@H]12,8.68502e-05
CCc1nn(CCOCC(F)(F)F)c2c(Nc3ccccn3)nc(N3CCNCC3)nc12,2.343385842
Cc1nc(C)c(S(=O)(=O)N2C[C@H]3CCc4nnc(-c5ccncc5)n4[C@H]3C2)s1.Cl,2.3631898675
Cc1ccccc1-c1nc2ccccc2cc1Cn1nc(-c2cncnc2)c2cnc(N)nc21,3.315766141
Cc1nn(C)cc1-c1nsc(Nc2ccc(C(=O)N3C4CCC3CN(c3ncc(C(F)(F)F)cn3)C4)cn2)n1,2.792166389
O=C(c1ccccc1)c1c[nH]c(C(c2ccccc2)c2ccc(C(c3ccccc3)c3cc(C(=O)c4ccccc4)c[nH]3)o2)c1,1.4509931885
O=C(Nc1ccn(-c2cn(Cc3cccc(C(F)(F)F)c3)cn2)c(=O)c1)c1cscn1,2.079181246
CN1CC[C@@](NC(=O)c2ccc3c(C4CCCCC4)c(-c4ccccn4)n(C)c3c2)(C(=O)Nc2ccc(/C=C/C(=O)O)cc2)C1,2.658964843
O=C1CCCc2nc(C#Cc3ccccc3)sc21,1.24033393
COC(=O)Nc1ccc(-c2nc([C@H](CC(=O)N3CCS(=O)(=O)CC3)NC(=O)/C=C/c3cc(Cl)ccc3-n3cnnn3)[nH]c2Cl)cc1,2.187577119
Cc1ccc(S(=O)(=O)NC2c3cccc4cccc(c34)C2Sc2nc(N)n[nH]2)cc1,1.130510348
CC(=O)CNC1CCN(Cc2ccc(CCNC(=O)c3ccc(-c4ccc(F)cc4)cc3)cc2)CC1,1.079181246
C[C@]1(COCc2ccc(OC(F)(F)F)cc2)Cn2cc([N+](=O)[O-])nc2S1,1.526300145
CC(C)n1ncc(N2CCOCC2)c(Cl)c1=O,2.1325530455
Cc1c(C(=O)Nc2ccnc(Cl)c2)nn(C)c1-c1ccc(F)cc1,2.477121255
CCC(CC)Sc1nc2cc(Cl)c(N3CCN(CCO)CC3)cc2[nH]1,1.489709364
CC[C@H]1OC(=O)[C@H](C)[C@@H](O[C@H]2C[C@@](C)(OC)[C@@H](O)[C@H](C)O2)[C@H](C)[C@@H](O[C@@H]2O[C@H](C)C[C@H](N(C)C)[C@H]2O)[C@](C)(O)C[C@@H](C)CN(CCCNC(=O)Nc2cccc3ccccc23)[C@H](C)[C@@H](O)[C@]1(C)O,2.079181246
CC[C@@H]1C(=O)N(C)c2cnc(-c3cn[nH]c3-c3nccs3)nc2N1C(C)C,1.332258026
Br.CCOC(=O)Cn1c(=N)sc2cc3c(cc21)OCCO3,1.010639713
CCOC(=O)C1=C(n2cc(-c3ccccc3)nn2)Cc2ccccc2O1,2.051761181
CC1=C(CN(CC1)C2=NC=CS2)C3=CC=C(C=C3)NC(=O)C4=C(C=CC=C4F)F,1.589391023
COc1cc(-c2nccc3[nH]c(-c4ccc5cc[nH]c5c4)nc23)cc(OC)c1OC,1.750492967
CCOC(=O)CCC(CP(=O)(OCOC(=O)C(C)(C)C)OCOC(=O)C(C)(C)C)C(=O)OCC,0.557791018
O=C(Nc1cccc2c1OCCC2O)c1cc2sccc2[nH]1,1.9690201985
CCCCCC(=O)N1CCC[C@H]1C(=O)N[C@@H](CC2=CC=C(C=C2)O)C(=O)OC,0.888740961
Cc1nc(Oc2ccccc2)c(N)c(N2CCC(C)CC2)n1,0.6346337470000001
CCCCN1C(=O)[C@@H]([C@H](O)C2CCCCC2)NC(=O)C12CCN(Cc1ccc(Oc3ccc(O)cc3)cc1)CC2.Cl,0.491559953
CCN1C(=O)C2(CC(=O)Nc3c2cnn3-c2nc3ccccc3s2)c2cccc(C)c21,1.326227609
COc1cc(=O)[nH]cc1C(=O)N1CCCC1c1ccnn1C,2.238445632
C1=CC=C(C=C1)/C(=C\2/C3=CC=CC=C3N(C2=O)CC4=CC(=CC=C4)C(=O)O)/C5=CC=C(C=C5)Cl,2.079181246
CCCNC(=O)C1CCN(C(=O)c2cc3sc(C)cc3n2Cc2ccc(OC)cc2)CC1,0.429719989
Cc1cccc(CN2C(=O)C(C3=NS(=O)(=O)c4cc(NS(C)(=O)=O)ccc4N3)=C(O)[C@H]3CCC[C@H]32)c1,2.016398518
C[C@]12CC[C@H]3[C@@H](CCC4=CC(=O)CC[C@@]43C)C1=CC=C2c1cccnc1,8.68502e-05
CCN1C(=O)CN(Cc2ccc(-c3cccc(CC4CCCCC4)n3)cc2)C1=O,1.602081706
CC1=C(C(=NO1)C)C2=CC(=CC(=C2)O)C(C3=CC=CC=C3)O,1.6642658
CC[C@@H](Cn1cc(C)c2ccccc21)NS(=O)(=O)c1c(N)cc(Cl)cc1Cl,0.300986564
Cc1cc2c(c(Oc3cc(NS(=O)(=O)c4ccc(Cl)cc4)ccc3F)n1)C(=O)N(C(C)C)C2=O,2.211302473
Cc1cc(C)n(-c2ncnc3sc4c(c23)CC(C)CC4)n1,0.787535943
C[C@H](c1ccc(F)cc1)N1C(=O)O[C@](Cc2ccccc2)(c2nc3cc(-c4cc[nH]n4)ccc3[nH]2)C1=O,2.139479458
CC(C)[C@]1(C(=O)N2C[C@@H]3C[C@H]2CN3C(=O)OC(C)(C)C)CC[C@@H](NC2CCOCC2)C1,2.079181246
C[C@]12CCNC(=O)C=C1C1CC1[C@@H]1[C@@H]2CC[C@]2(C)C(c3cncc(F)c3)=CC[C@@H]12,8.68502e-05
C[C@@H]1CN(C(=O)c2ccccc2)CCN1C(=O)C(=O)c1c[nH]c2ccccc12,3.006037955
CCCn1nccc1-c1csc(S(=O)(=O)NC(C)(C)CC)c1,0.4880851115
N#Cc1ccsc1Cn1c(N2CCC[C@@H](N)C2)ncc(Br)c1=O,2.300986564
CN1CCN(C(=O)C[C@H](NC(=O)/C=C/c2cc(Cl)ccc2-n2cnnn2)c2nc(-c3ccc4[nH]c(=O)cc(O)c4c3)c(Cl)[nH]2)CC1,2.300986564
C[C@@H](c1ccc(Cl)cc1)N1Cc2cncn2C(CC2(C)COC2)S1(=O)=O,1.880927865
Cc1ccncc1-c1cccc2c1ncn2-c1nccs1,1.91975519
O=C(Nc1ccc2sc(-c3ccc(F)c(F)c3)nc2c1)N1C[C@@H](F)[C@H](F)C1,3.008082491
CCc1ccc2ncc3c(-c4ccc(F)cc4)n[nH]c3c2c1,0.724446263
COc1cc2c(N3CCN(C(=O)Nc4ccc(OC(C)C)cc4)CC3)ncnc2cc1OCCCS(=O)(=O)CC(C)C,1.51851394
COc1cnc(-n2ccc(CO)n2)c2[nH]cc(C(=O)C(=O)N3CCc4c(cccc4-c4ccccn4)C3)c12,0.295944447
CC1(C)C=C(Br)c2ccnc(-c3ccc(S(C)(=O)=O)cc3F)c2O1,0.8234206905
C1CC1C(=O)NC2=NC=C(S2)C3=CC(=NN3C4=C(C=CC=C4Cl)Cl)C(F)F,2.079181246
COC(=O)c1ccc2c(Br)c(O)c(C(=O)OC(C)(C)C)cc2c1,1.531944506
Cc1nc2[nH]c(CCCCOCc3ccccc3)nc2cc1Br,0.8640440175
COCCN(CC1CCCN(C2Cc3ccccc3C2)C1)C(=O)Cc1c[nH]c2ccccc12,0.856622048
CCCn1cnc2cc(-c3noc(-c4ccc(Br)o4)n3)ccc21,1.316779419
CCc1cc(=O)[nH]c(-n2nc(C)cc2NC(=O)c2c(-c3ccccc3Cl)noc2C)n1,1.869380106
CC1(C)C(=O)N(c2ccc(C#N)c(C(F)(F)F)c2)C(=S)N1c1cccc(S(N)(=O)=O)n1,2.225398675
COc1cc2c(cc1OC)-c1cc(-c3ccccc3F)cn1CC2,0.8817605749999999
CC(C)CCN1C(=O)C(C2=NS(=O)(=O)c3cc(NS(C)(=O)=O)ccc3N2)=C(O)C2CCCCC21,1.447189051
COc1ccc(CCN(Cc2nc(-c3ccccc3)no2)Cc2nc(-c3ccccc3)no2)cc1OC,0.56933173
CN1C(=O)C(CC(=O)N2CCN(c3ccccn3)CC2)=C2CCCCC21,1.1173380195
OC(Cc1c[nH]c2ccccc12)(c1ccccc1)c1ccccc1,2.727220889
CC(=O)N1CCC(C(=O)N[C@H](c2cn(C3(C#N)CC3)nn2)C2CCCCC2)CC1,1.944581364
CC(C)S(=O)(=O)c1ccc(CC(=O)NCC(O)Cn2ccccc2=O)cc1,0.522866439
COc1ccc(-n2ccc3cc(N4CCCCC4)ccc32)cc1Cl,2.723198794
O=C(Nc1cnc(-c2ccncc2)c(-c2cccnc2)n1)C1CC1,2.139479458
CC(Oc1cc(C(F)(F)F)cc(C(F)(F)F)c1)C1CC(=O)CC(=O)C1,1.851135995
C1CN(CCC1OC2=C(C=CC(=C2)F)Br)C3=NOC(=C3)C4=NN(N=N4)CC(=O)O,2.079181246
COc1ccc2c3nn(-c4ccc(OC)nc4)c(=O)c-3c[nH]c2c1,2.823693194
CC(C)(C)c1ccc(-c2ccc(F)cn2)cc1,1.431363764
COC[C@H]1C(=O)c2[nH]ncc2[C@@H](C2CC2)N1S(=O)(=O)c1ccc(C(F)(F)F)cc1,1.024338273
Cn1ncc2c1NC(=O)CC2c1cc(Cl)cc2c1OCOC2,1.357992625
N#Cc1c(CCc2ccccc2)c2cc(OCC(=O)NCc3ccc(Cl)c(Cl)c3)ccc2[nH]c1=O,0.256761023
Cc1nn(CCOCC(F)(F)F)c2c(Nc3ccncn3)nc(N3CCN[C@@H](C)C3)nc12,1.731739325
N#CC1(n2cc([C@@H](NC(=O)c3csc(-c4ccccc4)c3)C3CCCCC3)nn2)CC1,1.77815125
CN(C)C(=O)c1cccc(/N=c2\c(O)c(O)\c2=N/C2CCCC2)c1O,1.801405965
O=[N+]([O-])c1cn2c(n1)OC[C@H](OCc1ccc(-c3ccc(OC(F)(F)F)cc3F)nc1)C2,1.621480119
CC(C)n1nc(-c2cc(C3CC3)on2)c(C(N)=O)c1N,1.4679408635
Cc1ccc(CNc2ncc(-c3ccccc3F)c(-c3nccn3C)n2)cc1,0.801663098
COCN(c1ccc2c(c1)S(=O)(=O)N=C(c1c(O)c(-c3cccs3)nn(CCC(C)C)c1=O)N2)S(C)(=O)=O,1.041313715
Cc1nc(C(=O)N2[C@H](CNC(=O)c3cccc4cccnc34)CCC[C@@H]2C)c(-c2ccc(F)cc2)s1,2.477121255
C[C@@H]1CCCN1CCCOc1ccc(-c2ccc(=O)[nH]n2)cc1.Cl,3.13747588
CC(C)n1ncc2c1N=C(O)CC2C1CCCCC1,1.720395135
Cc1nn(-c2n[nH]c(C)c2Br)c(C)c1C,1.6023594245
[2H]C([2H])([2H])Oc1ccc2c(c1)C(=O)N1CCC[C@H]1c1c(C(=O)NC(C)(C)C)ncn1-2,2.799123456
COc1ccc(-c2ccc(C(=O)N[C@@H](Cc3c[nH]c4ccccc34)C(=O)Nc3ccncc3)c(F)c2)cc1F,1.36169007
Cc1ccc(Nc2cc(N3CCN(c4oc(C)nc4C#N)CC3)ncn2)cc1,0.8756906710000001
COc1ccc2[nH]c(SCc3ccc(C(C)C)cc3)nc2c1,0.763442969
COC(=O)c1ccc(C2Nc3cc(C)c(C)cc3NC3=C2C(=O)CC(C)(C)C3)cc1,0.9394858435
Cc1cc(C2C=CN=CN2)c(C)s1.Cl,1.681241237
CN1CCN(C(c2ccccc2)c2ccc(Cl)cc2)CC1,2.05300157
O=C(C1Cc2cc(Cl)ccc2O1)N1CCCC(O)(c2ccc(F)cc2)CC1,1.4446290684999998
CC(C)CCn1c(=O)n(C(=O)N[C@H](C(N)=O)C(C)(C)C)c2ccccc21,1.00008685
Cc1ccc(-c2nc3ccccc3s2)cc1NC(=O)c1cc([N+](=O)[O-])c(N2CCNCC2)cc1Cl,2.380211242
CC(C)NC[C@@H](C1=CC2=CC=CC=C2C=C1)O,1.27392678
CO/N=C1\CC[C@@]2(C)[C@H](CC[C@H]3[C@@H]4CC[C@@]5(CC(C)=C4C[C@@H]32)O[C@@H]2C[C@H](C)CN[C@H]2[C@H]5C)C1,1.740378482
Nc1ncnc2c1nc(Sc1cc3occc3cc1Br)n2CCC1CCN(C=O)CC1,1.640194988
C[C@](O)(c1ccc(C(=O)N(C2CC2)[C@H]2CC[C@](COC(N)=O)(c3ccccc3)CC2)cc1)C(F)(F)F,2.295268828
O=C(Cn1cnc(C2CC2)cc1=O)N1CCC(N2CC(=O)N(c3ccccc3)C2=O)CC1,2.36567979
CCOc1cc(C(=O)Nc2[nH]nc(C)c2-c2ccc(OC)c(OC)c2)cc(OCC)c1OCC,1.078587546
Clc1ccc(-c2nnc3ccc(Cl)nn23)c(Cl)c1,1.8696300425
Cc1nc2c([N+](=O)[O-])c(Cl)c(Cl)cc2n1Cc1ccc(-n2cccn2)cc1,1.579760738
O=C(Cn1ncccc1=O)N1Cc2cnc(N3CCOCC3)nc2C1,3.315766141
CCC(=O)Nc1cc(Cl)c(Oc2ccc(O)c(-c3ccccc3)c2)c(Cl)c1,1.954301404
CS(=O)(=O)c1ccc(C(c2nnnn2Cc2ccccc2)N2CCCN(C3CCC3)CC2)cc1,1.602081706
c1ccc(Nc2ccc(Oc3ncnc4sccc34)cc2)cc1,3.290744708
Cc1nc(N2CCN(C)CC2)c2nc(-c3ccccc3Cl)n(CCS(C)(=O)=O)c2n1.Cl,0.893185909
Cc1csc(C2=C(O)CN(CCC(c3ccccc3)c3ccccc3)C2=N)n1,0.6298498825000001
Cc1ccc(S(=O)(=O)N2CCC(C(=O)Nc3ccc4c(c3)OCO4)CC2)c(C)c1,1.662776714
Cn1cnc2c(sc3nc4c(cc32)COC(C)(C)C4)c1=O,1.882347219
CCCOC1=C(C=CC(=C1)N)C(=O)OCCN(CC)CC.Cl,1.847078862
CC(=O)O[C@H]1C[C@H]2[C@@H]([C@H](OC(C)=O)C[C@@H]3C[C@H](N)CC[C@@]32C)[C@@H]2CC[C@H]([C@H](C)CCCN(C)CCNc3ccnc4cc(Cl)ccc34)[C@@]12C,1.77815125
O=S(=O)(Nc1cc(Cl)c(Cl)cc1Cl)c1cc(Cl)c(Cl)cc1Cl,1.6066126980000002
CC(=O)N1CC(N)C(c2ccc(Cl)cc2Cl)C1,2.255272505
Cc1csc(NC(=O)Cc2cccc3ncccc23)c1-c1ncn[nH]1,2.029849145
COCCOCCOCCOCCCCCNC(=O)NC12CC3CC(CC(C3)C1)C2,1.829264786
CC1=C(C(=O)OC(C)C)C(c2ccc(F)cc2)N2N=CNC2=N1,1.472325259
CCCS(=O)(=O)c1nc2ccc(NS(=O)(=O)c3ccc(F)c(Cl)c3)cc2s1,0.9372444775
C[C@@H]1CN(c2ccc(F)cc2C(F)(F)F)CCN1S(=O)(=O)c1nc(C(C)(O)C(F)(F)F)n(C)n1,1.00008685
Fc1ccc(Nc2c(-c3ccccc3)nc3ccccn23)cc1,1.773797464
CCS(=O)(=O)c1cccc(Oc2cccc(-c3c(C)nc4c(C(F)(F)F)cccn34)c2)c1,1.322219295
Oc1ccc(C23CCCC2C2(CCCC2)c2ccc(O)cc2O3)c(O)c1,1.3964298845
CC(C)Cn1ccnc1NC(=O)c1cnc(C(C)(C)C)s1,1.486533217
Cc1cc(C(C)(C)C)cc(C)c1CS(=O)(=O)CCCO,1.6749882985
O=C(c1ccccc1)c1cccc2c1N(C(=O)c1ccccc1)CC21CCCCC1,0.5036618925
CCOc1ccccc1C(=O)NCC1(N2CCNCC2)CCCCC1,2.371104822
COC(=O)Cn1nc2c3c(C)c(C)sc3ncn2c1=O,0.5578624050000001
COc1ccc(CCN2C(=O)N(NS(C)(=O)=O)C[C@@H]2c2ccc(OC)cc2)cc1,1.204174266
Clc1ccc(CN(C2CCCCC2)C2CNC2)cc1,3.315766141
CCOc1cc(=O)n2c(c1C(=O)Nc1cc(OC)c(Cl)cc1OC)CCCC2,3.315766141
FC1(F)CCC(/C=C/c2nc3cc(-c4ccccc4C(F)(F)F)ccc3[nH]2)CC1,0.962865519
Cn1nnc(-c2ccc(Nc3nccc(-c4cc(C#N)cc(N5CCOCC5)c4)n3)cc2)n1,1.230448921
CC[C@H]1OC(=O)[C@H](C)[C@@H](O[C@H]2C[C@@](C)(OC)[C@@H](O)[C@H](C)O2)[C@H](C)[C@@H](O[C@@H]2O[C@H](C)C[C@H](N(C)C)[C@H]2O)[C@](C)(O)C[C@@H](C)CN(CCNC(=S)NCCc2ccccc2)[C@H](C)[C@@H](O)[C@]1(C)O,2.079181246
O=S(=O)(c1ccc(Cl)c(Cl)c1)N1CCN(c2ccc(F)cc2C(F)(F)F)CC1,0.9029814
O=[N+]([O-])c1cn2c(n1)OC[C@H](OCc1cccnc1-c1ccc(OC(F)(F)F)cc1)C2,1.59786099
Cc1cc(C(=O)O)nc(N2CCN(c3ccccc3C(F)(F)F)CC2)n1,1.083733639
COc1cc(N2CCN(C3CCN(c4cccc5cc(C(F)(F)F)cnc45)CC3)CC2)c2ncccc2c1,1.00008685
c1ccc(-c2ccc(-c3cn4c5ccccc5nc4n3CCN3CCCCC3)cc2)cc1,1.223140247
N#Cc1nc(N2CCCC2)nc(N(c2ccccc2)c2ccccc2)n1,1.1152536235
C#CCN1CCN(C(c2ccc(F)cc2)c2nnnn2Cc2ccccc2)CC1,1.230397825
O=C(O)CC1NC(=O)N(c2ccc(Cl)cc2)C1=O,2.021827356
Cc1[nH]c2ccccc2c1CCNC(=O)c1ccc(N2CCOCC2)cc1,1.5989050043333333
COc1cc(=O)n(C)cc1C(=O)NCCCNC(=O)OC(C)(C)C,3.315766141
COc1c(C(C)(C)C)cc(C(=O)COc2ccc(O)cc2)c(O)c1I,3.315766141
CCS(=O)(=O)c1ccc2[nH]c(OCc3cccc(Cl)c3)nc2c1,2.230990553
CCC1c2cn[nH]c2C(=O)CN1S(=O)(=O)c1ccc(C(F)(F)F)cc1,1.097647369
COc1ccc(C2N=C(O)c3ccccc3O2)c(OC)c1OC,0.8205488535
Clc1ccc(COc2ccccc2/C=N/OC2CCN(Cc3ccccc3)C2)cc1Cl,1.449928393
NS(=O)(=O)c1ccc(CCNc2nc3c(S(=O)(=O)c4ccccc4)nnn3c3ccccc23)cc1,1.034083233
COc1ccc(-c2cc(-c3ccc(NS(C)(=O)=O)cc3)cnc2N)cn1,2.397974751
[C-]#[N+]c1ccccc1/C=C/c1ccccc1,1.464517328
CC(C)(CC(=O)N[C@H]1C2CC3CC1C[C@](C(N)=O)(C3)C2)NS(=O)(=O)c1cccc(F)c1F,2.343385842
CCOc1cc(=O)n2c(c1C(=O)N(CC)Cc1ccncc1)CCCCC2,1.6985645295
Cc1ccc(-c2nn(CCC(C)(C)C)c(=O)c(C3=NS(=O)(=O)c4cc(OCC(N)=O)ccc4N3)c2O)s1,1.653212514
COc1cc(NC(=O)c2ccccn2)ccc1Cl,1.151004252
CCOC(c1ccc(Cl)cc1Cl)C(OC(C)(C)C)n1cnc(C)c1,1.86914851
C1CN(CCN1)C2=C3C(=CC=C2)OCCO3.Cl,2.079181246
C[C@@H]1CN(c2ccc(F)cc2C(F)(F)F)CCN1S(=O)(=O)c1ccc([C@](O)(C(N)=O)C(F)(F)F)s1,1.477121255
CC1(C)Oc2cc(C#Cc3ccccc3C(F)(F)F)ccc2-c2nc(-c3c(C#N)cccc3C#N)[nH]c21,2.295268828
CCCS(=O)(=O)N1CC=C(c2ccc3c(c2)CC(C2CCN(c4ncc(C(F)(F)F)cn4)CC2)O3)CC1,1.104646419
CS(=O)(=O)O.CS(=O)(=O)O.Cc1ccc(-c2nc(C)c(C(=O)N=C(N)N)[nH]2)cc1,1.7179969435
Cn1c(=O)c(F)c(Nc2ccc(I)cc2F)c2c(=O)n(C[C@@H](O)CO)cnc21,2.155275293
Cn1cc(-c2noc(C3CCCCC3)n2)ccc1=O,1.4534760715
COc1ccccc1C(CC(=O)NCCN(C)C)C(C)C,2.3553638035
CN1CC2CCC(C1)N2C(=O)[C@]12C[C@H]1c1cc(F)ccc1-c1c(C3CCCCC3)c3ccc(C(=O)NS(=O)(=O)C4(C)CC4)cc3n1C2,2.079181246
CC1([C@H](N(CCS1)S(=O)(=O)C2=CC=C(C=C2)OCC#CCO)C(=O)NO)C,2.079181246
NC(=O)c1ccc(Oc2cc(NC(=O)N3CCC(O)(c4ccc(Cl)cc4)CC3)cc(Oc3ccc(F)cc3)c2)cc1,1.599669682
CC[C@@H]1C(=O)N(C)c2cnc(-c3cn[nH]c3-c3nccs3)nc2N1[C@H]1CCOC1,1.489709364
CCN(CC)c1ccc(C(=O)NCCc2c(C)[nH]c3ccccc23)cc1,1.102876542333333
COC(C)(C)c1noc(-c2ccc(=O)n(C)n2)n1,1.6958086335
CC(C)N1CCC[C@H]1C(=O)N1CCC(n2cnc3cnc4[nH]ccc4c32)CC1,1.892094603
CC(C)CCn1nc(-c2cccs2)c(O)c(C2=NS(=O)(=O)c3cc(C4=CCCC4=O)ccc3N2)c1=O,0.556302501
CC1(C)CC(NC(=O)c2cccc(Br)c2)CC(C)(C)N1.Cl,0.9501188385
COC(=O)N[C@H]1CC[C@H](n2nnc3cnc4[nH]ccc4c32)CC1,2.459392488
CNC(=O)C1=C(C=C(C=C1)N2C(=S)N(C(=O)C23CCC3)C4=CC(=C(N=C4)C#N)C(F)(F)F)F,2.079181246
COc1cc2c(N3CCN(C(=O)Nc4ccc(OC(C)C)cc4)CC3)ncnc2cc1OCCCN(C)C,2.477121255
COC1=CC=C(C=C1)N2C(=O)NC(=N2)C3CCCN(C3)CC4CCCCC4,2.034066679
COc1cc(O)ccc1-c1nnc(C)n1-c1ccc(O)cc1,1.6574709915
C[C@]12CC[C@@H](NC(=O)C3CC3)CC1=CC[C@@H]1[C@@H]2CC[C@]2(C)C(c3cccnc3)=CC[C@@H]12,8.68502e-05
CC(C)C[C@H]([C@H](CSC1=CC=CS1)C(=O)NO)C(=O)N[C@@H](CC2=CC=CC=C2)C(=O)NC,2.040087843
CCCN1CCC(Oc2ccc3[nH]c(=O)c4c(c3c2)CCSC4)CC1,1.721002257
O=C([C@@H]1CNC[C@H]1c1ccc(F)cc1F)N1CCC(c2ccnn2-c2ccc(F)c(Cl)c2)CC1,1.403613846
Clc1ncccc1-c1nc2ccccc2c2c(Br)cnn12,1.157574309
C[C@@H](C(=O)N1CC2=CC(=C(C=C2C[C@H]1C(=O)O)OC)OC)N[C@@H](CCC3=CC=CC=C3)C(=O)O,2.079181246
CC(C)COc1cc(=O)n2c(c1C(=O)N(C)CCc1ccccn1)CCCCC2,1.476174016
OCCCNc1nc(N2CCN(c3ccccc3F)CC2)nc2ccccc12,1.5131410905
COCCCNC(=O)COc1ccc2c(c1)c(CCc1ccccc1)c(-c1ccc(F)cc1F)c(=O)n2C,0.256761023
CCOCCn1nc(C)c2nc(N3CCC(N)CC3)nc(Nc3cc(C)ccn3)c21,2.295268828
O=[N+]([O-])c1cn2c(n1)OC(COc1ccc(-c3ccc(F)cc3)nc1)CC2,1.704643842
CCC1c2c[nH]nc2-c2ccccc2N1S(=O)(=O)c1ccc(Cl)cc1,0.725545316
COc1ccc(F)cc1-c1ccc2c(c1)C(CSCCc1ccccc1)=CC(C)(C)N2,1.230397825
CNc1nc(NCCCN(C)C)c2sc(-c3ccc(N4CCOCC4)cc3)cc2n1,1.176091259
O=S(=O)(c1ccc(C(F)(F)F)cc1)N1c2cc(-c3cscn3)ccc2-c2n[nH]cc2C1C1CC1,1.609674042
CO/N=C(\N)c1ccc(-c2cncc(-c3ccc(/C(N)=N\OC)cn3)n2)nc1,1.845222106
CCc1nc(C)n(CC)c1Oc1cc(C#N)cc(C#N)c1,2.004235366
CCCC(=O)NC1=CC(=C(C=C1)OC[C@H](CNC(C)C)O)C(=O)C,2.079181246
C[C@](O)(c1ccc(C(=O)N(C2CC2)[C@H]2CC[C@H](CC3(C(N)=O)CC3)CC2)cc1)C(F)(F)F,2.295268828
O=S(=O)(c1cccc2cccnc12)N1CCCC1c1noc(CO)n1,1.9132644795
O=S(=O)(Nc1cc(CO)ccc1O)c1ccc(-c2ccc(F)cc2F)cc1,1.579760738
CC(=O)Nc1cc(Cl)cc2c1OCC(=O)N2Cc1nnc(CCc2ccc(Cl)cc2)n1CCC(F)(F)F,0.575892713
CNc1ccc(Nc2ccc(Cl)c(C#N)n2)cn1,0.3898328315
NC(C(=O)N1CCN(c2ccc3[nH]ncc3c2)CC1)c1ccc(Br)cc1,0.991137435
Cn1cnc2cc(C(N)=O)c(-c3ccccc3Cl)c(CN)c21,2.300986564
Cc1nccn1-c1cccnc1,2.123916943
O=C(Nc1cc2cc[nH]c(=O)c2cc1Cl)C1CCNCC1,2.35020924
CC(C)NCC1CCC2(CC1)OOC1(CCCCC1)OO2,1.587710965
NC(=O)COc1ccc2c(c1)S(=O)(=O)N=C(c1c(O)c(-c3ccsc3)nn(CCC3CC3)c1=O)N2,1.204174266
COc1cc2c(cc1OC)C1(c3ccc4c(c3)OCO4)OC(=O)C(=O)N1CC2,0.8969842425000001
CCOC(=O)C1=C(N(N=C1C)C2=CC(=CC=C2)[N+](=O)[O-])C,0.318063335
c1ccc2cc(-n3nccc3-c3ccncc3)ccc2c1,1.581767674
C=C[C@@H]1C[C@]1(NC(=O)[C@@H]1C[C@@H](Oc2cc(OCC)nc3c(Cl)cccc23)CN1C(=O)[C@@H](CC(=O)NC(C)(C)C)C(C)(C)C)C(=O)NS(=O)(=O)C1CC1,1.977632165
CCCCc1ccc(-c2nc(C)c(-c3ccnc(NN)n3)s2)cc1,2.488522515
CCN(CC)c1nc2c(S(=O)(=O)c3ccccc3)nnn2c2ccsc12,1.0579676295
Cc1ccc(Nc2nc(-c3cc(C(=O)O)no3)cs2)cc1,1.155275293
O=C(C1CCOCC1)N1CCCC(Cn2cnc3cccnc32)C1,2.699984281
Cc1c(CN2CCOCC2)cc(NC(=O)C2CCCCC2C)cc1C(F)(F)F,0.725545316
Cc1cc(=O)c(Oc2ccc(Br)cc2F)c(-c2ccc([S@@+](C)[O-])cc2)o1,1.638486293
O=C1Nc2ccc(F)c(F)c2C(CC(F)F)(c2ccc(F)cc2)N1CC(F)(F)F,2.032769321
Oc1cccc(C2C[C@H]3CC[C@H](C2)N3CCCOc2ccccc2)c1,1.3494806575
CC(=O)N1CCCC1c1cc2[nH]c(-c3ccccn3)nc2cc1Oc1ccc(S(=O)(=O)C(C)C)cc1,1.237330039
O=C(CCn1nnnc1-c1cccc(Cl)c1)c1ccccc1,1.111272488
C[C@H](O)C(=O)N1CCC(CCn2c(Sc3cc4c(cc3Br)CCO4)nc3c(N)ncnc32)CC1,1.249580562
COc1cccc2c(C(C(=O)O)N3CCN(C4=Nc5ccccc5Oc5ccccc54)CC3)c[nH]c12,2.2113085655
CCc1cnc(C)nc1NCC1CC(C(C)C)=NO1,2.716185915
Cc1noc([C@@H](NC(=O)n2c(=O)n(CCN3CCOCC3)c3ccccc32)C(C)(C)C)n1,0.477121255
C[C@H](Nc1ncnc2[nH]cnc12)c1cc2cccc(Cl)c2c(=O)n1-c1ccccc1,2.3020857485
CC1c2cc3c(cc2C2(CCCC2)CN1C(=O)c1ccncn1)OCCO3,0.6876147545
CC(=O)c1ccc(-c2ccc(-c3csc(C(=O)NCCN4CCOCC4)c3)cc2)cc1,1.73239376
CN(c1ccccc1)c1ncnc2c([C@H]3O[C@@H](COCc4ccccc4)[C@H](OCc4ccccc4)[C@@H]3OCc3ccccc3)cnn12,0.475534018
Clc1ccc([C@]23CCC[C@H]2CNC3)cc1Cl,1.34246216
CCN(CC)CCCC(C)Nc1ccnc2cc(Cl)ccc12,2.874365836
C[C@H]1C(=O)c2[nH]ncc2[C@@H](C2CC2)N1S(=O)(=O)c1ccc(C(F)(F)F)nc1,1.801405965
CCOC(=O)C1CCN(c2nc(C)cc(Cl)n2)CC1,0.3845186945
CC(C)(C)c1ccc(O)c(NC(=O)c2cc(Br)c[nH]2)c1,0.9167448735
CC(=O)C1=CC=C(C=C1)N2CCN(CC2)C3=NC=NC4=C3C=NN4C,2.037904357
Cc1ccc(-c2nn(CCC3CC3)c(=O)c(C3=NS(=O)(=O)c4cc(OCC(N)=O)ccc4N3)c2O)s1,1.62324929
COCCN1C(=O)C2=C(C3=CC=CC=C3O2)N=C1SCC(=O)NC4=CC(=C(C=C4)F)Cl,0.860936621
CCS(=O)(=O)c1ccc2oc(-c3ccc4c(c3)CCC4)nc2c1,1.300986564
CCC1(CCCCN2CCN(c3ccc(F)cc3)CC2)C(=O)Nc2ccccc21,1.586031884
N#CC1(n2cc([C@@H](NC(=O)N3CCCCC3)C3CCCCC3)nn2)CC1,1.230397825
Cc1cc2ccccc2n1CCNC(=O)c1ccc(-c2nnn[nH]2)cc1,2.2337338396666664
O=C(O)c1cnncc1NC(=O)N1C[C@H]2C[C@@H](c3ccccc3C(F)(F)F)C[C@H]2C1,2.834228116
CCCC(C)(COC(=O)N)COC(=O)NC(C)C,2.079181246
O=C(c1ccc(Br)cc1NS(=O)(=O)c1ccc(-c2cc(C(F)(F)F)on2)s1)N1CCCCC1,2.251494747
CCNCCNc1cc(-c2ccc(C(F)(F)F)cc2)c(C#N)c2nc3cc(Cl)c(Cl)cc3n12,2.607886123
CCCN(CC1CCCO1)C(=O)c1sc2ncn(C)c(=O)c2c1C,2.435027701
Cc1cc(-c2ccc(CCC(=O)Nc3ccc(-c4cnccn4)cn3)cc2)ccn1,1.322219295
C=C[C@@H]1C[C@]1(NC(=O)[C@@H]1C[C@@H](Oc2cc(-c3csc(NC(C)C)n3)nc3c(Br)c(OC)ccc23)CN1C(=O)[C@@H](NC(=O)OC1CCCC1)C(C)(C)C)C(=O)O,2.477121255
CC1c2c[nH]nc2-n2ccnc2N1S(=O)(=O)c1ccc(Cl)cc1,1.839228615
O=C(NO)C1(S(=O)(=O)c2ccc(OCc3ccc(OC(F)(F)F)cc3)cc2)CCC2(CCNCC2)C1,1.570712848
Cn1c2c(c(=O)c3cc(Oc4ccccc4)ccc31)CCC2,1.0095043545
COCCOc1cc2ncnc(N3CCN(C(=O)Nc4ccc(Oc5ccc(C)cc5)cc4)CC3)c2cc1OCCOC,1.114010162
O=C(c1ccc(Br)cc1NS(=O)(=O)c1cccc2nsnc12)N1CCCCC1,0.778821619
c1cc(-c2ncnc3sccc23)c2cc[nH]c2n1,1.2859464515
Oc1ccc(C2c3c(-c4ccc(F)cc4)nnc(O)c3Nc3nnnn32)cc1,1.6147357905000002
CC(CC1C2=CC=CC=C2CCC3=CC=CC=C13)CN(C)C,1.943098623
O=S(=O)(c1ccc(C(F)(F)F)nc1)N1[C@@H](C2CC2)c2cn[nH]c2C(F)(F)[C@H]1C1CC1,1.969362375
C1=CC=C2C(=C1)C(=C(C(=O)O2)CC3=C(C4=CC=CC=C4OC3=O)O)O,1.522704993
COCCNC(=O)c1cn2cc(-c3cccc4[nH]ncc34)nc(N3CCOCC3)c2n1,1.859033917
O=[N+]([O-])c1cn2c(n1)O[C@@H](COCc1ccccc1OC(F)(F)F)CC2,1.126043006
C1=CSC(=N1)N,1.730136004
Cc1nn(CCOCC(F)(F)F)c2c(Nc3ccncn3)nc(N3CCN[C@H](C)C3)nc12,1.880927865
CNC(=O)c1cccc(Oc2cccc(-c3c(C)cnc4c(Cl)cccc34)c2)c1,1.322219295
Cc1cc(NCc2ccccn2)n2ncc(-c3ccc(O)cc3)c2n1,3.471324193
CC(C)(CC(=O)N[C@H]1C2CC3CC1C[C@](C(N)=O)(C3)C2)NS(=O)(=O)c1cccc(Cl)c1F,2.343385842
CC1(COc2ccc(-c3ccc(OC(F)(F)F)cc3)cc2)Cn2cc([N+](=O)[O-])nc2O1,2.332354698
O=C(NC1CCCCCC1)N1CCOC2(CCOCC2)C1,2.1830223475
C[C@]12CC[C@H]3[C@@H](CC(F)[C@]4(O)C[C@@H](O)CC[C@]34C)[C@@H]1CC=C2c1cccnc1,8.68502e-05
CC(Oc1ccc(Cl)cc1)C(=O)Nc1cc(C(F)(F)F)ccc1-n1cncn1,1.338416648
CC(C)NCC(COC1=CC=CC=C1CC=C)O,1.341632336
CCCc1cnc(N2CCC(C3Cc4cc(C5=CCN(S(=O)(=O)CCC)CC5)cc(F)c4O3)CC2)nc1,2.357106862
COc1ccc2cc(CC/C(C)=N/O)ccc2c1,1.707570176
c1cc2c(cc1OCc1cn(CC3CCCNC3)nn1)CCC2,2.8644654330000003
Cc1ccoc1C(=O)N1CCCn2nc(C(=O)Nc3ccccc3)cc2C1,2.450249108
CCN1CCC2=C(CC1)OC(=N2)N,2.049140463
CC(C)(C)[C@H](NC(=O)n1c(=O)n(CCN2CCOCC2)c2ccccc21)C(N)=O,1.544043227
COc1ccc2nc3cc(Cl)ccc3c(N/C(=N/CCCN(C)C)C(C)C)c2n1,1.51851394
O=C(NC1=C(C(=O)c2ccccc2)N(Cc2ccccc2)S(=O)(=O)c2ccccc21)c1ccccc1,0.802270957
CC(C)CN1C(=O)CN(Cc2ccc(-c3ccc(F)c(CN4CCCC(F)(F)C4)n3)cc2)C1=O,0.602081706
CN1C(=O)OC2(C)CC(C)(C)c3ccccc3C12C,0.9108262025
Br.Cc1cc(C)n(CCCN(C)Cc2cn(C(C)C)c3cc(F)ccc23)n1,0.8329500135
O=C(/C=C/c1cccc2c1N(Cc1ccc(Cl)cc1Cl)C(=O)C2)NS(=O)(=O)c1cccc(Cl)c1,1.482142665
Cc1ccc2nc3c(cc(C(=O)N4COCC4(C)C)n3Cc3ccccc3)c(=O)n2c1,1.5534402235
COc1cc(CSc2nc3ccc(OC)cc3[nH]2)cc(OC)c1,1.107142106
C1CN2CCC1[C@H](C2)NC(=O)C3=CC4=C(S3)C(=CC=C4)Cl,2.079181246
Cl.NS(=O)(=O)c1cc(-c2nnc(CNCc3ccc(Cl)cc3)o2)c(Cl)cc1SCc1ccccc1,1.413333299
CCc1nn(CCOCC(F)(F)F)c2c(Nc3ccncn3)nc(N3CCNC(=O)C3)nc12,1.285001889
COc1cccc2c(C(=O)N3C[C@H]4CCCN4C[C@@H]3C)cn(CC3CCCCC3)c12.Cl,0.698952632
COc1cc(=O)[nH]cc1C(=O)N[C@@H]1CCO[C@H]1c1ccc(Cl)cc1,1.6092765185
O=C(COc1ccc2c3ccccc3n(C(=O)c3cccnc3)c2c1)N1CCCCC1,0.5736515440000001
CCCCN(CCCC)C(=O)CN1C[C@@H]([C@H]([C@@H]1C2=CC=C(C=C2)OC)C(=O)O)C3=CC4=C(C=C3)OCO4,1.860996437
CC1(C2=C(C=C(C=C2)C(=O)NC3=CC=C(C=C3)C(=O)O)C(C1=O)(C)C)C,2.079181246
CN1CCc2nc(C(=O)Nc3cc(C(=O)O)ccc3CCC(=O)Nc3ccc(Cl)cc3)sc2C1,2.607886123
Cc1sc2c(c1C)C(c1ccc(Cl)cc1)=N[C@@H](CC(=O)OC(C)(C)C)c1nnc(C)n1-2,1.114010162
CC(C)c1ccccc1Oc1ncccc1NC(=O)Nc1ccc(OC(F)(F)F)cc1,2.357106862
COc1cc(Sc2c(-n3ccnc3)[nH]c3ccccc23)cc(OC)c1OC,1.459682298
O=C1COc2c(Cl)cc(Cl)cc2N1Cc1nnc(-c2ccc(Cl)cc2)n1CCC(F)(F)F,0.841443718
C1=CC=C(C=C1)N(CCC(=O)O)C(=O)C2=C(C(=C(C=C2I)I)N)I,2.079181246
C=C(C)[C@@H]1CC[C@]2(C(=O)NCCN(CC)CC(=O)O)CC[C@]3(C)[C@H](CC[C@@H]4[C@@]5(C)CC=C(c6ccc(C(=O)O)cc6)C(C)(C)[C@@H]5CC[C@]43C)[C@@H]12,2.079181246
COc1ccc2c(c1)CC(C(=O)Nc1ccc(-c3cn[nH]c3)cc1OCCN(C)C)CO2,1.662776714
Cn1c(=O)c(F)c(Nc2ccc(I)cc2F)c2c(=O)n(C(CO)CO)cnc21,1.491389712
O=C(NOCCO)c1cc(/C=N\OCCO)c(F)c(F)c1Nc1ccc(I)cc1F,2.556302501
Clc1ccc(-c2noc(-c3ccc(Nc4ccc5c(c4)OCCO5)nn3)n2)cc1,1.78131775
CCCNCc1ccc(CCn2ccc(OCc3ccc(F)cc3)cc2=O)cn1,2.174113878
CC(C)(C)NC(=O)NC(=O)CN1CCCC1CN1CCCCC1,1.362134961
Cc1cccc(Cl)c1NC(=O)Nc1cc2ccccc2cc1C(=O)N[C@H](C(=O)O)C1CCCCC1,1.204174266
c1ccc(-c2oc3ncn4ncnc4c3c2-c2ccccc2)cc1,2.7247922175
CC1=CC=C(C=C1)S(=O)(=O)C(C2=CC=CC=C2)C3=C(ON=C3C)C,0.765832436
O=C(N[C@H](c1ccccc1)[C@@H](O)c1ccccc1)c1ccc(F)cc1,2.0262549925
CNC(=O)[C@@H]1C[C@H](Oc2ccccc2)CN1C1CCN(C(=O)NC(C)C)CC1,2.2077631135
COc1cc(Br)c(S(=O)(=O)NC2CCN(S(=O)(=O)c3ccccc3)CC2)cc1OC,2.5172291835
Cc1ccc(S(=O)(=O)N2CCC(C(=O)Nc3ccc4cc(C(=O)O)ccc4c3)CC2)c(C)c1,1.556302501
N[C@@H](CC(=O)N1CCC[C@H]1c1noc(C2(C(F)(F)F)CC2)n1)Cc1cc(F)c(F)cc1F,2.079181246
COc1ccc2c(c1)C[C@H](C(=O)Nc1ccc(-c3cn[nH]c3)cc1OC1CCN(C)CC1)NC2,2.016949813
Cc1cc(C)n(-c2nc(NCc3ccco3)c3c4c(sc3n2)COC(C)(C)C4)n1,0.9117858985
O=C(N[C@H](Cc1c[nH]c2ccccc12)C(=O)Nc1ccncc1)c1ccc(N2CCN(c3cccc(F)c3)CC2)cc1F,0.77815125
COc1cccc(-c2nc3ccc(OCCCN4CCCCC4)cc3c(=O)n2CC(=O)NC(C)C)c1,1.715368522
CCCNC(=O)C1CCN(C(=O)c2cc3sc(-c4ccccc4F)cc3n2Cc2ccc(OC)cc2)CC1,1.55025282
COc1ccc(CCN2CCC(CNS(=O)(=O)c3ccc(-c4ccc(=O)[nH]n4)s3)CC2)cc1,1.64266953
COc1c(C)cnc(CN2CCC(NC(=O)OC(C)(C)C)CC2)c1C,2.415833566
CC(C)(C)OC(=O)N[C@@H]1CC[C@@H](n2nnc3cnc4[nH]ccc4c32)C1,1.73239376
NCc1cc(-c2cccnc2)n[nH]1,2.376613451
CCN1CCCC1=O,2.079181246
Cc1ccccc1-c1nc2ccccc2cc1C(C)n1c(=O)n(-c2ccc(O)c(F)c2)c2cnc(N)nc21,1.306193874
CCN(CC)Cc1ccc2c(c1)CN(C(=O)Nc1ccc(OC)cc1)CCO2,1.300328268
CC1=C(C=C(C=C1)C(=O)NC2=CC=C(C=C2)S(=O)(=O)NC3=NC4=CC=CC=C4N=C3NC5=CC(=CC(=C5)OC)OC)OC,2.079181246
N#Cc1c(-c2ccc(C(F)(F)F)cc2)cc(NC2CCNCC2)n2c1nc1ccccc12,3.315766141
CC(C)(C)c1cn2c3ccccc3nc2n1CCNC1CCCCC1.Cl.Cl,1.234241319
CNC(=O)OCC[C@H]1C[C@@H]1c1cncc(OC[C@@H]2CCN2)c1,3.313567139
Cc1ccccc1-c1ccc2c(c1)[nH]c(=O)c1nc(-c3c(F)cccc3Cl)[nH]c12,2.834228116
CCN1C(=O)C2(NC(C)Cc3c2[nH]c2ccccc32)c2ccccc21,0.7756319675000001
CCN(CC)CC1=NC(=CC=C1)/C=C/C2=NC3=C(C=C(C=C3)F)C(=O)N2C4=CC=CC=C4Cl,1.411451342
CCOc1cc(NC(=O)C2(NC(=O)c3ccc4c(C5CCCC5)c(-c5ncc(Cl)cn5)n(C)c4c3)CCC2)ccc1/C=C/C(=O)O,2.008600172
CN1CCN(Cc2ccc(-c3cn(C(=O)OC(C)(C)C)nc3C3CCCN(C(=O)OC(C)(C)C)C3)cc2)CC1,0.7902736134999999
COc1c(Br)ccc2c1sc1ncnc(NC(C)C(=O)O)c12,1.356414953
O=C(NCCN1CCOCC1)c1ccc(-c2nccc3ccccc23)cc1,2.036710039
C[C@H](Cc1cccc(CC(=O)NCc2ccc(Cl)c(Cl)c2)c1)NC[C@H](O)c1ccc(O)c(CO)c1,0.6020708484999999
CCS(=O)(=O)NCc1cncc(-c2c(C#N)c3ccc(Cl)cc3n2C)c1,1.886377907
COc1ccc([Si](C)(C)C)cc1NC(=O)Nc1ccc(OCCN2CCOCC2)c2ccccc12,2.651367407
O=C(NCc1ccc(S(=O)(=O)N2CCCCC2)cc1)c1cc2ccncc2[nH]1,1.477121255
CC1=NN2C(=N1)C3=CC=CC=C3N=C2NNC(=O)CCC(=O)N4CCN(CC4)C5=CC=CC=C5,2.030802049
Cc1cccc(-n2nncc2CCC(=O)c2ccccc2)c1,0.725545316
O=[N+]([O-])c1cn2c(n1)OC[C@@H](OCc1ccc(-c3ccc(C(F)(F)F)cc3Cl)cc1)C2,2.69790644
CC(C)n1ccnc1/N=C(/Nc1ccc(Cl)c(Cl)c1)NC(C)(C)C,1.606359865
Cn1c(=O)cc(N2CCC[C@@H](N)C2)n(Cc2cc(F)ccc2Br)c1=O,1.954242509
NC(=O)c1ccccc1NC(=O)c1cccnc1N1CCCCC1,1.2228155805
O=C(/C=C/c1ccc(/C=C(/CNC2CC2)c2cccc(Cl)c2)cc1)NO,1.415667609
CCOP(=S)(OC1=CN=C(N=C1)C(C)(C)C)OC(C)C,1.046495164
C1=CC=C(C=C1)C(=O)NCCC(=O)O,2.079181246
CCN(C(=O)SCC(=O)Nc1ccc(-c2ccc(CC(=O)O)cc2)cc1Cl)c1ccc(C(C)(C)C)cc1Cl,0.602081706
O=S1(=O)N=C(N2CCOCC2)c2ccccc21,3.315766141
Cc1sc(NC(=O)NCCC(=O)OC(C)C)c(C#N)c1C,0.941030237
C1CN(CCN1C2=NC=NC3=C2OC4=CC=CC=C43)C(=S)NCC5=CC6=C(C=C5)OCO6,1.26904571
CC1(C)CC(CNCCC(c2ccc(F)cc2)c2ccco2)CCO1,1.1908305755000002
CCOc1cc(=O)n2c(c1C(=O)NC1CCCC1)CCCCC2,1.817556655
O=C1c2[nH]ncc2C(C2CC2)N(S(=O)(=O)c2ccc(Cl)s2)C12CC2,0.654701031
CCN(C)C(=O)N1CC(N)C(c2ccc(Cl)cc2Cl)C1,2.255272505
CC1(C)CCC(NCCCCN(C[C@H]2Cc3ccccc3CN2)[C@H]2CCCc3cccnc32)CC1,0.761410839
CC(C)CC(N)C1(c2ccc(Cl)c(Cl)c2)CCCCC1,1.91897343
Clc1ccccc1C1(c2ccnc(C3CCCC3)n2)CCNCC1,1.3503467915
CNC(=O)c1c(-c2ccc(F)cc2)oc2ccc(-c3cc(C(=O)NC4(c5ccccc5)CC4)ccc3C)cc12,1.1479658925
O=C(C(c1ccc(F)c(F)c1)n1cccn1)N(CCF)CCCN1CCC2(CC1)OCc1cc(F)ncc12,0.991556871
O=C(NCc1ccc(Cl)cc1Cl)N1CCC(Oc2ccc(Cl)cc2)CC1,1.886377907
COc1cc(=O)[nH]cc1C(=O)NC1CCCN(c2ccccc2)C1=O,2.1355916195
CCN(CC)CCCn1c2c(c3ccccc3c1=O)C(=O)C(=O)c1cc(C)oc1-2,1.951628894
Nc1ncc(-c2cn3cc(C(=O)NCCN4CCOCC4)nc3c(N3CCOCC3)n2)cn1,1.201387804
[2H]C([2H])([2H])Oc1cccc(-n2nc3c4ccc(Br)cc4[nH]cc-3c2=O)c1,1.997610003
Cl.Cl.c1ccc2c(-c3cn4c5ccccc5n(CCN5CCCCC5)c4n3)cccc2c1,0.766813135
O=C(N[C@H](Cc1c[nH]c2ccccc12)C(=O)Nc1ccncc1)c1ccc(N2CCN(c3ccc(Cl)cc3Cl)CC2)cc1F,1.204174266
O=C(NCCN1CCOCC1)c1cc(-c2ccc(-c3ccccc3)cc2)cs1,2.482902155
N#Cc1c[nH]c(C(=O)Nc2ccc(C3CCN(CC(=O)O)CC3)cc2C2=CCCCC2)n1,2.535415889
COC(=O)CC(c1c(O)cc(C)n(CCc2ccc(O)cc2)c1=O)c1cnn2cccnc12,1.0905163415
[2H]C([2H])([2H])N1CCN(Cc2ccc(C(=O)Nc3ccc(C)c(Nc4nccc(-c5cccnc5)n4)c3)cc2)CC1,1.414939939
O=C(C1CCCC1)N1CCn2c(nnc2-c2ccccc2)C1,2.2457032745
CNc1cc(-c2csc(N(C)C(=O)c3ccc(F)cc3)n2)ncn1,1.111272488
N#Cc1c[nH]c(C(=O)Nc2ccc(C3CCN(C(=O)Cc4ccncc4)CC3)cc2C2=CCCCC2)n1,0.496969034
Cc1csc(-c2cccnc2)n1,1.556302501
O=S(=O)(c1ccc(Cl)cc1)N1C2Cc3[nH]ncc3C1CN(S(=O)(=O)C1CC1)C2,3.012537144
OCC1CCCN(CCCC2CCCc3ccc(OCc4noc(-c5ccccc5F)n4)cc32)C1,1.230397825
C1CN2CCC1[C@@H](C2)NC3=C(C(=O)NC4=C3C=C(C=C4)Cl)C5=NC6=CC=CC=C6N5,1.27392678
N#CC1(n2cc([C@@H](NC(=O)c3ccsc3)C3CCCCC3)nn2)CC1,1.278799314
N#C/N=C(\NCc1ccc(S(=O)(=O)N2CC3CCC(C2)O3)cc1)Nc1cccnc1,1.5024178
Cc1cc(C)[nH]/c(=N\N=C\C2=C(O)CC(C)CC2=O)n1,1.9921351055
COc1ccc(-c2nc3c(C(=O)Nc4cnccc4C)ccnc3[nH]2)cc1,1.670869024
Cc1nc(-c2cccc3ccccc23)sc1C(=O)N(C)CCO,1.238247268
COc1cc(Cl)ccc1O[C@@H](c1ccccc1)[C@@H]1CNCCO1,2.079181246
CS(=O)(=O)N1CCC(C(=O)N(CCCN2CCC(Cc3ccc(C#N)cc3)CC2)c2ccc(Cl)c(Cl)c2)CC1,1.301029996
CCOC(=O)c1[nH]c(C)c(C(=O)CN(CC(C)C)S(=O)(=O)c2ccc(F)cc2)c1C,0.256761023
C[C@]12CCC(=O)C=C1C1(CC1)C[C@@H]1[C@@H]2CC[C@]2(C)C(c3cccnc3)=CC[C@@H]12,8.68502e-05
C1CCC(NC2CCCCC2)CC1.CN(C)c1cccc2c(S(=O)(=O)NC(CC(=O)O)C(=O)O)cccc12,1.7557789575
COC(=O)c1cc(Cl)c(NC(=O)c2cc(OC)c(OC)c(OC)c2)cc1OC,1.3003450255
CC(=O)O[C@H]1C[C@H]2[C@@H]([C@H](OC(C)=O)C[C@@H]3C[C@H](NS(C)(=O)=O)CC[C@@]32C)[C@@H]2CC[C@H]([C@H](C)CCCN(C)CCNc3ccnc4cc(Cl)ccc34)[C@@]12C,1.146065989
CCNC(=O)Nc1sc2cc(C)ccc2c1C(=O)N1CCN(C2CCN(C(=O)C(C)(C)C(F)(F)F)CC2)CC1,1.873083882
CCOC(=O)Cn1c2c(c(=N)c3c1CCC3)CCC2,2.398597273
CCOC1=CC(=O)N2CCCCC2=C1C(=O)NC3=CC=C(C=C3)C#N,2.079181246
CCCN(CCC)CCNC(=O)C1CCN(CC1)CC2=C(OC(=N2)C3=CC=C(C=C3)Cl)C,1.317247735
CCOC(=O)c1[nH]c(=O)n(CCS(C)(=O)=O)c1C,1.8167632735
C[C@@H]1CN(c2ccc(F)cc2C(F)(F)F)CCN1S(=O)(=O)c1cn(C)c(C(C)(O)C(F)(F)F)n1,1.00008685
CCN(CC)/C(=N\S(=O)(=O)c1ccccc1C)c1ccccc1,0.8844842835
CCC(=O)N1CCN(c2ccc(-n3c(=O)ccc4cnc5ccc(-c6cnc7ccccc7c6)cc5c43)cc2C(F)(F)F)CC1,1.064599615
CCC(CC)NC1=NC(=C(N=C1OC)C2=C(C=C(C=C2)OC(F)(F)F)OC)C,1.311753861
CC(C)CCn1nc(N(C)C(C)(C)C)c(O)c(C2=NS(=O)(=O)c3cc(NS(C)(=O)=O)ccc3N2)c1=O,0.602081706
CCc1ccc(/C=N/Nc2nn3cnnc3c3ccccc23)cc1,1.1193779835000002
CN(C[C@@H]1C[C@H](F)CN1Cc1cncnc1)c1cnc(C#N)cn1,2.6849408935000003
c1ccc(Cn2nnnc2C(c2ccc(-c3csnn3)cc2)N2CCCN(C3CCC3)CC2)cc1,0.9029814
COCC(=O)N(C)C1CCN(c2nc(C)c3cc(NC(=O)/C=C/c4ccc(OC(F)(F)F)cc4)ccc3n2)CC1,1.748498267
Fc1ccccc1C(Cc1ccccc1OC(F)F)N1CCNCC1,1.959136831
Nc1c(Br)cc(Br)cc1C(=O)NC1CCCCC1,1.3084083725
CCCn1ncc(N2CCC(C(=O)N3CCN(CCOc4ccc(Cl)cc4)CC3)CC2)cc1=O,1.8212836825
c1ccc2c(c1)OCC(c1noc(CCc3c[nH]nn3)n1)O2,2.5998968945
Br.CCN(CC)CCn1c(=N)n(CCCOc2ccc(Cl)cc2Cl)c2ccccc21,0.963693405
CCN(CC)c1ccc(-c2nnc(-c3ccc(N(CC)CC)cc3)o2)cc1,0.93903271
Cc1nc2ccccc2nc1SCC(=O)NC(=O)Nc1ccccc1Cl,1.881270504
FC(F)(F)Oc1ccc(C(c2nnnn2Cc2ccccc2)N2CCCN(C3CCC3)CC2)cc1,1.322219295
Cl.N#Cc1c(-c2ccc(C(F)(F)F)cc2)cc(NCCN2CCCC2)n2c1nc1ccccc12,1.292300385
CN1CCC(c2c[nH]c3ccc(Nc4ccc5c(C6CCNCC6)c[nH]c5n4)cc23)CC1,2.908916118
C[C@H](O)C(=O)N1CCC(CCn2c(Sc3cc4c(cc3Br)OCO4)nc3c(N)ncnc32)CC1,1.504615685
CCC(CC)c1nn(CCO)c2c1N=C(c1ccc(-n3ccnc3C)cc1)CNC2=O,0.698952632
CC(=O)N1C[C@@H]2C[C@H]1CN2C(=O)[C@@]1(C(C)C)CC[C@@H](NC2CCOCC2)C1,2.079181246
Cc1cc(C)cc(N(C(=O)Cc2cccs2)C(C(=O)NC2CCCC2)c2ccncc2)c1,0.8519555315
CN1CCC(c2cccc(Nc3nc4c(-c5ccc(S(C)(=O)=O)cc5)cccn4n3)c2)CC1,1.602081706
CCOc1ccc(C(=O)N2CCc3cc(OC)c(OC)cc3C2CC2CC3c4cc(OC)c(OC)cc4CCN3CC2CC)cc1,0.850441209
CC(=O)c1ccc(N2CCC(OC(=O)CCc3nnc[nH]3)CC2)cc1,1.6374069145
Cc1cc(-c2cc(=O)n(Cc3ccc(F)cc3Cl)nc2-c2ccco2)on1,2.427450672
O=C(/C=C/c1cccc2c1N(Cc1ccc(Cl)cc1Cl)C(=O)C2(F)F)NS(=O)(=O)c1cc(Cl)c(Cl)s1,2.557304782
CCOc1ccc(S(=O)(=O)N2CCN(c3ccc(F)cc3C(F)(F)F)C[C@H]2C)c(Cl)c1,1.34246216
COc1cc2c(cc1OC)/C(=N\c1ccccc1)N(Cc1ccccc1F)CC2,0.781277523
CCCC(=O)N[C@H]1CCCCC/C=C\[C@@H]2C[C@@]2(C(=O)NS(=O)(=O)C2CC2)NC(=O)[C@@H]2C[C@@H](Oc3cc(OCC)nc4c(C)c(OC)ccc34)CN2C1=O,1.36169007
COc1ccc(CCN2CCC(NC(=O)c3cc4cc(Br)ccc4o3)CC2)cc1,1.026010925
O=C(CCc1nnnn1-c1ccccc1)C1CCCCC1,0.974090288
COC(=O)c1ncn2c1C(=O)OC(COc1ccccc1)C2,0.7577969284999999
CCOc1cc(=O)n2c(c1C(=O)NCc1ccccc1Cl)CCCCC2,0.5428263955
CNC(=O)C1=CN(N=C1)C2=NC(=C3C(=N2)N(C=N3)[C@H]4[C@@H]([C@@H]([C@H](O4)CO)O)O)N,2.079181246
CN(C)Cc1ncccc1-c1ccc(-c2ccc3c(C(N)=O)nn(-c4ccc5onc(N)c5c4)c3c2F)c(F)c1,1.662358204
CCc1nc(N)nc(N)c1-c1ccc2c(c1)N(CCCOC)C(=O)C(c1cccc(F)c1F)O2,1.322219295
Cc1c(C(=O)Nc2cc(Cl)ccn2)nn(C)c1-c1ccc(F)cc1,2.100370545
CNC1=CC=CC(=N1)CCOC2=CC3=C(C[C@H](C(=O)N(C3)CC(F)(F)F)CC(=O)O)C=C2,2.079181246
COc1cc(=O)[nH]cc1C(=O)N1CCCCC1c1ccccc1,2.2847419935
O=C(c1ccc(Br)cc1NS(=O)(=O)c1csc2ccccc12)N1CCCCC1,1.150725122
CCC(C)n1c(=O)c2sccc2n2c(CCCC(=O)N3CCc4ccccc4C3)nnc12,0.8603424395
O=C(O)c1ccc2c(c1)NC(=O)c1ccccc1S2(=O)=O,2.238377383
O=C(CN1C(=O)CCc2ncccc21)Nc1scc(Br)c1-c1nccs1,0.773065702
Brc1ccc2ccnc(N3CCCC3)c2c1,0.6633880139999999
COC1=CC(=C(C=C1)OC)S(=O)(=O)NC2=CC3=CC=CC=C3N=C2,1.48896522
Cn1c(-c2ccc(C(F)(F)F)cn2)c(C2CCCCC2)c2ccc(C(=O)NC(C)(C)C(=O)Nc3ccc(/C=C/C(=O)O)cc3)cc21,1.51851394
COc1nc(OC)c(C(C)C)c(-c2nnn(C)n2)n1,1.433351906
CC(C)(C)C(=O)C[S+]([O-])c1cnnn1-c1ccccc1,1.176091259
CC(C)CCn1nc(CC(C)C)c(O)c(C2=NS(=O)(=O)c3cc(NS(C)(=O)=O)ccc3N2)c1=O,0.869114327
CC1(O)C2CC3CC(C2)C(CC(=O)N2CC(O)C2)(c2ccc(F)cc2)C1C3,0.890656317
C1CCN(CC1)C(=O)[C@H]2CCC(=O)N2,2.079181246
COCCCNC(=O)CCC(=O)NNC1=NC2=CC=CC=C2C3=NC(=NN31)C4=CC=CC=C4,2.079181246
CC[C@H]1OC(=O)[C@H](C)[C@@H](O[C@H]2C[C@@](C)(OC)[C@@H](O)[C@H](C)O2)[C@H](C)[C@@H](O[C@@H]2O[C@H](C)C[C@H](N(C)C)[C@H]2O)[C@](C)(O)C[C@@H](C)CN(CCNC(=S)Nc2cccc3ccccc23)[C@H](C)[C@@H](O)[C@]1(C)O,2.079181246
COCCCn1c(NC(=O)c2cccc(C#N)c2)nc2ccc(C(=O)N(C)C(C)C)nc21,1.176091259
O=C(Nc1cccc(Br)c1)c1nc(Br)cs1,1.324109973
CC(C)CC1CN(C(=O)C(=O)c2c[nH]c3cccc(F)c23)CCN1C(=O)c1ccccc1,0.81970974
CCOc1nc(NC(=O)C2(NC(=O)c3ccc4c(C5CCCC5)c(-c5ccc(Cl)cn5)n(C)c4c3)CCC2)ccc1/C=C/C(=O)O,2.222664457
O=S1(=Nc2cc(C(F)(F)F)cc(C(F)(F)F)c2)CCCCC1,0.77815125
CCc1nc2ccccc2nc1SCC(=O)NC(=O)Nc1cccc(F)c1C,1.495572087
Cc1cc2nc(N3CCN(Cc4ccccc4)CC3)n(CC(=O)c3cc(C(C)(C)C)c(O)c(C(C)(C)C)c3)c2cc1C,2.240549248
CCCCN1C(=O)[C@@H]([C@@H](O)C2CCCCC2)NC(=O)C12CCN(Cc1ccc(Oc3ccc(C(=O)O)cc3)cc1)CC2.Cl,1.998840567
Cc1cnc(NCC(c2ccccc2)c2ccccc2)c(=O)n1CC(=O)NCCONC(=N)N,0.91897343
Nc1ncnc2c1nc(Sc1cc3c(cc1Br)OCO3)n2CCc1ccccc1Cl,0.779639768
CCn1c(SCC(=O)Nc2cccc3ccccc23)nnc1C1Cc2ccccc2C1,0.606612384
CNC(=O)c1cc(N)c(Nc2ccc(C#N)cc2)cc1Oc1c(C)cc(CCC#N)cc1C,1.745839601
CC1CN(c2nc3ccccc3n2C2CCN(C3(CO)CCCCCCC3)CC2)CCN1,1.294422133
Cn1c(-c2ccccn2)c(C2CCCCC2)c2ccc(C(=O)N[C@@]3(C(=O)Nc4ccc(/C=C/C(=O)O)cc4)CCNC3)cc21,2.477121255
C1C[C@]2(C[C@@H]3N(C2=O)[C@H](CCS3)C(=O)N)N(C1)C(=O)CC4=CC=C(C=C4)NC(=O)COC5=C(C=C(C=C5)Cl)Cl,0.88536122
CS(=O)(=O)c1ccc(C(CCNC(=O)c2ccc(C#N)nc2)c2ccc(F)cc2)cc1,2.477121255
CC(C)(C)OC(=O)N1CCC2(CC1)NN=C1C=C(N3CCN(c4ccccc4F)CC3)N=CN12,2.0197460105
CC1(C)CN(c2ccccc2NC(=O)Nc2ccc(OC(F)(F)F)cc2)c2c(O)ccc(-c3ccc(Cl)cc3)c21,1.599395072
Cc1ccc(Nc2nc(-c3cc(C(=O)Nc4ccccc4)no3)cs2)cc1,1.545307116
CCN1C(=O)CCC2(C(=O)NCCN(C)C3CCCCC3)CCCC=C12,1.7263196595
O=C(c1cccs1)C1C(C(=O)c2ccco2)C2(C(=O)Nc3ccccc32)C2C=Cc3ccccc3N12,0.8191830330000001
CS(=O)(=O)N(C#Cc1ccccc1F)Cc1ccccc1,0.8941763315
CC(=O)N[C@H]1CCC2=CC(=C(C(=C2C3=CC=C(C(=O)C=C13)OC)OC)OC)OC,2.079181246
C[C@H]1[C@@H]([C@H]([C@H]([C@@H](O1)O[C@H]2C[C@H]([C@@]3([C@@H]4[C@@H](CC[C@@]3(C2)O)[C@]5(CC[C@@H]([C@]5(C[C@H]4O)C)C6=CC(=O)OC6)O)CO)O)O)O)O,2.079181246
Cn1c(-c2ccccn2)c(C2CCCCC2)c2ccc(C(=O)NC(C)(C)C(=O)Nc3ccc(-c4nc(C(=O)O)cs4)cc3)cc21,1.740378482
CC(C)n1ccnc1/N=C(/Nc1ccc(Cl)c(Cl)c1)N1CCCCC1,1.431363764
COc1ccc(-c2noc(Cn3cnc4c(cnn4-c4ccc(Cl)cc4)c3=O)n2)cc1,1.2786676865
CN1CCN(CCc2ccc(Nc3ncc4c(=O)c(C(N)=O)cn(-c5ccc6c(c5)CCC6)c4n3)cc2)CC1,2.229931241
COc1ccc2c(c1)C[C@H](C(=O)Nc1c(F)cc(-c3cn[nH]c3)cc1OCCN(C)C)NC2,2.049295568
COC(=O)c1c(CCc2ccc(OC)cc2)nc(CCc2ccccc2)c(O)c1C(=O)OC,0.852578447
CCOc1ccc(-c2c(C)n[nH]c2NC(=O)c2cc(OC)cc(OC)c2)cc1OCC,1.4855741189999998
C[C@]12CCC(=O)CCC1=CC[C@@H]1[C@@H]2CC[C@]2(C)C(n3ccnc3)=CC[C@@H]12,8.68502e-05
CONC(=O)c1cn(C2CCCCC2)c2nc(Nc3ccc(C4CCN(C)CC4)cc3)ncc2c1=O,2.229931241
CCCc1nc(C(=O)N2C[C@@H](CN3C[C@@H](C)O[C@@H](C)C3)[C@@H](CO)C2)cs1,1.7615701865000002
CC1=C2C[C@H]3[C@@H](CC[C@@H]4C/C(=N/O)CC[C@@]43C)[C@@H]2CC[C@@]2(C1)O[C@@H]1C[C@H](C)CN[C@H]1[C@H]2C,1.653212514
Cc1nn(-c2ncccc2Cl)cc1CN1CCC2(CC1)OCc1ccccc12,1.609674042
N#Cc1ccccc1Cn1c(N2CCC[C@@H](N)C2)ncc(/C=C/c2cccnc2)c1=O,2.300986564
CCNCC1(c2ccc(Cl)c(Cl)c2)CCCCC1,2.082857149
CC(C)Cn1c(C(C)C)nnc1N1C[C@@H]2CCS(=O)(=O)[C@@H]2C1,2.279142078
CC1=NN2C(=N1)C3=CC=CC=C3N=C2NNC(=O)CCC(=O)N4CCN(CC4)C5=CC=C(C=C5)F,1.606703741
O=C(c1ccc(Br)nc1NS(=O)(=O)c1cccc2nccnc12)N1CCCCC1,1.124641826
CC(c1ncc(-c2ccc(O)cc2)s1)C(O)(Cn1cncn1)c1ccc(F)cc1F,1.820449853
C1[C@@H]([C@H](O[C@H]1N2C=C(C(=O)NC2=O)C(F)(F)F)CO)O,2.079181246
CC1=CCC(c2nnco2)C(c2ccc(F)cc2)C1,1.232252386
C[C@]12CC[C@H]3[C@@H](CCC4=CC(=O)CC[C@@]43C)[C@@H]1CC[C@@H]2O,1.6086484858333332
Oc1c2ccc(-c3ccc[nH]3)nc2nn1-c1ccccc1,1.402794878
CCC1=C(c2nc(C3CCCCC3)co2)[C@H](c2ccc(O)c(Cl)c2)NC(=O)N1,2.120573931
CCn1nc(C)c(CNc2nnc(C3CCCCC3)o2)c1C,2.3742213185
O=C1CC2(CCCC2)CC(=O)N1CCCCN1CCN(c2ncccn2)CC1,0.9552935575
COC(=O)c1c(NS(C)(=O)=O)sc2c1CCCC2,0.8187753815000001
O=C(COc1ncnc2scc(-c3ccccc3)c12)c1ccc(S(=O)(=O)N2CCCC2)cc1,0.6840171005
CC(C)OCCCNC(=O)c1ccc(C(C)(C)C)cc1,1.1529383735
CCn1cnc2ccc(-c3ccc(Cl)cc3Cl)c(CN)c21,2.300986564
CCCN(CCC)c1ccc(C(=O)NCCn2c(C)cc3ccccc32)cc1,1.102876542333333
CC1=CC(=C(C(=C1)C)N2C=C(C3=C2N=C(N=C3Cl)C)C)C,1.005180513
O=C(Nc1ccc2sc(-c3ccc(F)c(F)c3)nc2c1)N1CC[C@H](F)C1,1.816286247
C1=C2C3=C(C(=C1O)O)OC(=O)C4=CC(=C(C(=C43)OC2=O)O)O,2.122768775
Cl.Oc1ccc(C2NCc3ccccc3-n3cccc32)cc1Cl,1.6152909544999998
CC(C)(C)c1nc2cc(S(=O)(=O)c3ccncc3)ccc2n1CC1CCOCC1,0.912100027
CN1CCC(NC(=O)c2cnc(Nc3cc(Cl)cc(Cl)c3)nc2NC2CCOCC2)CC1,1.544043227
O=C(NCc1ccc(Cl)cc1Cl)N1CCC(Oc2ccc(OC(F)(F)F)cc2)CC1,1.934397441
CC12CC3(C(=O)Nc4ccc(Cl)cc4C(=O)c4ccccc4)C1CCC23C,0.256761023
CNc1nc(NCCCN(C)C)c2sc(-c3ccccc3)cc2n1,2.53766801
Cc1cc(CCC#N)cc(C)c1Oc1cc(Nc2ccc(C#N)cc2)c(N)cc1CNC1CC1,1.9636786185
FC(F)(F)c1ccccc1-c1ccc2[nH]c(C3=NCC4(CCCCC4)O3)nc2c1,1.34291389
CNNC(=O)c1cc(Cl)cc(C)c1NC(=O)c1cc(Br)nn1-c1ncccc1Cl,1.4641365905
CNCc1ccc(-c2cccnc2)o1,1.819543936
C[C@H]1CN(c2cc(N(CCO)Cc3cccc4ccccc34)[nH]c(=O)n2)CCO1,2.237995893
CC(C)CC(O)C1CCN(C(=O)CCCn2cncn2)CC1,2.2722581985000003
c1cncc(-c2c[nH]cn2)c1,2.845594093
COc1ccc(CCN2C(=O)N(NS(C)(=O)=O)CC2c2ccc(C)c(C)c2)cc1,1.114010162
CCCNC(=O)Nc1ccccc1S(=O)(=O)NCCC,3.315766141
COC(=O)c1cc(Cl)ccc1C1CCN(CC(=O)N2CCc3ccccc32)CC1,0.6708802625
O=C(NC[C@H]1CC[C@@H](CCOc2ccccc2)CC1)c1ccc2[nH]ncc2c1,1.300986564
CCCN(CCCNc1ccnc2cc(Cl)ccc12)Cc1cc(OC(F)(F)F)ccc1O,0.889184172
CC1CN(C(=O)C2CCC2)C(C)CN1C(=O)C1CCC1,1.856744498
CO[C@]1(c2cccc(C#N)c2)CCCC[C@@H]1CN(C)C,2.552524742
Brc1c[nH]nc1-c1nc2c3ccccc3ncn2n1,3.315766141
O=C(O)C(F)(F)F.c1cnc2c(c1)OC(Cn1nnc3ncc(-c4ccc(OCC5CCNCC5)cc4)nc31)CN2,2.404680463
Cc1cnc(CC2CCCN(C(=O)NC(C)(C)C)C2)n1CC1CC1,1.507603005
C[C@](O)(c1ccc(C(=O)N(C2CC2)[C@H]2CC[C@H](CC3(C#N)CC3)CC2)cc1)C(F)(F)F,2.295268828
COC(=O)N[C@H](C(=O)N1CCC[C@H]1C(=O)Nc1ccc([C@@H]2CC[C@@H](c3ccc(NC(=O)[C@@H]4CCCN4C(=O)[C@@H](NC(=O)OC)[C@@H](C)OC)cc3)N2c2ccc(F)cc2)cc1)[C@@H](C)OC,1.528234791
O=C[C@H](C[C@@H]1CCNC1=O)NC(=O)[C@H](CC1CCCCC1)NC(=O)OCc1cccc(Cl)c1,1.954301404
CCC(=O)N(C)c1cc2c(NCc3ccc(OC)c(Cl)c3)ncnc2c(CCO)c1OC,1.355913422
CC(C)C1=CC2=C(C=C1)OC3=NC(=C(C=C3C2=O)C(=O)O)N,2.079181246
C[C@@H]1CN(C(=O)c2ccccc2)CCN1C(=O)C(=O)c1c[nH]c2ncccc12,3.472756449
O[C@@H]1C[C@@H](c2nnc3n2CCN(Cc2cccc4[nH]ccc24)C3)N(Cc2ccccc2)C1,1.126786249
O=[N+]([O-])c1cn2c(n1)OC[C@@H](OCc1ccc(-c3ccc(Cl)c(OC(F)F)c3)cc1)C2,2.348694911
Cn1c(=O)[nH]c(=O)c2c1nc(NC1CCCCC1)n2CC(=O)NC1CCCCC1,1.0575934564999998
CC12CCC(C(=O)N(c3ccccn3)c3ccccn3)(OC1=O)C2(C)C,1.1489049605
COC(=O)C1=C(Nc2ccc(C)cc2C)O/C(=C\c2c[nH]c3ncccc23)C1=O,1.653271408
Cc1ccc(C(C)C)c(OCC(O)CN2CCN(CCO)CC2)c1.Cl,1.9888434705
CCNCCNc1cc(-c2ccc(C(F)(F)F)cc2)c(C#N)c2nc3ccccc3n12.Cl.Cl,2.136086097
CC1=CC(=C(C=C1)NC2=NC3=CC=CC=C3C4=NN=C(N42)C)C,0.810904281
COC(=O)N[C@H](C(=O)NN(CCC[C@@](O)(Cc1ccccc1)C(=O)N[C@H]1c2ccccc2C[C@H]1O)Cc1ccc(-c2ccncc2)cc1)C(C)(C)C,2.52642867
CC(NC(=O)CN1C(=O)CCn2nc(-c3cn(C)c4ccccc34)cc21)c1ccc2c(c1)OCCO2,0.9830962325
CCOc1ccc(S(=O)(=O)N2CCC(Oc3nccnc3C#N)C2)cc1C,0.547771515
CC(C)C[C@H]1C(=O)N(CC(=O)N2CCC(C(=O)O)CC2)C[C@H](c2ccccc2Cl)c2cc(Cl)ccc21,1.816286247
O=C(N[C@H]1CCC[C@H]1NC(=O)c1ccc(Cl)s1)c1ccc(-n2ccccc2=O)cc1,1.468424729
N=c1n(CCN2CCCCC2)c2ccccc2n1CC(O)c1ccccc1,2.2356737530000004
COc1cc(C)ccc1OCCN1CC[C@H]2CNC[C@H]21,1.5623302185
O=c1cc(OCc2ccc(F)cc2)ccn1CCc1ccc(CN2CCCC2)cc1,1.609674042
COc1ccc(CCN2C(=O)N(NS(=O)(=O)CF)C[C@@H]2c2ccc(OC)cc2)cc1,1.114010162
COc1cc(C=CC(=O)O)cc(S(=O)(=O)Nc2cccc(-c3n[nH]c4c3CCC4)c2)c1OC,2.5850355665
O=C(c1ccc(CN2CCOCC2)cc1)N1CCN(C2CCC2)CC1,1.818743439
c1cc2c(C3CCNCC3)c[nH]c2cc1Nc1ccc2[nH]cc(C3CCNCC3)c2c1,2.69790644
Cc1ccc(-c2ccc(S(=O)(=O)Nc3cccc(CO)c3)cc2)cc1,1.00008685
Cc1ccc(NC(=O)[C@H](CC2CCC(F)(F)CC2)n2ccc(S(=O)(=O)C(C)C)cc2=O)nc1,1.863441829
CCOC(=O)c1cc2cc(NC(=N)N)ccc2s1.O=C(O)C(F)(F)F,0.804396768
Cc1c(Nc2c(C#N)cncc2-c2cc3cc(CN4CCN(C)CC4)ccc3o2)ccc2[nH]ccc12,1.414939939
CC(C)NC(=O)N[C@H]1CC[C@H](Nc2ncc3ccc(=O)n(C4CCCC4)c3n2)CC1,0.845222106
O=S(Cc1ccn(Cc2ccccc2Cl)n1)c1nc2cc(Cl)ccc2[nH]1,1.137670672
CC1(C)C(=O)N(c2ccc(C#N)c(C(F)(F)F)c2)C(=S)N1CCCS(N)(=O)=O,2.306856127
Cn1cc(C[C@H](NC(=O)C2CCCCC2)C(=O)Nc2ccncc2)c2ccccc21,0.477121255
CC[C@@H]1C(=O)N(C)c2cnc(-n3ccnc3-c3ccc(F)cc3)nc2N1C1COC1,1.839228615
CC(C)COc1cc(=O)n2c(c1C(=O)N1CCN(c3ccccn3)CC1)CCCCC2,1.3075178235
C1=C(C=C(C(=C1S(=O)C2=C(C(=CC(=C2)Cl)Cl)O)O)Cl)Cl,1.999130541
CCCNC(=O)C1CCN(C(=O)c2cc3nc(Br)sc3n2Cc2ccc(OC)cc2)CC1,1.344352969
CC1=C2C[C@H]3[C@@H](CC[C@@H]4C[C@H](n5ccnn5)CC[C@@]43C)[C@@H]2CC[C@@]2(C1)O[C@@H]1C[C@H](C)CN[C@H]1[C@H]2C,1.602081706
O=c1[nH]c2cc(-c3ccc(Cl)cc3)ccc2c2[nH]c(-c3c(F)cccc3Cl)nc12,2.834228116
O=c1[nH]c2c(S(=O)(=O)c3ccc(Br)cc3)nnn2c2ccsc12,1.923326357
Ic1ccc(-n2ccnc2)cc1,3.315766141
O=C(NCC1(O)CCCCCC1)c1cc(-c2cc[nH]n2)ccc1Cl,1.079181246
O=C(O)/C=C/c1ccc2c(c1)N(Cc1ccccc1)C(=O)CO2,1.848318146
Cc1nc(Oc2ccc3c(c2)OCO3)c2c3c(sc2n1)CCC3,0.5559338869999999
CCONC(=N)c1ccc2[nH]c(-c3cccc(-c4ccccc4O)c3O)cc2c1,1.77815125
COc1cccc(CNC(=O)c2cn(CCCO)c3cc(-c4cn[nH]c4)ccc23)c1,1.322219295
COc1ccc(CC(=O)OCCn2cc(Br)ccc2=O)nc1,1.211092565
O=C(N[C@H]1COc2nc([N+](=O)[O-])cn2C1)c1cccc(OC(F)(F)F)c1,2.475143873
C=C1CC[C@H]2[C@@H]3CCc4cc(O)c(OC)cc4[C@H]3CC[C@]12C,1.486128145
CC(=O)c1c(NN2CCOCC2)oc(C)cc1=O,2.33319807
CC[C@H]1OC(=O)[C@H](C)[C@@H](O[C@H]2C[C@@](C)(OC)[C@@H](O)[C@H](C)O2)[C@H](C)[C@@H](O[C@@H]2O[C@H](C)C[C@H](N(C)C)[C@H]2O)[C@](C)(O)C[C@@H](C)CN(CCN(CCC(N)=O)C(=O)Nc2ccc3ccccc3c2)[C@H](C)[C@@H](O)[C@]1(C)O,2.079181246
COc1ccccc1OCc1ccc(CCC(=O)O)c(C(=O)N[C@H](CC(C)C)c2cc(C)cc(C)c2)c1,1.464644118
COc1cccc2c(C(=O)N3C[C@H]4CCCN4C[C@H]3C)cn(CC3CCCCC3)c12.Cl,0.698952632
O=C1CCc2cc(C(=O)NC[C@H]3CC[C@@H](COc4ccccc4)CC3)ccc2N1,1.204174266
COc1cc2c(N3CCN(C(=O)Nc4ccc(OC(C)C)cc4)CC3)ncnc2cc1OCCCN1CCCCC1C,2.008600172
CC(C)CCn1nc(-c2cccs2)c(O)c(C2=NS(=O)(=O)c3cc(N4CCCS4(=O)=O)ccc3N2)c1=O,1.447189051
NC(=O)c1sc(-c2ccc(F)cc2)cc1N,1.079181246
CCCCc1ccc(NC(=O)N2CCCN(C(=O)CCC3CCCC3)CC2)cc1,0.698952632
O=C(COc1cccc2[nH]cc(Cc3ccc4ccccc4c3)c12)NS(=O)(=O)c1cc(Cl)c(Cl)s1,1.731739325
CS(=O)(=O)Nc1ccc2c(c1)S(=O)(=O)N=C(C1=C(O)[C@@H]3[C@H]4CC[C@H](C4)[C@@H]3N(Cc3ccc(F)c(Cl)c3)C1=O)N2,2.475143873
Cc1cccc2c3c(ccc12)C1=C(C(=O)C3=O)C(O)C(C)(C)O1,1.75665132
CC(=O)O[C@H]1C[C@H]2[C@@H]([C@H](OC(C)=O)C[C@@H]3C[C@H](NS(C)(=O)=O)CC[C@@]32C)[C@@H]2CC[C@H]([C@H](C)CCCN(C)CCCNc3ccnc4cc(Cl)ccc34)[C@@]12C,1.041313715
O=C(NCc1ccc(S(=O)(=O)c2cc(F)cc(F)c2)cc1)c1cnc2nccn2c1,1.922687859
Cc1c(Nc2ccc(I)cc2F)c2c(=O)n(C[C@H](O)CO)cnc2n(C)c1=O,2.300986564
COc1cc(OC)cc(C2CC(=O)c3cc(OC)cc(OC)c32)c1,1.2654222924999998
O=C(NCC1(c2ncccc2F)CCN(S(=O)(=O)c2cccnc2)CC1)c1ccc(Cl)cc1Cl,0.353671036
CN1C2=C(C(=O)N(C1=O)C)N(C(=N2)CN3CCN(CC3)C(=O)C4CC4)CC5=CC=CC=C5Cl,1.381295623
N#CC1(n2cc([C@@H](NC(=O)c3cc4ccccc4o3)C3CCCCC3)nn2)CC1,1.230397825
CCCn1c(CN2C(=O)COc3c(C)cc(C)cc32)nnc1C1Cc2ccccc2C1,0.841443718
O=C1/C(=C/c2c[nH]c3ccccc23)Oc2c1ccc(O)c2CN1CCCCCC1,1.609674042
O=C(NCc1ccc(S(=O)(=O)c2ccccc2)cc1)c1ccc2cncn2c1,1.683688244
COCCOc1cc(=O)n2c(c1C(=O)Nc1cccc(OC)c1)CCOCC2,1.4024348055
CC1(C)CC=C(c2cc(C(C)(C)OCCN3CCOCC3)ccc2NC(=O)c2ncc(C#N)[nH]2)CC1,0.855136771
O=C(/C=C/c1cccc2c1N(Cc1ccc3ccccc3c1)C(=O)C2)NS(=O)(=O)c1ccc(Cl)c(Cl)c1,1.707320363
C[C@@H]1CN(c2ccccc2C(F)(F)F)CCN1S(=O)(=O)c1ccc(Cl)c(Cl)c1,0.477121255
O=[N+]([O-])c1cn2c(n1)OC[C@H](OCc1cccc(-c3ccc(F)cc3)n1)C2,1.945545984
Clc1ccc2c(NCCNCc3cnccc3Cl)ccnc2c1,1.00008685
COC(=O)Nc1ccc2c(c1)NC(=O)C[C@@H](C)CCC[C@H](NC(=O)c1c(F)cc(C)cc1F)c1nc-2c(Cl)[nH]1,1.653212514
CCOc1cccc2c1c(/C=C1\C(=O)NN=C1c1snnc1C)cn2C,0.77815125
CN(CC#N)C(=O)C1=C(c2ccccc2)OCCS1,1.607742456
CCOC(=O)C1=CC(=O)C2=C(O1)C=CC=C2OCC(COC3=CC=CC4=C3C(=O)C=C(O4)C(=O)OCC)OC(=O)[C@H](CCCCN)N,0.650307523
CN1Cc2cc(NCc3c(Cl)cnn3C)ccc2NC1=O,1.871268612
COc1cc(N2CCN(C(C)=O)CC2)ccc1-c1nc2snc(C3CCCCC3)c2c(=O)[nH]1,2.032769321
Cc1cc2c(C(=O)NC[C@@H]3[C@H](C)CCCN3C(=O)c3nc(C)sc3-c3ccccc3)cccc2o1,1.77815125
CC(=O)N[C@@H]1CC[C@@]2(C)[C@H](CC[C@H]3[C@@H]4CC[C@@]5(CC(C)=C4C[C@@H]32)O[C@@H]2C[C@H](C)CN[C@H]2[C@H]5C)C1,1.812779707
CC(C)(C)CCn1nc(CC(C)(C)C)c(O)c(C2=NS(=O)(=O)c3cc(NS(C)(=O)=O)ccc3N2)c1=O,1.00008685
OCCC1(CNc2cnc3cc(Cl)c(Cl)cc3n2)CCOC1,1.275235977
N#Cc1ccccc1Cn1c(N2CCC[C@@H](N)C2)ncc(-c2cc[nH]c2)c1=O,1.785472203
N#C/N=C(\NCc1ccc(S(=O)(=O)C2CCCCC2)cc1)Nc1ccncc1,1.554654651
CCn1nc(-c2cc(C)ccc2Cl)nc1N(C)C,0.848787483
CC(C)[C@@H](NS(=O)(=O)c1ccc(F)cc1)C(=O)O,3.3776672515
CN(C)CC/C=C/1\C2=CC=CC=C2SC3=C1C=C(C=C3)Cl,1.384890797
CCOC(=O)N1CCN(c2ncc3c(n2)CC(c2cc(OC)c(OC)c(OC)c2)CC3=O)CC1,2.5985900185
O=C(c1c(OCC2CC2)cc(=O)n2c1CCOCC2)N1CCN(c2ccccc2)CC1,1.855378118
CC1NC(=O)CCC1NS(=O)(=O)c1cccc2ccoc12,1.6534772395
CCOc1ccccc1C[C@H](c1ccccc1)N1CCNCC1.Cl,1.982271233
Cc1ccccc1CS(=O)(=O)c1ncc(CN(CCN(C)C)C(=O)NC(C)C)n1CC(C)C,0.4885726545
CCOc1ccc(-c2[nH]c3[nH]c(=O)[nH]c(=O)c3c2-c2ccc(OC)cc2)cc1OC,1.9897101455
O=C(c1ccccc1)N1CCN(c2nnc(-c3ccc(Cl)cc3)c3ccccc23)CC1,1.969362375
C[C@]1(COc2ccc(N3CCC(Oc4ccc(OC(F)(F)F)cc4)CC3)cc2)Cn2cc([N+](=O)[O-])nc2O1,2.084328424
Fc1ccc(Nc2ccc3c(C4CCNCC4)c[nH]c3n2)cc1F,2.908916118
CCOc1cc(NC(=O)C2(NC(=O)c3ccc4c(C5CCCC5)c(-c5ccc(Cl)cn5)n(C)c4c3)CCC2)ccc1/C=C/C(=O)O,1.908485019
COc1ccc(-c2cc(-c3ccc(C(N)=O)cc3)cnc2N)cn1,2.397974751
CC1=C2C[C@H]3[C@@H](CC[C@@H]4Cc5[nH]ncc5C[C@@]43C)[C@@H]2CC[C@@]2(C1)O[C@@H]1C[C@H](C)CN[C@H]1[C@H]2C,2.079181246
CC1CCN(c2ccc(CO)cc2NC(=O)c2ccc(C#N)o2)CC1,1.57054366
O=[N+]([O-])c1cn2c(n1)OC[C@@H](OCCCC#Cc1ccc(OC(F)(F)F)cc1)C2,2.049528262
Clc1nnn(-c2ccncc2)c1-c1ccc2ccccc2c1,0.841443718
CS(=O)(=O)N1C2CCC1CC(NC(=O)Cn1cc(-c3ccc(F)cc3)cn1)C2,1.501515445
Cc1cc2ccccc2n1CCNC(=O)c1ccc(N2CCC(O)CC2)cc1,1.471108542
CCOc1ccc(OCC)c(NC(=O)c2cc(S(=O)(=O)N3CCCCC3)c[nH]2)c1,1.1397178155
CCNC(=O)Nc1sc2ccccc2c1C(=O)N1CCN(C2CCN(C(=O)OC(C)(C)C(F)(F)F)CC2)CC1,0.540413722
NC(=O)CN1Cc2cc(-c3cccc([C@H](O)CO)n3)ccc2Oc2ccc(C(F)(F)F)cc21,2.047664915
c1nc(N2CCCCC2)c2cc[nH]c2n1,1.204174266
Cc1ccc(CNC(=O)N2Cc3c(sc4c3CCCC4)-n3cccc3C2C(C)C)cc1,0.68064302
OCCN1CCC(c2[nH]nc(-c3ccc(Cl)cc3)c2-c2ccncn2)CC1,1.677588705
CC(C)(C)OC(=O)N1CCC(Nc2nccn3c(Br)cnc23)CC1,2.631688827
O=C(O)c1cc(-c2ccccc2)nn1-c1ncccc1-c1ccccc1,3.315766141
O=[N+]([O-])c1cnc(NCc2ccccc2Cl)nc1NCC1CCNCC1,1.819543936
CC(=O)NC1=CC=C(C=C1)OCC2=C(C=CC(=C2)C3=NC4=CC=CC=C4C(=O)N3CC5=CC=CO5)OC,0.267171728
CNc1nc(NC2CCNCC2)c2sc(-c3ccc(C(F)(F)F)cc3)cc2n1,2.076516327
CC#Cc1cnc(N2CCC[C@@H](N)C2)n(Cc2ccccc2C#N)c1=O,2.300986564
CC(C)OC(=O)C1=CN(C(=O)c2cccc(CN3CCOCC3)c2)CC(C)(C)c2c1[nH]c1ccccc21,0.698952632
CS(=O)(=O)Nc1ccc2c(c1)S(=O)(=O)N=C(c1c(O)c(-c3cccs3)nn(CC3(C(F)(F)F)CCC3)c1=O)N2,1.77815125
CC(C)(C)C1=CC=C(C=C1)C2=NC3=C(N2)C=CC=C3N4CCN(CC4)CC5=CC6=NC=CN=C6C=C5,1.310905629
CC1=C(C#N)C(c2ccc(C(C)C)cc2)C2=C(O)c3ccccc3C2=N1,0.809376356
O=C(Nc1cc2ccccc2cc1C(=O)N[C@H](C(=O)O)C1CCCCC1)Nc1c(Cl)cccc1Cl,1.204174266
Cc1cc(Nc2nc(Cl)cn([C@H](COC(=O)Nc3ccccc3)C3CC3)c2=O)c(C)nc1OC(F)F,1.423578423
COC1=CC=C(C=C1)[C@H]2[C@H](C(=O)NC3=CC=CC=C3S2)O,1.829625353
CN1C[C@H]2CCCC[C@@]2(c2ccc3ccccc3c2)C1,1.230397825
CC(=O)N[C@@H]1CN(C(=O)c2nc3cc(C)ccn3c2F)C[C@H]1c1ccc(C)o1,2.0437336765
Cc1ccc(Nc2n[nH]c(N)c2S(=O)(=O)c2ccccc2)cc1,1.5486318975
C1CN(CCC1CC(=O)N2CCC(CC2)C3C4=C(CCC5=C3N=CC(=C5)Br)C=C(C=C4Br)Cl)C(=O)N,0.736396502
CCOC(=O)C1=C(O)CN(Cc2ccc(F)cc2)C1=O,2.2704216135
CS(=O)(=O)c1ccc(Nc2ccc3sc(C(=O)O)cc3c2)c(F)c1,2.691845692
CC(=O)Nc1cccc(N2CCN(CCCCNS(=O)(=O)CC3CCCCC3)CC2)c1,1.447189051
CC(C)N1N=C(c2nc(-c3ccsc3)no2)CCC1=O,1.203660572
CS(=O)(=O)N1CCc2c(-c3cnc(N)nc3)nc(N3CCOCC3)nc21,2.556302501
Cc1cncc(C2=CC[C@H]3[C@@H]4CC(O)C5CCCC[C@]5(C)[C@H]4CC[C@]23C)c1,8.68502e-05
O=C(/C=C/c1ccc2c(c1)C(=O)NC1(CCN(Cc3ccccc3)CC1)O2)NO,1.900699678
COC1=C(C(=C(C=C1)CN2CCN(CC2)C(C3=CC=C(C=C3)F)C4=CC=C(C=C4)F)OC)OC,1.116939647
O=C1CC(=O)CC([C@@H]2C[C@H]2c2cc(C(F)(F)F)cc(C(F)(F)F)c2)C1,1.80631567
Cc1cc(-c2nc(C)c([C@H](OC(C)(C)C)C(=O)O)c(-c3ccc4c(c3)CCCO4)c2C)ccc1Cl,1.633488655
Nc1nccc(-c2ccc3nc(C4COc5ccccc5C4)oc3c2)n1,1.755874856
O=c1c2cc3c(=O)n(C4CCCC4)ccc3nc2ccn1-c1ncn[nH]1,3.315766141
CC(C)(C)c1ccc(-n2nnnc2SCC(=O)Nc2ccc(-c3ccc(OCC(=O)O)cc3)cc2Cl)c(Cl)c1,0.845222106
Cc1cc(=O)[nH]c(SCC(=O)C23CC4CC(CC(C4)C2)C3)c1C#N,0.95057661075
CS(=O)(=O)Nc1ccc2c(c1)S(=O)(=O)N=C(C1=C(O)[C@@H]3C4CCC(CC4)[C@@H]3N(Cc3ccccc3)C1=O)N2,2.321323554
[2H]C([2H])([2H])C(NC(=O)c1cccc(-c2cc3c(C(=O)NC)c(-c4ccc(F)cc4)oc3nc2CCC(F)(F)F)c1)(c1ncon1)C([2H])([2H])[2H],2.079181246
CC(C)c1nc(NCCc2nnc3ccccn23)nc(N(C)C)n1,1.238760412
C=CCO/N=C(/N)c1ccc2[nH]c(-c3cccc(-c4ccccc4O)c3O)cc2c1,1.842393921
CCNC(=O)Nc1sc2cnccc2c1C(=O)N1CCN(C2CCN(C(=O)C(C)(C)C(F)(F)F)CC2)CC1,1.414338527
COc1ccc(-c2cc(-c3ccc4cnn(C)c4c3)cnc2N)cn1,2.155275293
CC(=CCC1C(=O)N(N(C1=O)C2=CC=CC=C2)C3=CC=CC=C3)C,2.079181246
O=C(/C=C/c1cccc2c1N(Cc1ccc3ccccc3c1)C(=O)C2)NS(=O)(=O)c1ccc(F)c(F)c1,1.697777601
O=C(NCc1ccc(Cl)cc1Cl)c1ccc(OCC(F)(F)F)nc1,2.250468797
CC(C)(C)OC(=O)N1CCC(c2n[nH]c3nc(S(C)(=O)=O)ncc23)CC1,2.301932744666667
COc1ccc(/C=C(/C)c2nc(C)c(-c3ccccc3)c(O)n2)cc1,1.549872177
O=S1(=Nc2ccc(C(F)(F)F)cc2)CCCCC1,1.662776714
C1=CC=C(C=C1)C2=C/C(=C\C3=CC=C(O3)C4=CC=C(C=C4)[N+](=O)[O-])/C(=O)N2C5=CC=C(C=C5)C(=O)O,2.031115227
CS(=O)(=O)c1ccc(-c2cc(F)c(OCC3CCNCC3)c(F)c2)cc1.Cl,1.220039443
COC(=O)C1CCCN1C(=O)c1ccc(NC(c2ccc(Cl)cc2)c2ccccc2Cl)c(F)c1,1.4551447045
CCS(=O)(=O)Nc1ccc(C(=O)OC(C)C)cc1,2.080060243
Cc1cnc2c(C(F)(F)F)cccc2c1-c1cccc(Oc2cccc(S(C)(=O)=O)c2)c1,1.477121255
Cc1nnsc1C1=NNC(=O)/C1=C\c1cn(C)c2cccc(OCc3ccccc3)c12,1.505122834
COCCN(C)C(=O)Cn1c(-c2ccccc2)nn(-c2cccc(C)c2)c1=O,1.5354581134999998
CC(=O)O[C@@]12CO[C@@H]1C[C@H](O)[C@@]1(C)C(=O)[C@H](O)C3=C(C)[C@@H](OC(=O)[C@H](O)[C@@H](NC(=O)OC(C)(C)C(F)(F)F)c4ccc(F)cc4)C[C@@](O)([C@@H](CC(=O)c4ccccc4)[C@H]21)C3(C)C,3.0358994915000004
CN1CC[C@@]2(C)C(=CC1=O)CC[C@@H]1[C@@H]2CC[C@]2(C)C(n3ccnc3)=CC[C@@H]12,8.68502e-05
Cl.OC(CN1CCCCCC1)CN(c1ccccc1)c1ccccc1,0.919146755
OCCCCNc1nnc(-c2ccc(F)c(F)c2Nc2ccc(I)cc2F)o1,1.602081706
CC(C)(C)OC(=O)N1CCC(CC(=O)Nc2nc3cc(Cl)ccc3o2)CC1,1.39161967
O=c1n(Cc2nc3ccccc3n2CCCCCO)c2cnccc2n1C1CC1,1.255272505
CCS(=O)(=O)NC(=O)c1ccc2c(C3CCCCC3)c3n(c2c1)CC1(C(=O)N2C4CCC2CN(C)C4)CC1c1cc(OC)ccc1-3,2.313825054
Cc1cc2nc(CSc3nnc(-c4ccncc4)n3-c3ccccc3Cl)cc(=O)n2cc1C,0.845222106
CN(C)C1CCN(c2ncnn3c(Br)ccc23)CC1,2.5873856345000004
CCCOC1=CC=C(C=C1)C2=NC3=CC=CC=C3C(=N2)OC,1.4628491655
[2H]C([2H])([2H])N(C[C@H]1CCCC[C@]1(O)c1cccc(OC)c1)C([2H])([2H])[2H],2.738003205
O=C(Nc1nc2ncc(Br)nc2s1)c1ccc(Cl)cc1,1.1188239225
CCOC1=C(C=CC(=C1)CC(=O)N[C@@H](CC(C)C)C2=CC=CC=C2N3CCCCC3)C(=O)O,1.646697731
CC(C)(C)c1ccc(-c2n[nH]c(-c3ccccc3N)nc2=O)cc1,2.0019293785
C[C@](O)(c1ccc(C(=O)N(C2CC2)[C@H]2CC[C@H](c3ccc(C#N)cc3)CC2)cc1)C(F)(F)F,2.295268828
CC1c2c[nH]nc2-c2ccccc2N1S(=O)(=O)c1ccc(Cl)cc1,0.773065702
Cc1ccc(C(=O)NC2CC2)cc1-c1ccc2c(c1)NC(=O)C21CCCC1,1.415667609
CC(=O)N1CCN(CC1)C2=CC=C(C=C2)O,2.079181246
CCOC(c1ccc(Cl)cc1)C(CC(C)(C)C)n1ccnc1,1.86914851
O=C(Nc1ccc2c(c1)COC2=O)c1ccc(Cl)c(Cl)c1,3.315766141
CC(C)CC1n2cncc2CN(Cc2ccc(OC(F)(F)F)cc2)S1(=O)=O,0.845222106
O=C1CC(=O)N(CCCCc2ccccc2)C(=O)N1CCCCc1ccccc1,1.176091259
CC(C)(C)c1cc(C(=O)NC2CC2)c(NC(=O)Nc2ccc3[nH]ncc3c2)s1,2.079181246
COc1ccc(C(Nc2ccccn2)c2ccc3ccc(C)nc3c2O)cc1,1.230397825
CC(C)(C)Nc1c(-c2ccccc2)nc2ccccn12,1.12095426
CCC1=NN(C(=O)N1CCOC2=CC=CC=C2)CCCN3CCN(CC3)C4=CC(=CC=C4)Cl,-0.008773924
CC(C)=C1CC[C@H](C)[C@](C)(COc2ccc3ccc(=O)oc3c2)[C@@H]1CCC(N)=O,0.256761023
CCCS(=O)(=O)c1ccc2[nH]c(C3CCC(=O)N(c4ccccc4)C3)nc2c1,1.996789172
Cc1nc2sc(C(=O)N(C)c3ccccc3)c(N)c2c(C)c1C,0.6914682105000001
O=C(Nc1nnc(Cc2ccc3c(c2)OCO3)o1)c1cc2ccccc2o1,1.2363351805
CCCCCOC(=O)C[C@H](NP(=O)(CO[C@H](CF)Cn1cnc2c(N)ncnc21)Oc1ccccc1)C(=O)OCCCCC,0.300986564
CCOCCOCCOc1cccc(NC(=O)NC23CC4CC(CC(C4)C2)C3)c1,1.855684647
COC(=O)N[C@@H](C(=O)N1CCC[C@H]1C(=O)Nc1ccc(-c2ccc(NC(=O)[C@@H]3CCCN3C(=O)[C@H](NC(=O)OC)c3ccccc3)cc2C(F)(F)F)c(C(F)(F)F)c1)c1ccccc1,1.945545984
O=C(O)CC1(c2ccc(F)cc2)C2CC3CC1CC(F)(C3)C2,1.696992623
CN1CCc2c(c3ccc(-n4ccc(OCc5ccccc5)cc4=O)cc3n2C)C1,2.886377907
CCn1nc(C)cc1S(=O)(=O)NC1CCOC2(CCOCC2)C1,1.7993141475
COc1cc2c(N3CCN(C(=O)Nc4ccc(C#N)cc4)CC3)ncnc2cc1OCCn1ccnn1,1.278799314
N#Cc1ccc(-c2ccc(CNCCCNc3ccnc4cc(Cl)ccc34)s2)cc1,1.36169007
Cc1cc(CCC#N)cc(C)c1Oc1cc(Nc2ccc(C#N)cc2)c(N)cc1C(=O)N(C)C,1.9003619825
CN[C@@H]1Cc2ccccc2[C@@H](c2ccc(Cl)c(Cl)c2)C1,2.477121255
CN1CCN(c2nsc(-c3ccccc3)c2C#N)CC1,1.263396903
CCN(CC)S(=O)(=O)N[C@H]1CC[C@](CNC2=NS(=O)(=O)c3cccc(OC)c32)(c2ccccc2)CC1,0.177579777
CC(C)(C)[C@@H](CO)n1cc(C(=O)O)c(=O)c2cc(Cc3cccc(Cl)c3F)c(N3CCOCC3)nc21,2.834228116
CC(C)CN1C(=O)CCC[C@]12CN(Cc1ccnc(N3CCCC3)n1)C[C@H]2c1ccccc1,0.4138006815
O=C(N[C@@H](Cc1c[nH]c2ccccc12)C(=O)Nc1ccncc1)c1ccc(-c2cc(F)cc(F)c2)cc1F,1.255272505
CC(C)CCn1nc(-c2cccs2)c(O)c(C2=NS(=O)(=O)c3cc(NC(=O)C4CC4)ccc3N2)c1=O,0.698952632
Cc1noc(-c2ccc3c(c2)c2c(n3CCCS(=O)(=O)c3cc(F)cc(F)c3)CCCC2)n1,0.954242509
COc1ccc(-c2c(C3CCCCC3)c3ccc(C(=O)NC(C)(C)C(=O)Nc4ccc(/C=C/C(=O)O)cc4)cc3n2C)cn1,1.724259481
COc1ccc2nc(NC(=O)C(CC3CCCC3)c3ccc(S(=O)(=O)NCc4ccncc4)cc3)sc2n1,0.176091259
CCc1nc2cc(Cl)ccn2c1C(=O)NCc1ccc(N2CCC(c3ccc(F)cc3)CC2)cc1,0.83238116
Cl.Cn1c(=O)c2c(nc(N3CCCCC3)n2CC/N=C2\CCCN2)n(C)c1=O,3.0061618165
CCCC(=O)N[C@@H]1CC[C@@]2(C)C(=CC[C@@H]3[C@@H]2CC[C@]2(C)C(c4cccnc4)=CC[C@@H]32)C1,8.68502e-05
CCOc1ccccc1NC(=O)c1cc2cc(C)ccc2[nH]1,1.4132528295
c1ccc2c(c1)CN[C@@H](CN(CCCCN(Cc1ccncc1)Cc1ccncc1)[C@H]1CCCc3cccnc31)C2,0.120072992
COc1ccc(CCNC(=O)C2Cc3ccccc3CN2S(=O)(=O)c2cccs2)cc1OC,0.4782002745
C1CC1N2C=C(C(=O)C3=CC(=C(C=C32)Cl)F)C(=O)O,2.079181246
COc1ccc2nc(NC(=O)C(CC3CCCC3)c3ccc(S(=O)(=O)NCCC(=O)O)cc3)sc2n1,1.354146871
O=C(NCCC(c1ccc(F)cc1)c1ccc(F)cc1)c1ccc(OCC(F)(F)F)nc1,2.477121255
C1C[C@H](C2=CC=CC=C2C1)C3=NCCN3,2.079181246
Cc1c(-c2ccc(Cc3ccc(OC(F)(F)F)cc3)cc2)[nH]c2cc(Cl)ccc2c1=O,2.312269621
O=C(O)Cc1ccc(COc2cccc(-c3c(C(=O)c4ccccc4)cnc4c(C(F)(F)F)cccc34)c2)cc1,0.544043227
COc1ccc2[nH]c(SCc3ccc(OCc4ccccc4)cc3)nc2c1,1.212240889
C1=CC=C2C(=C1)C=CC=C2NC3=NN=C(S3)C4=CC=NC=C4,1.232482333
CC[C@@H]1C(=O)N(C)c2cnc(-n3ccnc3-c3ccccc3)nc2N1C(C)C,1.024338273
CCOc1ccc(OCC)c(NC(=O)c2cc3sc(Cl)cc3n2CC)c1,3.315766141
FC(F)(F)Oc1ccc(-c2ccc3nnc(C(F)(F)F)n3c2)cc1,2.3378781755
C[C@@H]1CN(c2ccc(F)cc2C(F)(F)F)CCN1S(=O)(=O)c1ccc(N2CCNCC2=O)cc1Cl,1.322219295
O=C(Cc1ccc(Cl)cc1)Nc1cccc(-c2nc(C3CC3)[nH]c2-c2ccnc(NCCN3CCNC3=O)n2)c1,1.332258026
CN(CC(=O)N1CCCC1)Cc1cc(=O)n(C)c(=O)n1C,2.801836079
O=C(N[C@@H]1CC[C@@]2(O)[C@H]3Cc4ccc(O)c5c4[C@@]2(CCN3CC2CC2)[C@H]1O5)c1ccc(I)cc1.O=C(O)C(=O)O,2.049295568
CCOc1ccc(S(=O)(=O)/N=C2/CCCCCN2)cc1,1.6332957600000002
COc1cc(NC(=O)CCN2CCC(OC(=O)Nc3ccccc3-c3ccccc3)CC2)c(Cl)cc1CNC[C@H](O)c1ccc(O)c2[nH]c(=O)ccc12,1.05300157
Cc1cc(-c2ccc(Cl)c(C(=O)NCC3(O)CCCCCC3)c2)n[nH]1,1.875061263
O=S(=O)(Cc1cc(Cl)cc(Cl)c1)N1CCN(c2nccs2)CC1,3.315766141
CN1CCc2nc(C(=O)Nc3ccccc3CNC(=O)c3ccc(Cl)s3)sc2C1,1.515256251
Fc1cccnc1Nc1ccc(-c2cnc3ccc(N[C@H]4CC[C@H](N5CCCC5)CC4)nn23)cn1,1.908237165
O=c1n(Cc2nc3ccccc3n2CCCCO)c2cnccc2n1C1CCCC1,0.462368046
CC1C[C@@H]2[C@H](CC[C@]3(C)C(c4cccnc4)CC[C@@H]23)[C@@]2(C)C=CC(=O)C=C12,8.68502e-05
CNC(=O)CC1CCOC2(CCN(C(=O)C3CCC3)CC2)C1,2.4333744515
CC(NC(=O)Nc1ccc(S(=O)(=O)c2ccccc2)cc1)c1cccnc1,1.994238833
CCOC(=O)COc1cc(Br)c(C#N)cc1OCC,1.5368263805
CC1(n2cnc3cnc4[nH]ccc4c32)CCN(CCC#N)CC1,2.139879086
COc1ccc(Cl)cc1S(=O)(=O)N[C@H]1CC[C@@H](N2CCN(c3ccccc3OC(C)C)CC2)CC1,0.300986564
CCn1c(=O)n(CC)c2cc(NC(=O)CCN3Cc4ccccc4C3=O)ccc21,1.58551504
CC(c1cnccn1)N1CCN(S(C)(=O)=O)c2ccccc2C1,0.6568606175
O=[N+]([O-])c1cn2c(n1)OC[C@H](Oc1ccc(-c3ccc(F)cc3)nc1)C2,2.121065141
COCCOc1cc2ncnc(N3CCN(C(=O)Nc4ccc(Oc5cccc6ncccc56)cc4)CC3)c2cc1OCCOC,1.079181246
COCCOc1cc(=O)n2c(c1C(=O)NCCC1=CCCCC1)CCOCC2,1.4611973355
Cc1nc2n(c(=O)c1CCN1CCN(c3cccc4sccc34)CC1)CCCC2O,2.236489773666667
COc1ccc2c(c1)C(=O)N1CCC[C@H]1c1c(C(=O)OCC(C)C)ncn1-2,2.2235956685
CCOC(=O)CN1C=CC=C1C2=NC(=C(S2)C3=CC=C(C=C3)OC)C4=CC=C(C=C4)OC,-0.017728767
O=C(Cc1cc(Br)ccc1F)OCCNC(=O)c1cccnc1,0.7408971095000001
COc1ccc2nc3cc(Cl)ccc3c(N/C(=N/CCCN(C)C)c3ccc(Cl)cc3)c2n1,1.505122834
CC[C@@H]1C[C@@H](C(=O)NCC2CCOCC2)CN(Cc2nc(-c3ccccc3)oc2C)C1,0.477121255
CS(=O)(=O)c1ccc(-n2cc(Cl)c(OC3CCN(c4ncc(C(F)(F)F)cn4)CC3)cc2=O)cc1F,2.079181246
Cn1nc(C2CCCN2C(=O)COc2ccc(F)cc2)c2c1CCOC2,1.698803715
CC(O)CN(Cc1ccc(C(C)(C)C)s1)C1CCS(=O)(=O)CC1,1.2855319660000002
COc1ccc(-c2cc(-c3ccc(S(=O)(=O)NC4CC4)cc3)cnc2N)cn1,2.056904851
COC(=O)c1ccccc1NC(=O)CSc1nnnn1-c1ccc(OCc2ccccc2)cc1,1.1683095415
CNC(=O)c1cccc(-n2c(C)cc(OCc3ccc(F)cc3F)c(Br)c2=O)c1,2.783977382
Clc1cccc(OC(c2cccnc2)C2CCNCC2)c1Cl,2.079181246
NCCOCCN1CCN(C(c2ccccc2)c2ccc(Cl)cc2)CC1,1.419922721
COc1cc(OC)nc(OC(C(=O)N2CCOCC2)C(C)C)n1,2.9441408505
COc1ccc(C(=O)NCCN(C)C)cc1-c1cc2c(N[C@H](C)c3ccccc3)ncnc2s1,2.064383104
CCOC(=O)c1c(C)c(C(=O)CN(C)S(=O)(=O)c2ccccc2)c(C)n1CC,0.986059109
CC(Oc1cc(-c2cnn(C(C)C)c2)cnc1N)c1c(Cl)ccc(F)c1Cl,0.781133405
O=C(NC1CCCC(C(=O)O)C1)NC12CC3CC(CC(C3)C1)C2,2.908916118
COc1cccc(-c2nc3ccc(OCCCN4CCOCC4)cc3c(=O)n2CC(=O)NC(C)C)c1,1.008269539
O=S(=O)(NCc1ccncc1O[C@H]1CCNC1)c1ccco1,1.9811681015
C=C[C@@H]1C[C@]1(NC(=O)[C@@H]1C[C@@](OC)(c2ccc(-c3nccs3)cc2)CN1C(=O)[C@@H](NC(=O)OC1CCCC1)C(C)(C)C)C(=O)NS(=O)(=O)C1CC1,1.819543936
O=c1c2ncn(C3CCS(=O)(=O)C3)c2ncn1Cc1ccc(F)cc1,2.252597987
O=S(=O)(Nc1cccc(CO)c1)c1ccc(-c2ccc(F)cc2)cc1Cl,1.414939939
O=c1cccc2n1CC1CC(C2)N(c2nc(N3CCCCC3)nc(N3CCCCC3)n2)C1,0.8067616209999999
CC(C)N(Cc1ccccc1)C(=O)c1ccc2ccccc2c1,1.514160018
C[C@H](c1ccc(F)cc1)N1C(=O)O[C@](Cc2ccccc2)(c2nc3c(-c4cccnc4)cccc3[nH]2)C1=O,1.332258026
Cc1oc(-c2[nH]ncc2C(=O)N(C)C)cc1S(=O)(=O)NCCCN(C)C,2.00585061
Cc1nn(-c2ccc(F)cc2)c(C)c1C1CC(=O)Nc2c1c(C)nn2-c1ncnc2[nH]cnc12,1.869111252
CC(=O)C(=O)N1CCC(CCn2c(Sc3cc4c(cc3Br)OCO4)nc3c(N)ncnc32)CC1,0.850484052
COc1ccc2[nH]c(=O)c(S(C)(=O)=O)c(CCc3ccccc3)c2c1,1.213130022
Cc1cc(C2CN(C(=O)Cc3ccon3)CCO2)ccc1F,2.2092319255
Cc1c(O)c2ccc3c(c2oc1=O)[C@@H](OC(=O)C12CCC(C)(C(=O)O1)C2(C)C)[C@@H](OC(=O)C12CCC(C)(C(=O)O1)C2(C)C)C(C)(C)O3,0.544043227
Cc1nc2c(Cl)cccc2n1-c1cccc(Oc2cccc(S(=O)(=O)C(C)C)c2)c1,1.477121255
CCS(=O)(=O)c1ccc2[nH]c(Oc3ccc(C(F)(F)F)cc3)nc2c1,2.626067737
COc1ccc(C(=O)Oc2ccc(S(=O)(=O)C3(C(=O)NO)CCC4(CCNCC4)C3)cc2)cc1,0.537912163
CC[C@H]1OC(=O)[C@H](C)[C@@H](O[C@H]2C[C@@](C)(OC)[C@@H](O)[C@H](C)O2)[C@H](C)[C@@H](O[C@@H]2O[C@H](C)C[C@H](N(C)C)[C@H]2O)[C@](C)(O)C[C@@H](C)CN(CCCNC(=O)NC(C)C)[C@H](C)[C@@H](O)[C@]1(C)O,2.079181246
CC(=O)N1CCN(CC1)C(=O)CC2=CC=C(C=C2)NC3=NC=C(C(=N3)NC4=CC=C(C=C4)C(=O)NC5=CC=CC=C5Cl)F,1.194236749
CCCN(CCCNc1ccnc2cc(Cl)ccc12)Cc1ccccc1OC(F)(F)F,1.1380835645
OC1C2CC3CC1CC(C2)C3(Cc1nnn[nH]1)c1ccc(-c2ccc(C(F)(F)F)cc2)cc1,1.423578423
COc1cc(N2CCc3nc(NC(=O)NCCc4cn(CC(F)F)cn4)sc3C2)cnc1Cl,1.623959337
Nc1ccccc1NC(=O)c1ccc(CNc2nccc(-c3cccnc3)n2)cc1,1.828336523
CC1=CC2=C(S1)C3=C(N2C)C(=O)N(N=C3)CC4=CC=CC=C4F,0.748655874
CCc1nc(C)n(CC)c1Oc1cc(Cl)cc(C#N)c1,1.204174266
Clc1ncccc1-c1nc2cc3c(cc2c2ccnn12)OCO3,1.546103175
CC1=NOC(=C1NC(=O)O[C@H](C)C2=CC=CC=C2Cl)C3=CC=C(C=C3)C4=CC=C(C=C4)CC(=O)O,1.472463897
CCOCCn1nc(C)c2nc(NC3CCNCC3)nc(Nc3cc(C)ccn3)c21,2.076516327
COc1ccccc1Nc1nc2nccc(-c3ccc4c(c3)OCO4)c2c(=O)[nH]1,1.557561009
CCOC(=O)N[C@@H](CCCCN)C(=O)c1noc(Cc2ccc(C(=O)NC3Cc4ccccc4C3)cc2)n1,1.969362375
COc1ccc(CC(=O)Nc2ccsc2N2CCOC2=O)cc1,2.047664915
O=C(NCc1ccc(S(=O)(=O)c2ccc(N3CCOCC3)nc2)cc1)c1ccc2nccn2c1,1.683688244
CCOC(=O)Cc1c(C)[nH]c2c(-c3ccccc3)cnn2c1=O,1.2384660325
CN(C)c1ccc2c(c1)C(c1ccccc1)CC2=O,0.6434381315
Cc1c(C(=O)Nc2ccc3c(c2)NC(=O)C(C)O3)oc2ccc(F)cc12,0.654701031
Nc1ncnc2c1nc(Sc1cc3c(cc1Br)OCO3)n2CCC1CCN(C(=O)C2CC2)CC1,0.779639768
O=C(CN1C(C(=O)c2ccccc2)=C(O)c2ccccc2S1(=O)=O)c1ccccc1,1.892094603
CCOP(=O)(O)C1=C[C@@H](OC(CC)CC)[C@H](NC(C)=O)[C@@H](NC(=N)N)C1,2.857332496
CCOC(c1ccc(Cl)cc1)C(OC(C)(C)C)n1ccnc1,2.14025861
COc1ccc2c(c1)C1CC1(C(=O)N1C3CCC1CN(C)C3)Cn1c-2c(C2CCCCC2)c2ccc(C(=O)NS(=O)(=O)N(C)C)cc21,1.880927865
COc1cc(=O)[nH]cc1C(=O)N1CCC(OCC2CCCC2)CC1,1.786087587
N#Cc1c(-c2ccc(C(F)(F)F)cc2)cc(N2CCC(N)CC2)n2c1nc1ccccc12,2.343385842
Cc1cc(CNC(=O)NC23CC4CC(C)(CC(C)(C4)C2)C3)on1,0.478609772
CC(C)(C)c1nc2cc(S(=O)(=O)C(F)(F)c3ccc(C#N)cc3)ccc2n1CC1CCCCC1,0.912100027
CC1=C2C[C@H]3[C@@H](CC[C@@H]4C[C@@H](NS(C)(=O)=O)CC[C@@]43C)[C@@H]2CC[C@@]2(C1)O[C@@H]1C[C@H](C)CN[C@H]1[C@H]2C,1.477121255
COc1ccc(-c2nc3ccc(NCc4ccc(Cl)c(Cl)c4)nc3n(CCNC(C)=O)c2=O)cc1,1.801405965
Cc1cccc(C)c1C1CCN(CCC(=O)N2c3ccccc3C[C@H]2C(=O)N(C)C)CC1,1.278799314
COC(=O)N[C@H](C(=O)N1CCC[C@H]1C(=O)Nc1ccc([C@@H]2CC[C@@H](c3ccc(NC(=O)[C@@H]4CCCN4C(=O)[C@@H](NC(=O)OC)[C@H]4CCOC4)cc3)N2c2ccc(F)cc2)cc1)[C@H]1CCOC1,1.367777572
Cc1ccc(C(=O)N[C@H](C)C(N)=O)cc1-n1cnc(OCc2ccc(F)cc2F)c(Cl)c1=O,2.076790937
CC(C)CN1C(=O)CN(Cc2ccc(-c3ccc(F)c(CN4CCCCC4)n3)cc2)C1=O,1.114010162
CC(OC(=O)N1C[C@@H]2C[C@H]1CN2C(=O)[C@@]1(C(C)C)CC[C@@H](NC2CCOCC2F)C1)C(F)(F)F,1.414939939
N#Cc1nccnc1OC1CCN(C(=O)N2CCNC2=O)C1,1.3864587986666663
Cn1c(C(F)(F)F)nn(CCNS(=O)(=O)CCN2C(=O)CCCC2=O)c1=O,3.315766141
CCN1C[C@H]2CCCC[C@@]2(c2ccc(Cl)c(Cl)c2)C1,1.83238116
COc1cccc(CN(C(=O)Nc2ccc(-c3cn[nH]c3)cc2)C(C)C)c1,1.041313715
O=C1Nc2ccccc2C1CCCCN1CCN(c2cccc(Cl)c2)CC1,1.645106323
Clc1ccc([C@@]23CCCC[C@@H]2CNC3)cc1Cl,2.477121255
C/C(=C\COc1ccc2ccc(=O)oc2c1)CC/C=C(\C)CCC(=O)C(C)(C)O,1.6905691175
CCC(c1ccc(Br)cc1)(C(C)O)n1ncc2c(NS(C)(=O)=O)cccc21,1.681241237
N#Cc1ccc(-n2nncc2CCC(=O)c2ccccc2)cc1,1.320450123
C1CN(CC=C1N2C3=CC=CC=C3NC2=O)CCCC(=O)C4=CC=C(C=C4)F,1.73271534
CCO/N=C(/c1ccc(F)c(F)c1)c1ccc(CN2CCC3(CC2)OCc2cc(=O)n(C)cc23)cn1,1.900699678
Oc1cccc(C2C[C@H]3CC[C@H](C2)N3CCCc2ccccc2)c1,1.3037275115
C1CN(CCN1CC2=CC3=C(N2)C=CC(=C3)F)C4=CC=CC=N4,1.155943018
COCCCc1cc(CCCN2CCOCC2)c(Cl)c(CN(C(=O)[C@H]2CNCC[C@@]23OCc2cc(F)c(F)cc23)C2CC2)c1,1.489709364
Clc1ccc(C2=NN(c3ccccc3)C(c3ccccc3Cl)C2)cc1,2.3549181965
CN(C)CC(=O)N1CCC(c2ccc(NC(=O)c3nc(C#N)c[nH]3)c(C3=CCCCC3)c2)CC1,1.696992623
CNC(=O)c1ncn2c1[C@@H]1CCCN1C(=O)c1cc(OC)ccc1-2,2.901149687
CC(NCc1cccc(OCc2cccnc2)c1)c1ccc2c(c1)OCCCO2.O=C(O)CC(O)(CC(=O)O)C(=O)O,0.5469382285
COc1cccc(CCN[C@H]2CS(=O)(=O)C[C@@H]2S(=O)(=O)c2ccc(Cl)cc2)c1,0.553179988
CS(=O)(=O)c1cccc(Oc2cccc(-n3c(C(F)(F)F)nc4c(C(F)(F)F)cccc43)c2)c1,1.477121255
COc1cccc(CN(CCN(C)C)C(=O)Nc2ccc(-c3cn[nH]c3)cn2)c1,1.230397825
Cc1cc(Nc2ccc(C)c(C(F)(F)F)c2)n2ncnc2n1,1.278799314
Cc1noc(C)c1[C@@H]1C[C@@](C)(c2cc(F)cc(NC(=O)c3ccc(Cl)cn3)c2)N=C(N)S1,0.866955072
C1CCCN(CC1)C2=NC=C(C=C2)C3=CC=C(C=C3)C(=O)NC4CC4,0.996511672
Cc1cc(F)c(NC(=O)C2CCCCC2C)cc1CN1CCOCC1,1.308644046
Cc1c[nH]c2ncnc(-c3ccc(NC(=O)Nc4cccc(C(=O)NC(C)C)c4)c(F)c3)c12,1.431363764
CN(C)S(=O)(=O)c1ccc(C(=O)Nc2ccncc2)o1,1.9768729485
O=C(NCCC(c1ccccc1)c1ccccc1)c1ccc(OCC(F)(F)F)nc1,1.579760738
COc1ccccc1N1CCN(CCCCCC(=O)n2c3ccccc3c3ccccc32)CC1.Cl,1.48718242
C[C@@H]1C[C@H](N)C[C@H](c2ccncc2NC(=O)c2ccc(F)c(-c3ccccc3F)n2)C1,2.255272505
CCOC1=CC=C(C=C1)N2C(=O)C3=C(N=CC=C3)N=C2C(C)N(CC4=CN=CC=C4)C(=O)CC5=CC(=C(C=C5)F)C(F)(F)F,0.689308859
Cc1cn(Cc2ccc(Cl)cc2Cl)c2c(-c3nnc(NS(=O)(=O)c4ccc(Cl)c(Cl)c4)o3)cc(F)cc12,1.803244741
COC[C@@H]1[C@H](NC(=O)CCN2CCCO2)[C@@H]2CCO[C@H]12,1.7279842945
Cc1ncccc1OCc1cccc2nc(N)nc(N)c12,2.079181246
CC(NNc1ccccc1)=C1C(=O)NC(=O)NC1=O,3.472593732
CS(=O)(=O)N1CCN(Cc2cn3cc(-c4cnc(N)nc4C(F)(F)F)nc(N4CCOCC4)c3n2)CC1,1.719263563
CC1=COC2=C1C(=O)C(=O)C3=C2C=CC4=C3CCCC4(C)C,0.731588765
CC(CCC1=CC=C(C=C1)O)NCC(C2=CC=C(C=C2)O)O.Cl,2.079181246
Cc1ccc(C(C)(O)c2nc(-n3ccc(NC(=O)c4cscn4)cc3=O)c[nH]2)cc1,1.857332496
O=C(NCc1ccccc1)c1ccccc1C(=O)N1CCCC1,1.740378482
C[C@]12CC(O)CC1CC[C@@H]1[C@@H]2CC[C@]2(C)C(c3cccnc3)=CC[C@@H]12,8.68502e-05
COc1ccc2c(O[C@@H]3C[C@H]4C(=O)N[C@]5(C(=O)NS(=O)(=O)C6CC6)C[C@H]5/C=C\CCCCC[C@H](NC(=O)c5ccn(CC(F)(F)F)n5)C(=O)N4C3)cc(OC(C)C)nc2c1C,2.079181246
Fc1cc(N2C[C@@H]3C[C@H]2CN3C2CCC2)cc(F)c1-c1ccnc2c(-c3cccc4[nH]ncc34)c(-c3ccncc3)nn12,0.477121255
CS(=O)(=O)Nc1ccc2c(c1)S(=O)(=O)N=C(C1=C(O)C3CCCC3N(CC3CCC3)C1=O)N2,0.602081706
CC(C)(C)CN1CCC2(CC1)CN(c1ccccc1Nc1nnc(-c3ccc(C(F)(F)F)cc3)s1)c1c(O)ccc(C(F)(F)F)c12,1.662358204
CNC(CC(C)C)C1(c2ccc(Cl)c(Cl)c2)CCCCC1,1.36169007
CC(C)C(=O)NC[C@@H]1C[C@H](F)CN1C(=O)CS(C)(=O)=O,1.747379795
C1CN(CCC1C(=O)N)C2=NC(=CS2)C3=CC=C(C=C3)Br,1.868335577
Cn1cc(S(=O)(=O)N2CC(CNC(=O)c3ccc(Cl)cc3Cl)(c3ncccc3F)C2)nn1,1.621657863
C=C(C)[C@@H]1CCC2=CC(=O)C[C@@H](C)[C@]2(C)C1,0.8323133035000001
O=C1OCCN1c1ccc(C2CC3Cc4[nH]ncc4C(C2)N3S(=O)(=O)c2ccc(C(F)(F)F)cc2)cc1,0.991556871
CC(=O)CC[C@H]1C(=O)N[C@@H](C(C)C)C(=O)N[C@@H](Cc2cccc(O)c2)C(=O)N2CCCC(N2)C(=O)O[C@H](/C(C)=C/C=C/C(=O)Nc2ccncc2)C/C=C/C=C/[C@H](O)[C@H](C)[C@H]1O,1.507882846
NC(=O)c1ccccc1Nc1cccc(OCCc2ccccc2)c1,1.367302384
CN(Cc1ccccc1)Cc1cc(=O)n2nc(-c3ccc(C(C)(C)C)cc3)nc2[nH]1.Cl,1.372620195
Cc1ccc2c(-n3ccnc3)c(-c3ccc(Cl)cc3Cl)c(S(C)=O)nc2c1,1.715755708
CCOCc1c(C(=O)NCc2cncn2C)cnn1-c1ncc(C)c(NC2CCC2)n1,2.174113878
Cc1cc(=O)c(Oc2ccc(Cl)cc2F)c(-c2ccc([S+](C)[O-])cc2)o1,1.568118514
O=C1CC(=O)CC(c2cc(C(F)(F)F)cc(C(F)(F)F)c2)C1,2.255272505
O=c1c(O)c(-c2ccccc2OC(F)F)oc2ccccc12,0.8501206674999999
CC1=CC(=CC(=C1)NC(=O)CC2=CC=C(C=C2)OC(C)(C)C(=O)O)C,2.079181246
CC(C)N1CCc2nc(C(=O)Nc3cc(C(=O)O)cc(C(F)(F)F)c3CCC(=O)Nc3ccc(Cl)cc3)sc2C1,1.900699678
COc1cc(OC)c(NC(=O)N2Cc3c(sc4c3CCCC4)-n3cccc3C2C)cc1Cl,0.654701031
COCCN(Cc1ccn(C)c(=O)c1)Cc1cccs1,0.4608936815
CCCNC(=O)C1CN(CC(=O)Nc2ccccc2C(=O)NCc2ccccc2)c2ccccc2O1,0.7723227804999999
Cc1noc([C@@H]2C[C@@H](C(=O)NC[C@@H]3CCCO3)CN(Cc3nc(-c4ccccc4)oc3C)C2)n1,0.754363628
O=C(Nc1ccc(OC(F)(F)F)cc1)O[C@@H]1COc2nc([N+](=O)[O-])cn2C1,2.512332468
Cn1c(=O)c2c(-c3ccccc3Br)n(-c3ccc4c(c3)nc(CO)n4C)cc2n(C)c1=O,1.20148031
Cc1cc(Nc2ccc(C(F)(F)F)c(F)c2)n2ncnc2n1,2.556302501
CC(C)(C)C(=O)/C=C1\NCCN\C1=C/C(=O)C(C)(C)C,1.5262621145000002
CN1CCC(Nc2ccc3ncc(-c4ccc(Nc5ncccc5F)nc4)n3n2)CC1,2.025638415
CNc1nc(NC(C)(C)C)c2sc(-c3ccc(C(F)(F)F)cc3)cc2n1,2.093491727
COc1cncc(C2=CC[C@H]3[C@@H]4CC=C5N(C)C(=O)C[C@]5(C)[C@H]4CC[C@]23C)c1,8.68502e-05
CC1(C)Cc2c(sc3[nH]c(=O)n(C4CCCCC4)c(=O)c23)CO1,1.071834549
CC1=C(C=C(C=C1)N2C=CN(C(=O)C2=O)CC(=O)NC3=CC(=C(C=C3)OC)Cl)C,2.079181246
O=[N+]([O-])c1cn2c(n1)OC[C@@H](OCc1ccc(-c3ccc(OC(F)F)cc3)cn1)C2,2.396876445
Fc1ccc(-c2ccc(CNCCCNc3ccnc4cc(Cl)ccc34)s2)cc1,1.690213806
CNC(=O)c1ccc(Oc2ccc(S(=O)(=O)[C@@]3(C(=O)NO)CCC4(CCNCC4)C3)cc2)cc1,2.658136857
Cc1c(Cl)cccc1-c1ccc(CNCCN(C)C)o1,1.3738108315
O=C1c2[nH]nc(-c3ccccc3)c2C(c2ccccn2)N1CCc1c[nH]c2ccccc12,0.972758686
CCN(CC)CCC/N=C(\C)Nc1c2ccc(Cl)cc2nc2ccc(OC)nc12,1.51851394
CS(C)(=O)=NC(=O)c1ccc(C(F)(F)F)cc1,1.792251572
CC(C)Cc1cc(CNS(=O)(=O)c2ccccc2)nn1-c1ccccc1,1.02244092
O=[N+]([O-])c1cn2c(n1)O[C@@H](COc1ccc(-c3ccc(OC(F)(F)F)cc3)nc1)CC2,1.77815125
Cc1c(C)c2c(c(C)c1O)CCC(C)(C(=O)NCCCCCCCCNc1c3c(nc4cc(Cl)ccc14)CCCC3)O2,2.2441276663333336
COCCOc1cc2ncnc(Nc3c(F)ccc(O)c3C)c2cc1OC,3.462368046
O=C1COCCN1c1ccc(C2CC(c3ccc([N+](=O)[O-])o3)=NO2)cn1,1.959994838
O=C(/C=C/c1ccc(/C=C(/C(=O)NC2CC2)c2ccc(OCC3CC3)cc2)cc1)NO,1.731739325
O=C(CCc1cnnn1-c1ccccc1)c1ccc(Cl)cc1,0.936300043
O=C(c1ccc(C[C@@H]2CC[C@H]([C@H](O)c3ccccc3)N2)cc1)N1C[C@@H]2[C@H](C1)[C@H]2c1nnco1,2.252607586
COc1cccc2c1CCC(=O)N2CCCN1CCC(c2ccccc2)CC1,0.966716572
CC[C@@H]1c2cn[nH]c2C(F)(F)[C@H](CC)N1S(=O)(=O)c1ccc(C(F)(F)F)nc1,1.137784202
COc1ccnc2[nH]cc(C(=O)C(=O)N3CCN(C(=O)c4ccccc4)C[C@H]3C)c12,3.346352974
C=C(C)[C@@H]1CC[C@]2(C(=O)O)CC[C@]3(C)[C@H](CC[C@@H]4[C@@]5(C)CC=C(c6ccc(C(=O)O)cc6)C(C)(C)[C@@H]5CC[C@]43C)[C@@H]12,2.079181246
CNC(=O)c1ccc(OC)c2c(C(=O)C(=O)N3CCN(C(=O)c4ccccc4)CC3)c[nH]c12,3.380211242
c1ccc2c(c1)CC(c1nc3ccc(-c4cn[nH]c4)cc3o1)CO2,1.602081706
O=C(Nc1ccccc1N1CCCCC1)c1ccc([N+](=O)[O-])o1,0.890656317
COc1ccc(-c2cc(-c3ccc(S(=O)(=O)N(C)C)cc3)cnc2N)cn1,1.24308768
c1ccc(CNCCCCN(C[C@H]2Cc3ccccc3CN2)[C@H]2CCCc3cccnc32)cc1,1.318799501
Fc1ccc(Nc2ncnc3nc(Nc4ccc(CN5CCOCC5)cc4)sc23)cc1Cl,1.278799314
C[C@]12CCC(=O)C=C1[C@@H]3C[C@@H]3[C@@H]4[C@@H]2CC[C@]5([C@H]4[C@@H]6C[C@@H]6[C@@]57CCC(=O)O7)C,2.079181246
O=C(Cc1ccc(C(F)(F)F)c2ncccc12)Nc1scc(Cl)c1-c1ncn[nH]1,1.261257433
Cc1ccc(OC(C)C)c(CN(CCO)CCO)c1.Cl,1.92870905
C[C@H](c1ccccc1)[C@@H](NC(=O)[C@@H](N)Cc1ccccc1)C(N)=O,1.991137435
COC(=O)c1ccc2c(c1)nc(-c1ccc(C(C)(C)C)cc1)n2Cc1ccc(F)cc1,2.603689689
COc1ccc2nc(NC(=O)C(CC3CCCC3)c3ccc(S(N)(=O)=O)cc3)sc2n1,1.36361198
CC(Sc1nnnn1C(C)C)C(=O)C12CC3CC(CC(C3)C1)C2,3.315766141
CC(C)(C)C(=O)OCOC(=O)C(CCC(=O)O)CP(=O)(OCOC(=O)C(C)(C)C)OCOC(=O)C(C)(C)C,0.557791018
CCS(=O)(=O)c1cccc(Oc2cccc(-n3c(C)nc4c(C(F)(F)F)cccc43)c2)c1,1.477121255
O=C(c1ccc(OC(c2ccc(Cl)cc2)c2ccccc2Cl)c(F)c1)N1CC(O)C(O)C1,1.757053362
COCCCNC(=O)NCCc1c(C)nn(C)c1C,3.315766141
O=C(Nc1ccc(S(=O)(=O)Nc2ccccc2Cl)c(Cl)c1)c1ccccn1,0.914208182
CN[C@H]1CCc2ccccc2[C@@H]1c1ccc(Cl)c(Cl)c1,2.0253878
CC1(COCc2ccc(Oc3ccccc3)cc2)Cn2cc([N+](=O)[O-])nc2S1(=O)=O,1.397974751
C#CC[C@]1(C)CN(C2CCCC2)C(=O)C(C2=NS(=O)(=O)c3cc(NS(C)(=O)=O)ccc3N2)=C1O,1.633488655
CC[C@H]1OC(=O)[C@H](C)[C@@H](O[C@H]2C[C@@](C)(OC)[C@@H](O)[C@H](C)O2)[C@H](C)[C@@H](O[C@@H]2O[C@H](C)C[C@H](N(C)C)[C@H]2O)[C@](C)(O)C[C@@H](C)CN(CCCN(CCC#N)C(=O)Nc2cccc3ccccc23)[C@H](C)[C@@H](O)[C@]1(C)O,2.079181246
CCCS(=O)(=O)N1CCN(C2(CNC(=O)c3ccc(OC)cc3F)CCCCC2)CC1,1.111272488
O=C(c1nc2ncccn2n1)N1CCCn2cc(-c3ccccc3)nc21,2.2924377375
COC(=O)c1cnc(Oc2ccc3c(c2)B(O)OC3)cn1,0.557791018
CN(Cc1ccc(Cl)cc1)C(=O)[C@H]1CCCN1C(=O)Nc1ccc(C(F)(F)F)cc1,1.922687859
N#Cc1ccc(NC(=O)c2ccc(C3(C(F)(F)F)CC3)cc2)cc1,2.607455023
O=C(CN1C(=O)CCc2ccccc21)Nc1scc(Br)c1-c1ncn[nH]1,1.163487332
c1ccc(CN2CCC(n3nnc4cnc5[nH]ccc5c43)CC2)cc1,1.477121255
Cn1cc(S(=O)(=O)Nc2nc3ccccc3nc2Nc2cc(Cl)ccc2O)cn1,1.367091318
CC(C)CC1n2cncc2CN(Cc2ccc(F)cc2)S1(=O)=O,0.698952632
CN(c1ccc2c(c1)S(=O)(=O)N=C(c1c(O)c3cccn3n(Cc3ccc(F)cc3)c1=O)N2)S(C)(=O)=O,2.596298824
CC(c1ccc(S(C)=O)cc1)N(C)C(=O)C1CCC(c2ccccc2)CC1,1.5376093195
c1ccc2c(c1)CN[C@@H](CN(CCCCNC1CCCCC1)[C@H]1CCCc3cccnc31)C2,0.9518841
COc1ccc2nc(NC(=O)C(CC3CCCC3)c3ccc(S(=O)(=O)N(C)C)cc3)sc2n1,1.250468797
Cc1nn(-c2ccccn2)c2c1-c1oncc1CC2,0.7765716685
Cc1nnc(S(=O)(=O)CC(=O)C23CC4CC(CC(C4)C2)C3)s1,1.477121255
CCOC1=C(C=CC(=C1)NC(=O)C)C(=O)OC,0.829303773
CCN1C(=O)C(c2ccc(O)c(-c3cnn(C)c3)c2)C(=O)N(c2ccccc2)c2cc(C(F)(F)F)ccc21,2.079181246
[2H]C([2H])([2H])Oc1ccc2c(c1)C(=O)N1CCC[C@H]1c1c(C(=O)N(C)C)ncn1-2,2.9726346635
CC(C)(C)c1ccc(S(=O)(=O)N2CCN(c3ncccc3C(F)(F)F)CC2)cc1,1.146838082
CC[C@@H]1C(=O)N(C)c2cnc(-n3ccnc3-c3ccc(F)cc3)nc2N1c1ccn(C)n1,1.653271408
CCC1C(=O)N(C)c2cnc(-n3ccnc3-c3ccc(F)cc3)nc2N1C1CCC(F)(F)C1,0.868713578
CCCc1cc(=O)n2ncc(-c3ccc(Cl)cc3)c2[nH]1,2.2812452490000004
CC(C)=CCc1c2c(c3occ(-c4ccc(O)c(O)c4)c(=O)c3c1O)C=CC(C)(C)O2,1.4201345765
CCCC1CN(CC(=O)N(C(C)C)C(C)C)CCN1CC(=O)N(C(C)C)C(C)C,1.039896061
CC(=O)N[C@H]1CC[C@@]2(C)C(CC[C@@H]3[C@@H]2CC[C@]2(C)C(c4cccnc4)=CC[C@@H]32)C1,8.68502e-05
CCCOCCn1c(=O)c(NCCN2CCOCC2)nc2ncc(-c3ccc(OC)nc3)nc21,0.991556871
COC(=O)/C=C\C(=O)OC,2.079181246
CCN(CC)C(C)C(=O)C1=CC=CC=C1.Cl,2.079181246
N#Cc1ccc(C(=O)N[C@H](c2cn(C3(C#N)CC3)nn2)C2CCCCC2)cc1,1.681241237
CCCC1(c2ccccc2)OC(=O)C(C)=C1c1ccccc1,2.374280556
O=C(NCc1ccc(S(=O)(=O)c2ccccc2)cc1)c1cc2ccncc2o1,2.139479458
CC1CN(C(=O)Cc2nc(N3CCOCC3)cc(=O)[nH]2)c2ccccc21,1.263895514
CS(=O)(=O)Nc1ccc2c(c1)S(=O)(=O)N=C(c1c(O)c(N3CCCC3)nn(CCC3CC3)c1=O)N2,0.954242509
CCN(CC)CCCNc1sc(S(C)(=O)=O)nc1S(=O)(=O)c1ccc(C)cc1,1.871296179
CC(C)c1nc(C#N)c(NNC(=O)CC2CCCCC2)o1,0.256761023
CCc1c(CN[C@H]2CC[C@@H](F)C2)nc(-c2ncccc2Cl)n1-c1ccc(C)nc1,2.107042763
Cc1ccc2c(c1)[nH]c(=O)c1nc(-c3ccccc3Cl)[nH]c12,1.839228615
CC1CCN(C=C(S(=O)(=O)c2ccccc2)S(=O)(=O)c2ccccc2)CC1,0.6132305005
CN(C(=O)CN1CCc2nc(N3CCCC3)[nH]c(=O)c2C1)C1CCCCC1,2.1254926635
COC(=O)C1=C(Nc2ccc(F)cc2)O/C(=C\c2c[nH]c3ncccc23)C1=O,1.5024178
O=C1NCCN1CCNc1nccc(-c2[nH]c(C3CC3)nc2-c2cccc(NS(=O)(=O)Cc3ccc(Cl)c(Cl)c3)c2)n1,2.107042763
Nc1ncnc2c1nc(Sc1cc3c(cc1Br)OCO3)n2CCC(N)C1CC1,1.983972654
Cc1nc(N2CCN(C)CC2)nc2c1C(=O)CC(c1ccco1)C2,1.4169708105
Cc1ccnc(NC(=O)c2nn(C)c(-c3ccc(F)cc3)c2C)c1,1.959136831
CCCNC(=O)Cn1c(-c2cccc(OC)c2)nc2ccc(OCCCN3CCOCC3)cc2c1=O,0.915560026
CCCN1C=C2C(=N1)N=C(N3C2=NC(=N3)C4=CC=CO4)NC(=O)NC5=CC=C(C=C5)OC,2.079181246
O=[N+]([O-])c1cn2c(n1)OC[C@H](OCc1ccc(-c3ccc(F)cc3F)cn1)C2,1.896644974
C[C@@H]1CCN(C(=O)C2Cc3cc(Cl)ccc3O2)C[C@@H]1N(C)c1ncnc2[nH]ccc12,0.602081706
CC(Cn1ncc2c(Nc3cccc(Cl)c3)ncnc21)c1ccccc1,2.160063913
CCOCCOCCOCCCCCNC(=O)NC12CC3CC(CC(C3)C1)C2,1.538360034
Cc1ccc(NC(=O)N2CCCN(C(=O)CCC3CCCC3)CC2)cc1,0.602081706
CC(C)CCn1nc(C(C)(C)C)c(O)c(C2=NS(=O)(=O)c3cc(NS(C)(=O)=O)ccc3N2)c1=O,1.041313715
Cc1cc(S(=O)(=O)C2CCCC2)cc(=O)n1[C@@H](CC1CCCCC1)C(=O)Nc1nccs1,0.698952632
C1=CC=C(C(=C1)C(=O)N)O,2.079181246
CC1=C(C=C(C=C1)C2=NC3=CC=CC=C3N(C(=O)C2)CC(=O)NC4=CC=CC=C4F)C,0.794488047
[2H]C([2H])([2H])Oc1ccc(-n2nc3c4ccc(Br)cc4[nH]cc-3c2=O)cn1,3.318235484
C[C@]12CC[C@H](O)C[C@@H]1[C@@H](O)C[C@@H]1[C@@H]2CC[C@@]2(C)[C@H]1CC[C@@H]2[C@@](C)(O)CCCc1ccccc1,0.955731027
CC(=O)N1CCCC1c1cc2[nH]c(-c3ccccn3)nc2cc1Oc1cccc(C#N)c1,1.427789154
CC(C)(C)c1cnc(CSc2cnc(NC(=O)C3CCNCC3)s2)o1,2.4164652664000004
O=C(Nc1cc2cc[nH]c(=O)c2cc1Cl)C1CNCC1c1ccc(Br)cc1,2.376613451
CC1=C(C(N=C(N1)C2=CC(=NC=C2)Cl)C3=C(C=C(C=C3)Cl)F)C(=O)NC4=C(C=C5C(=C4)C=NN5)F,1.151982395
Clc1cccnc1N1CCCC(Cn2ccnc2)C1,2.1040086235000004
COc1cccc(CNC(=O)c2[nH]c3nc(-c4cn[nH]c4)ccc3c2CN2CCN(C)CC2)c1,8.68502e-05
Cc1n[nH]c(C)c1Sc1ccccc1-n1cnnc1,2.109842218
COc1nc(C)c(Nc2nc(Cl)cn([C@H](C)C3CC3)c2=O)c(OC)n1,1.517117578
Cc1cc(C)cc([C@@H](CC(C)C)NC(=O)c2cc(COc3cccc(C#N)c3)ccc2CCC(=O)O)c1,1.267088518
CN1CCC(NC(=O)c2cnc(Nc3cc(Cl)cc(Cl)c3)nc2N[C@@H]2COC[C@H]2O)CC1,1.869114327
Fc1cc(C(CC2CNC2)Oc2ccccc2)ccc1Cl,1.367777572
O=c1ccc(-c2ccc(OCc3ccc4ccccc4n3)cc2)c(-c2ccccc2)[nH]1,1.948355275
CC(C)COc1cc(=O)n2c(c1C(=O)NCC1CC1)CCCCC2,1.84572268
O=C(NCCc1c[nH]c2ccccc12)c1c(OCC2CC2)cc(=O)n2c1CCOCC2,1.4886359325
Cc1cc(C)c(S(=O)(=O)N[C@H](CO)C(C)C)c(C)c1,0.654701031
O=C(Nc1ccc(F)cc1F)N1CCC(N(CCc2ccc(Cl)cc2)C(=O)c2csc3ccccc23)CC1,1.041313715
O=C(O)[C@H](Cc1ccc(OCc2c(Cl)cccc2Cl)cc1)NC(=O)[C@@H]1OCO[C@H]1C(=O)Nc1nccs1,1.803447796
COC(=O)c1sc(C(F)(F)F)c(-c2ccccc2)c1S(=O)(=O)Nc1cc(Br)ccc1C(=O)N1CCCCC1,0.256761023
C[C@](O)(c1ccc(C(=O)N(C2CC2)[C@H]2CC[C@@H](c3ccccc3)CC2)cc1)C(F)(F)F,0.936300043
O=C(c1ccc(Br)cc1NS(=O)(=O)c1c(F)cccc1F)N1CCCCC1,1.900699678
N#Cc1ccc2ccc(=O)n(CC(=O)Nc3scc(Br)c3-c3ncn[nH]3)c2c1,1.595614978
CC(C)(CNC(=O)C1=CC=CC(=C1)C2=NOC(=N2)C(F)(F)F)C3=COC(=N3)C4=CC=CC=C4,1.519827994
Clc1ccc2c(NCCCNCc3cnccc3Cl)ccnc2c1,1.204174266
Cn1c2c(c3cc(S(=O)(=O)n4ccc5ccccc54)ccc31)C1CCC(C2)N1,2.6647030225000004
CC(C)CN1CCC2(CC1)CN(c1ccccc1NC(=O)Nc1ccc(OC(F)(F)F)cc1)c1ccccc12,1.468424729
COc1ccc2c(c1)C[C@H](C(=O)Nc1ccc(-c3cn[nH]c3)cc1SCCN(C)C)NC2,1.34246216
CCC1=CC=C(C=C1)N2C(=O)C3=C(NN=C3)N=C2SCC4=CC(=CC=C4)F,1.905634001
CC(C)CCc1nn(CCC(C)C)c(=O)c(C2=NS(=O)(=O)c3cc(NS(C)(=O)=O)ccc3N2)c1O,1.00008685
CNS(=N)(=O)c1ccc(C(F)(F)F)cc1,1.672079377
CC(=O)N1CCC(C(=O)N(CCCN2CCC(Sc3ccc(F)cc3)CC2)c2ccc(Cl)c(Cl)c2)CC1,1.06123878
CCC1C(c2ccccc2)NC(c2ccccc2)CC1(O)c1ccc(F)cc1.Cl,2.0812057675
CCCNC(=O)C1CCN(C(=O)c2cc3sc(Br)nc3n2Cc2ccc(OC)cc2)CC1,0.475642138
CN1CC(c2n[nH]c(=O)n2CCc2ccccc2F)CC1=O,3.315766141
O=c1ccccn1Cc1nc2cc(Cl)ccc2n1CCO,3.315766141
Cc1nc(C2CCOCC2)n2c1sc1cc(OCc3ccc4ccccc4n3)ccc12,1.86914851
CN(C)[C@H]1CCN(c2c(-c3ccccc3)cc(C#N)c3oc(C(C)(C)C)cc23)C1,1.111272488
Cc1nc(N2CCN(c3ccccn3)CC2)nc2c1C(=O)CC(c1cccc(Cl)c1)C2,1.5349567455000002
CCCCN1C(=O)[C@H]([C@@H](O)C2CCCCC2)NC(=O)C12CCN(Cc1ccc(Oc3ccc(C(=O)O)cc3)cc1)CC2.Cl,1.461174125
ClCCc1cnc(Cl)nc1Cl,1.98471824
C[C@H](Nc1ncnc2[nH]cnc12)c1cc2ccccc2nc1-c1ccccc1,1.6694268495
Cn1nc(C(C)(C)C)cc1NC(=O)N1CCCN(C(=O)C2CCOCC2)CC1,2.0253878
CN(C)Cc1ccc(-c2cccnc2)o1,2.519854234
CCCCCCc1ccc2c(c1)[nH]c(=O)c1nc(-c3ccccc3Cl)[nH]c12,0.792589949
COc1ccc(-c2csc(/C(C#N)=C3\C=CC=CN3C)n2)cc1,0.90674143
CCOCCn1nc(C)c2nc(NC3CCOCC3)nc(Nc3cc(C)ccn3)c21,1.039851917
COc1cc(-c2cn[nH]c2)cc2c(=O)[nH]c(C3COc4ccc(F)cc4C3)nc12,2.093491727
Cc1ccccc1C1(CC(=O)N2CC(O)C2)C2CC3CC1CC(C2)C3O,1.161365038
O=C(c1c(F)cccc1F)N(Cc1n[nH]c(=O)[nH]1)c1ccccc1,1.781534618
C=CC(=O)NCc1coc(-c2c(N)ncnc2Nc2ccc(Oc3cccnc3)c(Cl)c2)n1,1.176091259
O=S(=O)(c1c[nH]c2ncc(Cl)cc12)N1CCn2ncnc2C1,1.113764663
N#CCCn1cc(CN2CCN(c3cc(C(=O)Nc4ccc5c(c4)-c4c(c(C(N)=O)nn4-c4ccc(F)cc4)CC5)c(Cl)cn3)CC2)cn1,0.77815125
CS(=O)(=O)N(c1cc(Cl)cc2c1OCC(=O)N2Cc1nnc(CCc2ccc(Cl)cc2)n1CCC(F)(F)F)S(C)(=O)=O,0.478609772
Cc1nc(N2CCN(C)CC2)c2nc(-c3ccccc3Cl)n(C3CC3)c2n1.Cl,1.249321963
CC1(COc2ccc(-c3ccc(F)cc3)cc2)Cn2cc([N+](=O)[O-])nc2O1,2.211302473
C[C@]12CC[C@H]3[C@@H](CC(F)[C@@]4(O)C[C@@H](O)CC[C@]34C)[C@@H]1CC=C2c1cccnc1,8.68502e-05
c1cn2cc(-c3ccc4cn[nH]c4c3)nc(Nc3ccc(N4CCOCC4)cc3)c2n1,1.993788814
CC(C)(C)CCn1nc(CC2CCCC2)c(O)c(C2=NS(=O)(=O)c3cc(NS(C)(=O)=O)ccc3N2)c1=O,0.80631567
Cc1cc(C(=O)N2CCOCC2)c2c(=O)n(Cc3ccccc3C)c(=O)n(-c3ccccc3)c2n1,1.0338113445
FC1(F)CCC(NCc2ccc(CN(C[C@H]3Cc4ccccc4CN3)[C@H]3CCCc4cccnc43)cc2)CC1,0.493373655
Cc1cc(C)nc(N2CCN(c3ccccn3)CC2)n1,1.198124429
O=C(CO)NCCN1C(=O)COc2ccc(NCc3ccc(Cl)c(Cl)c3)cc21,1.261257433
O=c1[nH]c(N2CCCC2)nc2ncc3c(c12)CCC3,1.389449226
CC(=O)Nc1cccc(-c2ccc(Cc3ocnc3C(=O)NCc3ccccc3)cc2)c1,1.653271408
Cc1cccc(C)c1-n1c(C)cc(OCc2ccc(F)cc2F)c(Br)c1=O,0.949156961
C1CN(CCN1C2=CC(=CC=C2)Cl)C3=CSC4=C(C3=O)C=C(C=C4)Cl,1.108903128
CCn1nc(-c2cccc3ccccc23)cc1-c1nccn1C,0.364322463
CCc1nc(C)sc1Cn1cc(-c2cn(CC)nc2C)nn1,2.8692656965000003
CC1(C)CN(c2ccccc2NC(=O)Nc2ccc(OC(F)(F)F)cc2)c2c(O)cc(F)c(-c3ncc(F)cn3)c21,0.890656317
COc1ccc(-n2nc(C(N)=O)c3c2C(=O)N(c2ccc(C4(CC(N)=O)CC4)cc2)CC3)cc1.O=C(O)C(F)(F)F,1.98686127
O=C1c2cc(Cl)ccc2-n2c1nc1cc(F)ccc1c2=O,2.644415838
O=C(c1ncc(-c2ccccn2)o1)C1CCc2cc(OCc3ccccc3)ccc2C1,1.079181246
CC(C)N/C(=N\c1nccn1Cc1ccccc1)Nc1ccc(Cl)c(Cl)c1,1.204174266
c1ccc2c(c1)CNC(CN1CCC3(CCc4ccccc43)CC1)C2,0.819543936
CCCS(=O)(=O)N1CCC(CNC(=O)c2ccc(Cl)cc2Cl)(c2ncccc2F)CC1,1.599669682
COc1ccc(N(C)c2cc3n(c(=O)n2)CCc2cc(OC)c(OC)cc2-3)cc1,1.484320685
O=C(C1CCc2n[nH]c(=O)n2C1)N1CCc2ccc(F)c(F)c2C1,2.530522071
c1ccc(-c2csc(-c3nc(-c4cccs4)cs3)n2)cc1,2.602377389
CS(=O)(=O)c1ccc([C@@H](C[C@H]2CCC(=O)C2)C(=O)Nc2cnccn2)cc1Cl,2.268536778
O=[N+]([O-])c1cn2c(n1)OC[C@H](Oc1ccc(C(F)(F)F)cn1)C2,2.596298824
CC1C[C@H]2C3=CC=C(c4cncc(F)c4)[C@@]3(C)CC[C@@H]2[C@@]2(C)CCC(=O)C=C12,8.68502e-05
COc1ccc2c(c1)C[C@@H](C(=O)Nc1ccc(-c3cn[nH]c3)cc1OCCN(C)C)NC2,2.004235366
C#CC1CC2Cc3[nH]ncc3C(C1)N2S(=O)(=O)c1ccc(Cl)cc1,1.653271408
Cc1nc([C@]23COC[C@H]2C3)n2c1sc1cc(OCc3ccc4ccccc4n3)ccc12,1.704643842
COc1cccc(OC)c1C1CCCC(=O)N1Cc1ccc2ccccc2c1,8.68502e-05
Cl.O=C(Nc1ccncc1)[C@H](Cc1c[nH]c2ccccc12)NCc1ccccc1F,1.204174266
COc1cc(OC)cc(-n2c3c(c4nc(OC)ccc42)C(C)CCC3)c1,1.753756967
CCn1cc(C(=O)O)c(=O)c2cc(F)c(N3CCN(C)CC3)cc21.CS(=O)(=O)O,2.8540381335
CCN(CC)C(=O)SCC1=CC=C(C=C1)Cl,0.413299764
O=C(/C=C/c1ccc(O)cc1)NCCc1ccc(O)cc1,3.315766141
Cc1ccncc1-c1cccc2c1cnn2-c1ccccc1,1.445566604
Cc1cc(=O)c(Oc2ccc(F)cc2F)c(-c2ccc(S(C)(=O)=O)cc2)o1,0.725545316
COc1cccc(CN2CCC(C(=O)N3CCN(Cc4ccc5c(c4)OCO5)CC3)CC2)c1OC,2.0835123205
Cc1ccc(S(=O)(=O)N2CCC(C(=O)NC34CC5CC(CC(C5)C3)C4)CC2)c(C)c1,1.146065989
Clc1cccc(OC(c2ccccn2)[C@H]2CCNC2)c1Cl,2.079181246
COc1ccc2c(c1)CC(c1nc3c(OCCN(C)C)cc(-c4cn[nH]c4)cc3c(=O)[nH]1)CO2,1.80631567
COc1cccc2c(=O)n(Cc3ccccc3C#N)c(N3CCCC(N)C3)nc12,1.785472203
COc1ccccc1Nc1cnnc2c(Cl)cccc12,0.9369088125
CC(C)CCNC(=O)c1c(OCC2CC2)cc(=O)n2c1CCOCC2,1.6783945875
Cc1cc(C)cc(N2CCN(C(=O)c3oc(C)nc3-c3ccccc3)CC2)c1,1.484615392
Cn1c(=O)c(S(C)(=O)=O)c(CCc2ccccc2)c2cc(OCC(=O)NCc3ccccc3)ccc21,0.256761023
O=C(C(=O)N1CCN(C(=O)c2ccccc2)CC1)c1c[nH]c2c(-c3nn[nH]n3)ccc(F)c12,2.300986564
CC(C)(C)c1nc2cc(S(=O)(=O)CCC#N)ccc2n1CC1CCOCC1,0.862457337
CC(=O)Nc1ccc(-c2ccc(CNCCNc3ccnc4cc(Cl)ccc34)s2)cc1,1.431363764
CCc1nc2ccc(Cl)cn2c1C(=O)NCc1ccc(-c2ccc(C)cc2)cc1,1.48427136
COc1ccc(OC)c(NC(=O)c2cc3cccc4c3n2CC(C)S4)c1,1.278347866
Cc1cccc(C(=O)N2CCc3c(sc(NCc4ccccc4)c3C#N)C2)c1,1.060774989
CCCCOCC1=C2C=CC=NC2=C(C(=C1)CN3CCN(CC3)C4=CC(=CC=C4)Cl)O,1.013258665
O=C(Nc1ccc(C(F)(F)F)cc1)N1CCC[C@@H]1c1ncnn1Cc1ccc(Cl)cc1,1.623959337
CN1CCC(Nc2ccc3ncc(-c4ccc(Nc5ncccc5F)cc4)n3n2)CC1,2.094301112
C[C@@H](O)C(=O)N1CCC(CCn2c(Sc3cc4c(cc3Br)OCCO4)nc3c(N)ncnc32)CC1,1.421769731
O=C(NCCN1CCOCC1)c1cc(-c2ccc(-c3ccncc3)cc2)cs1,2.049295568
CC(C)Cc1ccc(C(C)C(=O)NCCNC(=O)C2CCCNC2=O)cc1,1.023300966
C[C@H](c1ccc(F)cc1)N1C(=O)O[C@](Cc2ccccc2)(c2nc3cc(-c4cccnc4Cl)ccc3[nH]2)C1=O,1.66833238
CC(C)COc1cc(=O)n2c(c1C(=O)NCCCN1CCOCC1)CCCCC2,2.1303856055
COc1cccc(NC(=O)c2c(C)nc(C)c(C(=O)O)c2-c2ccc(Cl)cc2)c1,1.075163031
CC(C)(C)CCn1nc(-c2cccs2)c(O)c(C2=NS(=O)(=O)c3cc(OCC(N)=O)ccc3N2)c1=O,1.322219295
CN1C[C@@H]2C[C@H]1CN2c1ccc(-c2ccc3[nH]ccc3c2)nn1,2.834228116
Cn1nnc(-c2c(F)cc(Cl)cc2-c2cnc(CNC(=O)N(O)C3CCC(F)(F)CC3)c(F)c2)n1,1.924989333
CCN(CC)c1ccc(C(=O)NCCn2c(C)cc3ccccc32)cc1,0.9480633016666666
COC(=O)c1ccc2nc(Nc3nc4ccc(F)cc4s3)sc2c1,0.771094417
CCC1C(=O)N(C)c2cnc(-n3ccnc3-c3ccc(F)cc3)nc2N1c1ccc(F)cc1,1.439986773
COC(=O)C1=C(Nc2ccc(OC)cc2)O/C(=C\c2c[nH]c3ncccc23)C1=O,1.273147309
CC(C)(C)C1=NOC(C)(C(=O)N[C@@H](Cc2ccc(NC(=O)c3c(Cl)cccc3Cl)cc2)C(=O)O)C1,3.012537144
COc1cc(NC(=O)C2COc3ccc(Cl)cc3C2)ccc1-c1cn[nH]c1,1.556302501
CCCOCCn1nc(CC)c2nc(N3CCNCC3)nc(Nc3ccccn3)c21,1.581767674
N#Cc1cccc(-c2ccc(C(=O)N[C@@H](Cc3c[nH]c4ccccc34)C(=O)Nc3ccncc3)c(F)c2)c1,0.77815125
COc1ccc(-c2cn3c(C(=O)N4CCN(C/C=C/c5ccccc5)CC4)csc3n2)cc1,0.256761023
CC1=C(C=C(C=C1)C(=O)NC2CCN(CC2)C3=CC(=O)N(N=C3)CC4CC4)C,2.079181246
CCOC1=C(C=CC(=C1)CNC(=O)C2=CC(=C(C=C2)C)NC(=O)C3=NSC4=CC=CC=C43)OC,0.852479994
Cc1nc(C)c(-c2csc(Nc3ccc(C(=O)N4C5CCC4CN(c4ncc(CO)cn4)C5)cn3)n2)s1,1.629740221
CCCNC(=O)C1CCN(C(=O)c2cc3ccsc3n2Cc2ccc(OC)cc2)CC1,0.610660163
Cc1cc(Nc2cccc(Cl)c2)n2ncnc2n1,1.653212514
CCOc1cc(=O)n2c(c1C(=O)NCCc1ccc(OC)c(OC)c1)CCCC2,2.5470572215
CC(O)(c1ccc(C(=O)N(CC2CC2)C2CCCCC2)cc1)C(F)(F)F,1.150725122
CN(C)CCN(Cc1ccccc1)C(=O)C(C(=O)c1ccc(F)cc1)n1ccccc1=O,1.2205926475
Nc1ncc(-c2cn3c4c(nc3c(N3CCOCC3)n2)CN(C(=O)NC2CCCCC2)CC4)cn1,0.509212497
CC(C)(C)c1cc(NC(=O)N2CCCN(C(=O)N3CCOCC3)CC2)no1,1.763442969
CCCc1cc(=O)[nH]c(-n2nc(C)cc2NC(=O)COc2ccccc2C)n1,1.191742936
CC(C)(C)[C@H](NC(=O)n1c(=O)n(CC2(O)CCOCC2)c2ccccc21)C(N)=O,2.079181246
CC1(C)C=C(N(Cc2ncc[nH]2)c2ccc(Cl)c(Cl)c2)c2ccnc(Br)c2O1,0.7964294915
CCn1cc(C(=O)NCc2ccc3c(c2)OCO3)c(=O)c2cc(F)c(N3CCN(C)CC3)cc21,1.411771855
Cc1nc(C)c(COCc2ccccc2)c(-c2ccc(Cl)cc2)c1CO,1.500718346
c1ccc2c(c1)CCCC2N1CCC2(CC1)Oc1ccccc1C1CC(c3ccncc3)=NN12,1.165292152
O=C(NCCc1nc(-c2cccc(F)c2)cs1)N1CCCC(F)C1,1.00008685
Cc1cc(C)c(S(=O)(=O)NCCc2cc3c(C)ccc(C)c3[nH]c2=O)c(C)c1,0.792659721
CC1(C)Cc2c(sc3c2c(=O)n(C2CCCCC2)c(=O)n3CC(=O)NCc2ccccc2)CO1,1.5014103689999998
CN1CCC(NC(=O)c2cnc(Nc3cc(Cl)cc(Cl)c3)nc2NC2CCC(N(C)C)CC2)CC1,2.079181246
c1ccc(Cn2nnnc2C(c2ccc(-n3cccn3)cc2)N2CCCN(C3CCC3)CC2)cc1,0.845222106
O=[N+]([O-])c1cn2c(n1)OC[C@@H](OCCOc1ccc(OC(F)(F)F)cc1)C2,2.408072758
COc1cc(/C(=N\N)c2csc(-c3ccccc3)n2)cc(OC)c1OC,1.740378482
COc1nc(C)c(Nc2nc(C#N)cn([C@H](C)C3CC3)c2=O)cc1C,2.838644886
CC1CNCC(C(=O)Nc2ncc(SCc3ncc(C(C)(C)C)o3)s2)C1,1.6273901825
CS(=O)(=O)c1c(CCc2ccccc2)c2cc(OCC(=O)Nc3ccccc3)ccc2[nH]c1=O,1.715368522
O=c1ccc(-c2ccc(OCc3ccc4[nH]ccc4n3)cc2)c(-c2ccc(F)cc2)[nH]1,0.910046531
CCCn1cc(S(=O)(=O)N2CCC(c3nc4cnccn4c3NC(C)(C)C)CC2)c(C)n1,0.7257692875
[2H]C([2H])([2H])Oc1ccc2c3nn(-c4ccc(OC([2H])([2H])[2H])nc4)c(=O)c-3c[nH]c2c1,2.682838075
Cc1ccc(OCCOCCN2CC(C)OC(C)C2)c(Br)c1.O=C(O)C(=O)O,0.503298576
Cc1nnc2ccc(N3CCNc4ccccc4C3)nn12,1.806475073
CNC(=O)c1cc(N)c(Nc2ccc(C#N)cc2)cc1Oc1c(C)cc(/C=C/C#N)cc1C,1.651297402
CCOc1nc(NC(=O)C(C)(C)NC(=O)c2ccc3c(C4CCCC4)c(-c4ccc(Cl)cn4)n(C)c3c2)cnc1/C=C/C(=O)O,2.440909082
CCCNC(=O)C1CCN(C(=O)c2cc3oc(Br)cc3n2Cc2ccc(OC)cc2)CC1,0.977632165
O=C(Cc1ccc(-c2ccccc2)cc1)NCc1ccccc1,1.071736253
O=C(NCc1ccc(S(=O)(=O)c2ccccc2)cc1)c1cc2ncccc2s1,1.994238833
Cn1ccnc1-c1[nH]c(-c2ccc(Cl)cc2)nc1-c1ccc(C(C)(C)C)cc1,0.8189059445
O=[N+]([O-])c1cn2c(n1)OC[C@@H](OCc1ccc(-c3ccc(OC(F)(F)F)cc3Cl)cc1)C2,2.644415838
c1ccc(C2CCC3(CC2)Oc2ccccc2C2CC(c4ccncc4)=NN23)cc1,1.558180192
CO[C@H]1/C=C\C=C(/C)C(=O)NC2=CC(=O)C(NCCN(C)C)=C(C[C@@H](C)C[C@H](OC)[C@H](O)[C@@H](C)/C=C(\C)[C@@H]1OC(N)=O)C2=O,1.765547324
CCOC(=O)c1c(-c2ccccc2)n(C#Cc2ccccc2F)c2ccccc12,1.007191653
COc1ccc([C@@H](C)C(=O)c2ccc(O)cc2O)cc1,1.685044317
CC(CCc1ccco1)NC(=O)c1cc(S(=O)(=O)N(C)C)c(Cl)cc1Cl,0.7758632195
COc1cc2c(N3CCN(C(=O)Nc4ccc(OC(C)C)cc4)CC3)ncnc2cc1OCCN1CCOCC1,1.724259481
O=c1c2ccccc2nc(-c2ccco2)n1-c1nc2ccccc2s1,3.315766141
Cc1cc(=O)c(Oc2ccc(Cl)cc2F)c(-c2ccc([S@+](C)[O-])cc2)o1,1.367777572
CS(=O)(=O)c1cccc(Oc2cccc(-c3c(Cc4ccccc4)nc4c(C(F)(F)F)cccn34)c2)c1,1.278799314
CC(C)n1cc(CNS(=O)(=O)c2cc(F)cc(Cl)c2)nn1,1.1471427765
C=Cc1cc(C(NC(=O)OC(C)(C)C)C(=O)Nc2ccccc2C(=O)NS(=O)(=O)c2ccc(C(F)(F)F)cc2)ccc1Oc1cc(OC)nc(-c2ccccc2)n1,1.944581364
Cc1cc2c(cc1C)OC(c1nc(N(C)C)no1)C2,0.970780854
O=S(=O)(/C(=C(\F)Oc1ccccc1)c1ccccc1)c1ccccc1,0.9991651545
Cc1cc(C)n(CCCN(C)CC2(O)CNCCOC2)n1,1.489406894
CC(C)(C)OC(=O)N[C@@H]1CC[C@@H](n2cnc3cnc4[nH]ccc4c32)C1,2.5224266085
Nc1ncnc2c1c(-c1ccc(F)cc1)nn2CC(Cl)c1ccccc1,2.975999181
c1ccc(C(c2ccccc2)([C@H]2CCCN2)n2cc(-c3ccccn3)nn2)cc1,1.0967015880000002
O=C(NCc1ccc(S(=O)(=O)c2cccnc2)cc1)c1cc2cnccc2[nH]1,1.859033917
CC1(C)CCC(NCc2ccc(CN(C[C@H]3Cc4ccccc4CN3)[C@H]3CCCc4cccnc43)cc2)CC1,0.561202092
CCc1nn(CCO)c(CC)c1Oc1cc(C)cc(C#N)c1,1.230397825
Cc1nn(CC(=O)NCCN2CCCCC2C)c(C)c1C,3.315766141
O=C(Nc1ccc(F)c(-c2nc3ccccc3s2)c1)c1cc([N+](=O)[O-])c(N2CCNCC2)cc1Cl,2.380211242
Cc1ccc(C2C(C(=O)NC3CCCCC3)CCC(=O)N2C)cc1,0.90863249
O=C1COc2ccc(Cl)cc2CN1Cc1cc(F)cc(F)c1,1.541389692
ClC(Cn1ncc2c(NCc3ccccc3)nc(SCCN3CCOCC3)nc21)c1ccccc1,2.908916118
Cn1cc(CN2CCN(c3cc(C(=O)Nc4ccc5c(c4)-c4c(c(C(N)=O)nn4-c4ccc(F)cc4)CC5)c(Cl)cn3)CC2)cn1,1.230397825
CCOc1ccc2[nH]c3c(=O)n(CCN(C(C)C)C(C)C)cnc3c2c1,0.8501206674999999
c1ccc(CNCC2CCC3(CC2)OOC2(CCCCC2)OO3)cc1,1.62324929
CN1CCc2nc(C(=O)N[C@@H]3C[C@H](C(=O)O)CC[C@@H]3NC(=O)c3cc4cc(Cl)ccc4[nH]3)sc2C1,2.234385893
Cc1ncn(-c2ccc(Nc3nccc(-c4cccc(N5CCOCC5)c4)n3)cc2)n1,1.255272505
CN(C1CCNCC1)S(=O)(=O)c1ccc(Cl)s1.Cl,2.011236617666667
CCCS(=O)(=O)c1ccc2[nH]c(-c3cccc(-c4ccccc4)c3)nc2c1,1.741746331
Cc1nc(-c2nn(C)c(C)c2Cl)n(-c2ccc(F)cc2F)n1,1.527465148
O=C(c1ccc(Oc2ccc(Cl)cc2)nc1)N1CCCN(C2CCC2)CC1,2.607886123
CC(C)(C)c1cnnn1-c1ccc(C(=O)COC(=O)c2ccccc2)cc1,0.460818531
COC1=CC=C(C=C1)C(=O)C2CCN(CC2)CC(=O)N(CC3CC3)CC4=NC5=C(COCC5)C(=O)N4,1.912062556
CC(C)COc1cc(=O)n2c(c1C(=O)NCc1ccccc1F)CCCCC2,1.8174606565
C1=CC(=CC=C1C2=CC(=O)C3=C(C=C(C=C3O2)O)O)O,1.274388796
CCCn1ccc2cc(-c3ccc(OCCc4ccccc4)nc3)cc(Cl)c2c1=O,1.644515988
O=C1c2[nH]ncc2C(C2CC2)N(S(=O)(=O)c2ccc(C(F)(F)F)nc2)C1C1CCOCC1,1.568118514
O=C(NC1CCC(OCCCN2CCOCC2)CC1)NC12CC3CC(CC(C3)C1)C2,2.69790644
CCS(=O)(=O)c1ccc2oc(-c3ccc(Cl)cc3)nc2c1,1.838849091
Cn1cc(C2CCNCC2)c2ccc(Nc3ccc(F)c(F)c3)cc21,2.201729674
COc1cc(CO)ccc1-c1cc2c(N[C@H](CO)c3ccccc3)ncnc2s1,2.187577119
Cn1c2c(c3cc(S(=O)(=O)c4ccc5[nH]ccc5c4)ccc31)C1CCC(C2)N1,3.0846604395000004
CC1CCN(c2ccc(-c3noc(C(=O)NCCc4nc5ccccc5[nH]4)n3)cc2)CC1,1.7777402815
C1CCN(CC1)CCOC2=CC=C(C=C2)C(=O)O.Cl,2.079181246
CNC(=O)c1cc(-c2ncc(OC)c3c(C(=O)C(=O)N4CCc5c(cccc5-c5ccccn5)C4)c[nH]c23)n[nH]1,0.391592324
CC(C)(C)OC(=O)N1CCC(n2cc(-c3cnc(N)c(-c4nc5ccccc5o4)c3)c3ccccc32)CC1,1.4259428115
CN1CCN(c2cc3c(cc2F)c(=O)c(-c2noc(Cc4ccccc4)n2)cn3Cc2ccc(C(F)(F)F)cc2F)CC1,1.412302484
Cc1[nH]c(=O)[nH]c(=O)c1S(=O)(=O)N1CCC(C(=O)NCCC(C)C)CC1,1.9319433565
CC(C)Oc1ccc(NC(=O)c2cc(N(C)Cc3ccc(F)cc3)ncn2)cc1,1.66833238
CCOC(=O)Cn1cc(CN2CCN(c3cc(C(=O)Nc4ccc5c(c4)-c4c(c(C(N)=O)nn4-c4cccc(F)c4)CC5)c(Cl)cn3)CC2)cn1,0.477121255
CCN(CC)CCNc1nc2cc(Nc3ccnc4cc(Cl)ccc34)ccc2o1,1.922687859
Cc1ccc(S(=O)(=O)N2Cc3ccc(/C=C/C(=O)NO)cc3C2)cc1,1.041313715
O=C(NCc1ccccc1)c1ccc(CN(c2ccccc2)S(=O)(=O)c2ccccc2)cc1,1.226253104
C1CNCCC1(C2=CC=C(C=C2)C3=CNN=C3)C4=CC=C(C=C4)Cl,2.079181246
COc1cccc(CN(C)C(=O)c2c[nH]c3cc(-c4cn[nH]c4)ccc23)c1,1.114010162
Nc1n[nH]cc1C(=O)NC[C@H]1CC[C@@H](CCOc2ccccc2)CC1,1.77083729
COc1ccc2c(n1)c1c(n2-c2ccc(N(C)C)cc2)CCC1,1.2550249265
COc1ccc(S(=O)(=O)N[C@H]2CC[C@@H](N3CCC(c4ccccc4OCC(F)(F)F)CC3)CC2)cc1OC,1.748172516
Nc1ccc2nn(-c3ccccc3)nc2c1Br,2.5214405075
COc1c(F)cc(F)cc1-c1ccc(CO[C@@H]2COc3nc([N+](=O)[O-])cn3C2)cc1,2.102435961
CC(=O)c1cc(C(=O)O)c(Nc2ccc(I)cc2F)n1C,2.089905111
Oc1cc(O)c2c(c1)O[C@H](c1ccc(O)c(O)c1)[C@H](O)C2,3.315766141
O=S(=O)(c1ccc2[nH]c(SCc3cccc(Cl)c3)nc2c1)N1CCOCC1,0.886090603
Cc1nc2c(Cl)cccc2n1-c1cc(Oc2cccc(S(=O)(=O)C(F)(F)F)c2)ccc1Cl,1.477121255
CCc1cccc2cc([C@@H](O)CNC(C)(C)C)oc12,3.3516581695000003
O=S(=O)(Nc1ccc(O)c(CO)c1)c1ccc(-c2ccc(Br)cc2)cc1,1.00008685
CC(C)(C)c1ccc(C(=O)Nc2ccc(C(F)(F)F)nc2)cc1,1.612762671
CCc1c(-c2ccccn2)cccc1S(=O)(=O)N[C@@H](CNC(=O)c1ccc(Cl)s1)C(=O)N1CCOC[C@@H]1C,3.139674882
Cc1cccc(NC(=O)c2nn(C)c(-c3cc(F)cc(F)c3)c2C)n1,1.505122834
COc1ccc(C(=O)NCc2cccc(C(=O)Nc3ccc(CN(C)C)cc3)c2)cc1OC,1.819543936
CC(C)c1nc(OCC(=O)O)c(C#N)c2c1COC(C)(C)C2,1.7458526440000002
CC(C)n1cc(NC(=O)C2(C)Oc3ccccc3NC2=O)cn1,2.148162765
N#Cc1ccccc1Cn1c(N2CCC[C@@H](N)C2)ncc(Cl)c1=O,2.300986564
CNCC1(c2ccc3ccccc3c2)CCCCC1,2.133602771
N#CCCCn1c(Cn2c(=O)n(C3CC3)c3ccncc32)nc2ccccc21,1.611780576
CC(=O)Nc1cccc(C2CCN(CCCn3nc(-c4ccc(F)c(F)c4)c4ccccc4c3=O)CC2)c1,1.638486293
Cc1nc(N2CCC(N3CCCC3)CC2)nc2ccc(NC(=O)C(C)Oc3ccc(Cl)cc3)cc12,1.994238833
CCC1(CCCCN2CCN(c3ccc(Cl)cc3)CC2)C(=O)Nc2c(Cl)cc(Cl)cc21,1.816286247
CCn1nc(CN[C@@H]2CCC(=O)N[C@H]2c2ccnn2C)c2ccccc21,2.141273568
COCCCOc1cc2ncnc(Nc3c(F)ccc(O)c3C)c2cc1OC,1.83238116
CCOCCCN1C(=O)C(C)(c2cc(F)cc(F)c2)Oc2ccc(-c3c(N)nc(N)nc3CC)cc21,1.748172516
O=C(c1ccc(F)cc1)N1CCn2c(nnc2-c2ccccn2)C1,2.380211242
CCCNC(=O)C1CCN(C(=O)c2cc3sc(Br)cc3n2Cc2ccc(OC)cc2)CC1,0.463892989
CC1=C(C(=CC=C1)N2CCN(CC2)C(=O)C3=CN(C(=O)C4=C3C5=CC=CC=C5N4C)C6CCCCC6)C,-0.119186408
O=C(Cn1ncc2ccccc2c1=O)c1ccc(Cl)cc1,1.2071049185
COc1ccc(Nc2nc(Cl)cn([C@H](C)C3CC3)c2=O)c(C(F)(F)F)n1,1.206566989
COc1c(CNc2ccc(NS(C)(=O)=O)cc2)cc(N2CCC(=O)NC2=O)cc1C(C)(C)C,1.715368522
C[C@](O)(c1ccc(C(=O)N(C2CC2)[C@H]2CC[C@](COC(N)=O)(c3cscn3)CC2)cc1)C(F)(F)F,2.295268828
C1COC2(N1CC(=O)NC3=C2C=C(C=C3)Cl)C4=CC=CC=C4Cl,0.658964843
CP(C)(=O)c1cccc(C[C@H](NC(=O)c2c(Cl)cc3c(c2Cl)CCN(C(=O)c2ccc4ccoc4c2)C3)C(=O)O)c1,2.607886123
COc1ccc(Cl)cc1NC(=O)c1cc2c(=O)oc3ccccc3c2n1C,1.9839385995
CCn1nc(-c2cccc3ccncc23)cc1-c1cccnn1,0.577762172
CC(C)Oc1ccc(NC(=O)[C@@H]2C[C@@H]3CC[C@@H]2N(S(=O)(=O)c2ccccc2F)C3)cc1,0.654701031
CCc1onc(-c2ccc(Cl)cc2)c1COc1ccc(CCC(=O)O)c(C)c1C,1.227004468
CCCNS(=O)(=O)c1ccc(OCC(=O)N2CCN(Cc3ccc4c(c3)OCO4)CC2)c(C)c1,1.0551886075
C[C@H](NC(=O)c1cc(Cl)ccc1Oc1ccc(F)cc1)c1ccc(C(=O)O)cc1,2.079181246
Clc1cccc(Nc2nc(N3CCOCC3)nc3c2cnn3CC(Cl)c2ccccc2)c1,2.596298824
O=C(Nc1ccc2nncn2c1)c1cccc2cc[nH]c12,1.7222603365
CC(C)Nc1cc(-c2csc(N(C)C(=O)c3ccc(F)cc3)n2)ncn1,1.609674042
CCCNC(=O)C1CCN(C(=O)c2cc3sc(-c4ccccc4)nc3n2Cc2ccc(OC)cc2)CC1,1.610660163
Cn1c(=O)n(-c2ccccn2)c(=O)c2c3c(sc21)COC(C)(C)C3,2.43190169
Cn1c2c(c3cc(S(=O)(=O)c4cccc(Cl)c4)ccc31)C1CCC(C2)N1,2.469374867
COC1=CC(=CC(=C1OC)OC)C(=O)NC2CCCNC2,2.079181246
c1ccc2c(c1)CC(CN1CCC3(CCc4ccccc43)CC1)CO2,0.491389712
COc1cc2c(N3CCN(C(=O)Nc4ccc(OC(C)C)cc4)CC3)ncnc2cc1OCCCn1nccn1,2.602081706
Cn1c(-c2ccccn2)c(C2CCCCC2)c2ccc(C(=O)NC3(C(=O)Nc4ccc(/C=C/C(=O)O)cc4)CCCCC3)cc21,1.785472203
CC(Oc1cc(-c2cnn(C3CCCNC3)c2)cnc1N)c1c(Cl)ccc(F)c1Cl,1.407223347
C[C@H](c1ccc(F)cc1)N1C(=O)O[C@](Cc2ccccc2)(c2nc3cc(-c4cn[nH]c4)ccc3[nH]2)C1=O,2.834228116
COc1ccc(/C=C/c2cc(OC)cc3oc(-c4ccc(OC)cc4)c(-c4cc(OC)cc(OC)c4)c23)cc1,1.973793784
CNC(=O)c1ccc(C(c2nnnn2Cc2ccccc2)N2CCCN(C3CCC3)CC2)cc1,1.544043227
Cc1[nH]nc2c1C(c1cc(F)cc(N3CCC(CCC(=O)O)CC3)c1)(C(C)C)C(C#N)=C(N)O2,1.698952632
CC(C)[C@]1(C(=O)N2C[C@@H]3C[C@H]2CN3C(=O)CC(C)(C)C)CC[C@@H](NC2CCOCC2F)C1,1.880927865
COc1cc2nc(Nc3ccc(F)cc3)nc(NCc3ccccc3)c2cc1OC,2.392732117
CC(c1cccc(O)c1)N(C)S(=O)(=O)c1ccc2cn[nH]c2c1,1.7843040545000002
COc1cc(-c2nccc3[nH]c(-c4ccc5[nH]ccc5c4)nc23)cc(OC)c1OC,1.656586593
Cc1cc(C2CCN(C(=O)[C@@H]3CN(C(C)(C)C)C[C@H]3c3ccc(F)cc3F)CC2)n(-c2ccc(F)c(Cl)c2)n1,1.332258026
Cc1nc(C2CCN(C(=O)[C@@H]3CNC[C@H]3c3ccc(F)cc3F)CC2)n(-c2ccc(Cl)cc2)n1,1.515256251
Cn1ccc(Cn2nnn(-c3cccs3)c2=O)cc1=O,2.164865999
O=C(NCC1(c2ncccc2F)CCN(S(=O)(=O)CC2CC2)CC1)c1ccc(Cl)cc1Cl,1.644515988
N#C/N=C(\NCc1ccc(S(=O)(=O)c2ccccc2)cc1)Nc1cccnc1,2.047664915
COc1cc(=O)n(C)cc1C(=O)N1CCc2[nH]c(=O)c(C#N)cc2C1,3.315766141
CC(=O)O[C@H]1C[C@H]2[C@@H]([C@H](OC(C)=O)C[C@@H]3CC(=O)CC[C@@]32C)[C@@H]2CC[C@H]([C@H](C)CCCNCCNc3ccnc4cc(Cl)ccc34)[C@@]12C,0.77815125
c1cncc(-c2ccsc2)c1,2.433001341
COc1cc(-c2cn[nH]c2)ccc1NC(=O)C1COc2ccc(C)cc2C1,1.114010162
COc1cc2ncnc(-n3nc(-c4ccccn4)nc3N)c2cc1OC,2.309630167
COc1ccc2[nH]c([S+]([O-])Cc3ncc(C)c(OC)c3C)nc2c1,1.7470605925
CC(C)(C)NC(=O)[C@H]1CC[C@H]2[C@@H]3CC[C@H]4NC(=O)C=C[C@]4(C)[C@H]3CC[C@]12C,1.799340549
CC(C)(NC(=O)NCc1ccc2[nH]c(=O)c(-c3nccs3)c(CCc3ccccc3)c2c1)c1ccccc1,1.355913422
CC(C)(C)OC(=O)COc1ccc(-c2cc3ccccc3[nH]c2=O)cc1,0.8808392955
Oc1cccc(-c2nc3c(s2)Cc2ccccc2-3)c1,0.693149329
Nc1nc(N)c2c(OCC3CCN(Cc4c(Cl)cccc4Cl)CC3)cccc2n1,0.477121255
O=S1(=O)CC2Sc3ncnc4ncn(c34)C2C1,3.315766141
CS(=O)(=O)c1c(CCc2ccccc2)c2cc(OCC(=O)NCc3ccc(Cl)c(Cl)c3)ccc2[nH]c1=O,0.256761023
Cc1c(O)ccc2c(CSc3n[nH]c4nc5ccccc5n34)cc(=O)oc12,0.789091108
Cc1ccc(-c2nnc(N3CCN(C(=O)c4ccccc4)C[C@H]3C)c3ccccc23)cc1,1.403613846
N#Cc1ccc(OC[C@@H]2CCCN2C(=O)C[C@H](N)Cc2cc(F)c(F)cc2F)nc1,1.698952632
O=C(NCc1cccc(C(=O)O)c1NC(=O)c1nc2c(s1)COCC2)c1ccc(Cl)s1,1.568118514
ClC(Cn1ncc2c(Nc3cccc(Br)c3)nc(SCCN3CCOCC3)nc21)c1ccccc1,3.165666407
O=S1(=Nc2ccc(C(F)(F)F)cc2)CCCC1,2.041313715
CN1CCC(Oc2cc(N3Cc4ccccc4C3=O)ccc2Cl)C1,1.222018376
CNC(=O)NCCS(=O)(=O)NC(=O)c1ccc(Nc2nc(NC3(c4ccc(Cl)cc4)CC3)nc(OCC(F)(F)F)n2)cc1,2.357106862
CS(=O)(=O)Nc1ccc2c(c1)S(=O)(=O)N=C(C1=C(O)[C@@H]3[C@H]4CC[C@H](C4)[C@@H]3N(Cc3cccc(F)c3)C1=O)N2,2.408072758
CCNC(=O)Nc1sc2cccnc2c1C(=O)N1CCN(C2CCN(C(=O)C(C)(C)C(F)(F)F)CC2)CC1,0.707239543
CN(C)S(=O)(=O)Nc1ccc(CCNC(=O)c2ccnc3[nH]c(-c4ccsc4)nc23)cc1,1.189244634
Cc1cccnc1-n1cc(CN2CCC3(CC2)OCc2ccccc23)c(C)n1,1.66833238
CCC(=O)N1CCC(N(C(=O)COC)C2CCOCC2)CC1,2.4785108635
COc1ccc(CC(=O)O)cc1Nc1ncc(Cl)c(Nc2ccccc2S(=O)(=O)C(C)C)n1,1.6359225865
Cl.O=C(N[C@@H](Cc1c[nH]c2ccccc12)C(=O)Nc1ccncc1)c1ccc(N2CCNCC2)cc1F,1.176091259
CCC(C)Nc1c(C(C)=O)c(=O)[nH]c2c(C(=O)OC)scc12,0.697725989
Cc1nc(C(=O)N2CC(F)CC[C@H]2CNC(=O)c2cccc3occc23)c(-c2ccccc2)s1,1.77815125
C[C@](O)(c1ccc(C(=O)N(C2CC2)[C@H]2CC[C@@H](CCC#N)CC2)cc1)C(F)(F)F,1.66833238
Brc1ccc2nc(-c3cccs3)cn2c1,1.3767737985
CC(C)(C)NCC1=CC(=C2CCCCC2=C1O)NC3=C4C=CC(=CC4=NC=C3)Cl,2.079181246
COc1ccc(CCN2C(=O)N(NS(C)(=O)=O)C[C@H]2c2ccc(OC)cc2)cc1,1.477121255
CCN1C(=O)C(c2cc(-c3cnn(C)c3)c(O)cc2O)C(=O)N(c2ccccc2)c2cc(C(F)(F)F)ccc21,2.045322979
C[C@@](O)(c1ccc(C(=O)N(C2CC2)[C@H]2CC[C@H](CC#N)CC2)cc1)C(F)(F)F,2.295268828
O=C(Nc1ccccc1OC1CCCC1)c1c(O)cc(=O)n2c1CCC2,1.6601080330000002
O=c1[nH]c2cc(-c3ccco3)ccc2c2[nH]c(-c3ccccc3Cl)nc12,0.553834649
O=C1N[C@@H](Cc2c[nH]c3ccccc23)C(=O)N2CCC[C@@H]12,1.5165472445
CNC(=O)c1ccc(C(F)(F)F)cc1,2.114010162
Fc1ccc(C(c2nnnn2Cc2ccccc2)N2C[C@H]3CC[C@@H](C2)N3C2CCC2)cc1,0.845222106
O=c1cc(OCc2ccccc2)ccn1-c1ccc2c3c([nH]c2c1)CCNC3,3.038000481
CC(C)CN1C(=O)CN(Cc2ccc(-c3cccc(CN4CCCC(F)(F)C4)n3)cc2)C1=O,0.845222106
COc1ccc(OCCNC(=O)c2cc(S(=O)(=O)N(C)C)c(Cl)cc2Cl)cc1,1.268697708
CCC(=O)N(CCC1(c2ccccc2)CCOC(C)(C)C1)CC1CCOC(C)(C)C1,0.7202754835
Cc1ccc(S(=O)(=O)/N=C(\NCc2ccccc2)c2ccc(F)cc2)cc1,1.099600001
Cc1c(C#N)c2ccccc2n1Cc1nc(Cc2ccccc2)n[nH]1,1.6996776
COc1cc2[nH]c3c(=O)n(-c4ccccc4)ncc3c2cc1OC,1.865469733
O=C(NC12CC3CC(CC(C3)C1)C2)N[C@H]1CC[C@H](Oc2ccc(CO)cc2)CC1,1.9293210465
CCCS(=O)(=O)N1CCN(C2(CNC(=O)c3c(OC)cc(C(F)(F)F)cc3C(F)(F)F)CCCCC2)CC1,1.256761023
CN1CCC(Nc2nc(Nc3ccc(F)c(Cl)c3)nc3ccccc23)CC1.Cl.Cl,2.40654018
c1ccc2cc([C@]34CCC[C@H]3CNC4)ccc2c1,1.397974751
CCC1(CCCCN2CCN(c3ccc(Cl)cc3)CC2)C(=O)Nc2cc(F)ccc21,1.526300145
CC(C)(C)CCN1C(=O)C(C2=NS(=O)(=O)c3cc(NS(C)(=O)=O)ccc3N2)=C(O)[C@@H]2[C@H]3CC[C@H](C3)[C@@H]21,0.602081706
O=C(N[C@@H](Cc1c[nH]c2ccccc12)C(=O)Nc1ccncc1)c1ccc(/C=C/c2ccc(Cl)cc2)cc1F,1.845222106
CC1(C)OC2CC(=O)OCC23C1CC(=O)C1(C)C3CC[C@@]2(C)[C@H](c3ccoc3)OC(=O)C3OC312,2.367234761
CCc1nc(NCCc2ccncc2)c2c3c(sc2n1)CCCC3,0.3760410825
COc1cc(-c2nc3c(c(=O)[nH]c(=O)n3CC(C)C)n2CC(C)C)cc(OC)c1OC,2.0177337625
COc1cc2c(cc1O)CC[C@@H]1[C@@H]2CC[C@]2(C)[C@@H](N)CC[C@@H]12,1.1449625053333332
CCOc1cccc(CN(CCO)Cc2ccccc2C(=O)O)c1,2.777972418
Nc1c(Br)cc(O)cc1Br,2.0784161785
Cc1c(C)n2c3c(=O)[nH]c(=O)n(C)c3nc2n1Cc1ccco1,2.281186839
C[C@@H]1CC[C@]2([C@@H](C[C@H]([C@H](O2)C(C)C(=O)C3=CC=CN3)C)C)O[C@@H]1CC4=NC5=C(O4)C=CC(=C5C(=O)O)NC,2.079181246
c1ccc2c(c1)CCN(c1nnc(-n3cccc3)s1)C2,1.3034326825
CC(=O)N[C@@H]1CC[C@@]2(C)C(=CC[C@@H]3[C@@H]2CC[C@]2(C)C(c4cccnc4)=CC[C@@H]32)C1,8.68502e-05
CC1(COc2ccc(-c3ccc(F)cc3)nc2)CCn2cc([N+](=O)[O-])nc2O1,1.77815125
COCCOc1cc(=O)n2c(c1C(=O)NC1CCCCCC1)CCOCC2,1.6417321535
COc1cccc(NCC(F)Cn2c3ccc(Br)cc3c3cc(Br)ccc32)n1,2.068185862
CCc1cncc(C2=CC[C@H]3[C@@H]4CCC5=CC(=O)NCC[C@]5(C)[C@H]4CC[C@]23C)c1,1.00008685
C[C@H](Cc1cccc(CC(=O)NC23CC4CC(CC(C4)C2)C3)c1)NC[C@H](O)c1ccc(O)c(CO)c1,0.301029996
CN(Cc1cnn(-c2ccccc2)c1)c1ccc(C#N)cn1,0.5245943405
CCOC(=O)CCS(=O)(=O)c1n[nH]c(NC(C)=O)n1,2.2814551675
COc1ccc2nc(NC(=O)C(CC3CCCC3)c3ccc(S(=O)(=O)N(C)Cc4ccco4)cc3)sc2n1,0.707570176
C1=CC(=CN=C1)CNC2=NC=C3C(=C2)C(=C(C=N3)C#N)NC4=CC(=C(C=C4)F)Cl,1.093071306
CC(C)(O)CCn1c(=O)n(C(=O)N[C@H](C(N)=O)C(C)(C)C)c2ccccc21,2.079181246
CONC(=O)c1cn(C2CCC(C)(C)CC2)c2nc(Nc3ccc(C4CCN(C)CC4)cc3)ncc2c1=O,1.980064192
O=[N+]([O-])c1cn2c(n1)OC[C@@H](OCc1cccc(-c3ccc(F)cc3)n1)C2,2.707052496
Cc1c(C(=O)Nc2cc(Cl)ccc2OCC2CCCO2)oc2c1C(=O)CC(C)(C)C2,2.8051139230000004
COc1ccc(-n2nc3c4ccc(Br)cc4[nH]cc-3c2=O)cn1,2.8228135965
CC(C)CN(CC(C)C)S(=O)(=O)c1ccc(NC(=O)C(C)C)cc1,0.654701031
C1CCC(CC(C2CCCC2)C2CC2)NC1,1.431363764
Cc1ccc2c(c1)c(=O)n(C)c1nnc(CNC(C)c3ncc(C)s3)n21,2.422509321
CC(=O)N[C@@H](Cc1ccccc1)C(=O)N[C@@H](CCCN)C(=O)N1CCC[C@H]1C(=O)N[C@H](CCC(C)C)C(=O)N[C@H](Cc1ccc(Cl)c(Cl)c1)C(=O)N[C@H](Cc1ccccc1)C(N)=O,1.765674114
CCN(CC)C(=O)COC[C@H](C)[C@H]1CC[C@@H](C)[C@@H](N(C)c2ncnc3[nH]ccc23)C1,0.698952632
Cc1cc(NC(=O)NC(CCN(C)C)C(C)(C)C)n(C(C)(C)C)n1,2.635543327
CC(C)n1c(=O)n(Cc2nc3ccccc3n2CCCC#N)c2cnccc21,0.869114327
COc1ccc2c(c1CN1CCNCC1)O/C(=C\c1c[nH]c3nc(C)ccc13)C2=O,2.14025861
OC(Cn1cncn1)(Cn1cncn1)c1ccc(F)cc1F,2.707052496
CC(C)[C@]1(C(=O)N2C[C@@H]3C[C@H]2CN3C(=O)CCC(F)(F)F)CC[C@@H](NC2CCOCC2)C1,2.079181246
COc1cccc2c(C(=O)N3CCN4CCCC[C@H]4C3)cn(CC3CCCCC3)c12.Cl,0.698952632
CC(C)C1=CC=C(C=C1)NC(=O)C(C2=CC=CC=C2)N(C)C(=O)CC3=CNC4=CC=CC=C43,0.868056362
CCOC(=O)c1[nH]c(C)c(C(=O)CN(CC(C)C)C(=O)CC)c1C,2.100730516
CC(N)C1(c2ccc(OC(F)(F)F)cc2)CCCCC1,2.477121255
O=C(CN(CCc1ccccc1)S(=O)(=O)c1ccc(Cl)cc1)Nc1ccc2c(c1)OCCO2,0.9153046415
O=C(CCn1c(Cc2ccccc2F)nc2cc(Cl)c(Cl)cc21)NCCN1CCOCC1,0.6758444815
O=C(COc1ccc2[nH]c(=O)c(-c3nccs3)c(CCc3ccccc3)c2c1)NC1(c2ccccc2)CC1,1.427789154
Cc1ccncc1-c1cccc2c1cnn2-c1cnccn1,1.32428471
C[C@]1(C(=O)N(CCCC(=O)O)Cc2cccc(Cl)c2)CCN1C(=O)c1csc2ccccc12,1.885783865
Cn1c2ccccc2n2c(=O)n(Cc3cscn3)nc12,2.1572910465
CC[C@H](C)[C@@H]1NCCOc2ccccc2CCCNC(=O)[C@@H](Cc2ccc(Cl)cc2)NC(=O)[C@@H](C)N(C)C1=O,2.477121255
CC(C)CCn1nc(-c2cccs2)c(O)c(C2=NS(=O)(=O)c3cc(OCC#N)ccc3N2)c1=O,1.176091259
COc1ccc(/N=C2\C(N3CCCCC3)C3(CCCCC3)C(=O)N2c2ccc(Cl)cc2)cc1,1.576431498
CCCCC/N=c1\n(C)c(=O)nc2sccn12,1.319322828
NCCCC[C@H](NC(=O)OCc1ccccc1)C(=O)c1noc(CN2CCN(CCCCc3ccccc3)CC2)n1,1.438814197
CC(=O)N[C@@H](CNC(=O)c1cc(NC(=O)c2cc(NC(=O)c3cc(NC(=O)c4nccn4C)cn3C)cn2C)cn1C)CC(=O)Nc1cn(C)c(C(=O)Nc2cc(C(=O)Nc3cc(C(=O)Nc4cc(C(=O)NCCCN(C)CCCNC(=O)c5cccc(C(=O)O)c5)n(C)c4)n(C)c3)n(C)c2)n1,1.142473713
C[C@H](NC(=O)c1cc(Cl)cnc1Oc1cccc(C#N)c1)c1ccc(C(=O)O)cc1,2.079181246
CC1CC(C)CC(NC(=O)c2coc(CS(C)(=O)=O)n2)C1,1.6474127025
CC(Cc1ccsc1)NC(=O)c1cccc2c1OC(C)C(=O)N2,0.9738187675
O=c1c(/C=N/Nc2nc3ccccc3s2)c(C(F)(F)F)[nH]n1-c1nc2ccccc2s1,3.315766141
CC(=O)Nc1ccc(Nc2cc(C)nc(-n3nc(C)cc3C)n2)cc1.Cl,1.5975149375
Cc1ccc(CCNc2ncc(C)n(CC(=O)N(C)CCONC(=N)N)c2=O)cc1,1.394416656
COc1ccc(CCc2nc(C)c(O)c(-c3nn[nH]n3)c2C(=O)O)cc1,1.417328318
CC(Oc1cc(-c2cnn(CC3CNC3)c2)cnc1N)c1c(Cl)ccc(F)c1Cl,1.783298428
CS(=O)c1nn(-c2ccc(Cl)c(Cl)c2)c(-c2ccc(Cl)c(Cl)c2)c1-n1ccnc1,0.737675096
C[C@@H]1CNC[C@H](C(=O)Nc2ncc(SCc3ncc(C(C)(C)C)o3)s2)C1,1.7411858595
CC(C)(C)c1ccc(S(=O)(=O)N2CCN(c3ccc([N+](=O)[O-])cc3)CC2)cc1,1.818147574
O=C1CC(C2CCCCC2)c2cnn(Cc3cccs3)c2N1,0.889092353
COc1ccc2c(c1)CC(c1nc3c(OC)cc(-c4cn[nH]c4)cc3c(=O)[nH]1)CO2,1.886377907
CCC(CC)c1nn(CCO)c2c1N=C(c1ccccc1)CNC2=O,1.300986564
O=C(Nc1cnc(-c2ccncc2)s1)[C@H](Cc1ccccc1)NCc1cncs1,0.773065702
N#Cc1ccc(Cn2cnc3c([nH]c4ccccc43)c2=O)cc1,1.0919290305
COc1ccc(Cl)cc1NC(=O)N1Cc2c(sc3c2CCCC3)-n2cccc2C1c1cccc(F)c1,1.4683985555
O=C1c2[nH]ncc2C(C2CC2)N(S(=O)(=O)c2ccc(C(F)(F)F)cc2)C12CC2,2.107042763
CCc1nc2ccc(-c3ccccc3Cl)c(CN)c2n1C,2.300986564
O=C(NCc1ccc(S(=O)(=O)c2ccccc2)cc1)c1ccc2cnccc2c1,1.249321963
CCCS(=O)(=O)N1CC(=O)N(c2ccc(F)cc2F)C(C)(C(=O)NC2CCCCCCC2)C1,0.6055772545
O=C(c1cc(Cl)ccc1NS(=O)(=O)c1cccc2nsnc12)N1CCCCC1,1.054883426
COc1cc(NC(=O)C2(NC(=O)c3ccc4c(C5CCCC5)c(-c5ccccn5)n(C)c4c3)CCC2)ccc1/C=C/C(=O)O,1.913919765
Cc1cc(C(=O)O)nc(N2C[C@H]3C[C@@H](c4ccccc4C(F)(F)F)C[C@H]3C2)n1,2.52642867
Cc1nnc2n1CCC(N(C)S(=O)(=O)c1cn(C)cn1)CC2,1.7693606865
c1ccc(-c2nnc(-c3cc4ccccc4o3)o2)nc1,1.203738053
Cc1nc(-c2cccc3ccccc23)sc1C(=O)N1CCOCC1,1.0
COc1cc(Sc2c(-c3cc[nH]c3)[nH]c3ccccc23)cc(OC)c1OC,1.294466754
CCOc1ccc(-c2cc(Cl)cc3c2OC(C(F)(F)F)C(C(=O)O)=C3)cc1,2.343385842
Fc1ccc(CN2CCN(c3ccc(-c4nc5ccccc5o4)cc3)CC2)cn1,1.639506411
Cc1nc2c(c(C)c(C)n2CCC2CCO2)c(-c2cc(F)c3c(c2C)CCCO3)c1[C@H](OC(C)(C)C)C(=O)O,1.743299177
O=C(NCc1ccccc1)Nc1ccc(S(=O)(=O)N2CCCCC2)cc1,1.859033917
CC(CNc1ccnc2cc(Cl)ccc12)NCCC12CC3CC(CC(C3)C1)C2,1.431363764
O=C(O)CCCNC(=O)NC12CC3CC(CC(C3)C1)C2,3.135258112
COC(=O)c1sccc1S(=O)(=O)Nc1cc(Br)ccc1C(=O)N1CCCCC1,0.773065702
CS(=O)(=O)c1ccc(CNC(=O)c2ccc(OCC(F)(F)F)nc2)c(Cl)c1,1.982271233
O=C(NCCc1ccccc1)N1Cc2c(sc3c2CCCC3)-n2cccc2C1c1cccs1,0.737114171
CC(C)N(c1cnn(C)c1)S(=O)(=O)c1cn(C(C)C)cn1,2.867330099
O=C(NCc1ccc(S(=O)(=O)c2ccccc2)cc1)c1nc2cnccc2[nH]1,1.820035145
CN(C)C(=O)COCC(=O)Nc1ccc(C#N)cc1,2.1623047900000003
COc1ccc2c(O[C@@H]3C[C@H]4C(=O)N[C@]5(C(=O)NS(=O)(=O)C6CC6)C[C@H]5/C=C\CCCCCC(=O)N4C3)cc(-c3nc(C(C)C)cs3)nc2c1C,1.178599708
CCOc1cc(NC(=O)C2(NC(=O)c3ccc4c(C5CCCC5)c(-c5nccs5)n(C)c4c3)CCC2)ccc1/C=C/C(=O)O,1.556302501
CCC1(CCCCN2CCN(c3ccc(Cl)cc3)CC2)C(=O)Nc2c1cc(Cl)c(F)c2Cl,2.180534292
CCOC(=O)c1cc(C#N)c(N2CCC(C(=O)NS(=O)(=O)Cc3ccccc3)CC2)nc1C,1.7095150145
O=[N+]([O-])c1cn2c(n1)OCC(COc1ccc(-c3ccc(OC(F)(F)F)cc3)nc1)C2,2.211302473
CCCn1ccc2cc(-c3ccc(OCc4cccnc4)nc3)cc(Cl)c2c1=O,0.8998665
CC(Nc1ncnc2c1NC(=O)CN2)c1cc2ccccc2nc1-c1ccccc1,0.948311208
Cc1cccc2c1CCN2C(=O)Cc1nc(N2CCOCC2)cc(=O)[nH]1,1.085166174
Cc1c(C(=O)Nc2ccc(F)cn2)nn(C)c1-c1ccc(F)cc1,2.477121255
CC1CCN(C(=O)C(C)(C)C#N)CC1N(C)c1ncnc2[nH]ccc12,1.477121255
CC1(C)CC=C(c2cc(C(C)(C)NCCS(C)(=O)=O)ccc2NC(=O)c2nc(C#N)c[nH]2)CC1,1.980064192
CC(C)CC(=O)N[C@H]1CC[C@H](n2nnc3cnc4[nH]ccc4c32)CC1,2.346352974
Cc1ccc2c(Cl)cc(Cl)c(O)c2n1,1.459392488
CCN(CC)CCN/C(=N\C1=NC(=O)C(=O)N1C(C)C)Nc1ccc(Cl)c(Cl)c1,1.246793919
CC(=O)OC(CF)c1cc(F)ccc1S(N)(=O)=O,1.4782657305
CC(=O)Nc1ccc(Nc2ncnc3c2cnn3-c2cccc(C)c2)cc1,1.990890589
C[C@]1(C#N)CC[C@H]2[C@@H]([C@@H](CCO)CC[C@@]2(C)C#N)[C@@H]1O,2.152349508
O=C(Nc1ccc(OC(F)(F)F)cc1)N1CCC(n2cccc2)CC1,1.748172516
Cc1cc(=O)oc2c3c(ccc12)OC(C)(C)[C@H](OC(=O)C12CCC(C)(C(=O)O1)C2(C)C)[C@@H]3OC(=O)C12CCC(C)(C(=O)O1)C2(C)C,0.531504463
COc1ccc(-c2c(C)c(C(=O)Nc3cccc(C)n3)nn2C)cc1,2.477121255
O=C(CSc1nnnn1-c1cccc2ccccc12)Nc1ccccc1[N+](=O)[O-],0.477121255
CC(C)(O)Cc1ccc(NC(=O)c2nc(C#N)c[nH]2)c(C2=CCCCC2)c1,1.222238291
Cn1cnc2cc(N3CC(=O)C(c4nc(-c5ccccc5)cs4)=C3N)ccc21,1.963124604
COc1cccc(-c2nnc(N3CCN(C(=O)c4ccccc4)CC3)c3ccccc23)c1,1.568118514
CCc1nn(CCO)c(CC)c1Oc1cc(C#N)cc(C#N)c1,1.863441829
CC(C)NC(=O)Nc1ccc2c(c1)C(=O)N([C@H](C)CO)C[C@@H](C)[C@H](CN(C)S(=O)(=O)c1ccc(Cl)cc1)O2,1.256761023
Cc1nc2n(n1)CC(Nc1ccc3nccnc3n1)CC2,2.390133112
O=c1oc2ccccc2c2oc3ccc(O)c(CN4CCCCC4)c3c12,1.333189594
CNC(=O)c1ncc(OC)c2c(C(=O)C(=O)N3CCc4c(cccc4-c4ccccn4)C3)c[nH]c12,0.634151234
N#CC1(n2cc([C@@H](NC(=O)c3cn4ccsc4n3)C3CCCCC3)nn2)CC1,1.397974751
COc1ccc(C(=O)Nc2cccc(C(=O)O)c2)c(NC(=O)c2ccc(C(C)(C)C)cc2)c1,2.275279332
CN1C[C@@H]2CCC[C@]2(c2ccc3ccccc3c2)C1,1.556302501
CCCCNC(=O)c1ccc2c(c1)nc(NC(=O)c1cccc(C#N)c1)n2CCCOC,1.200896496
CC(C)CN1C(=O)CN(Cc2ccc(-c3cccc(CN4CCCCC4)n3)cc2)C1=O,1.380211242
C1=CC2=NC(=C(N2C=C1)NC(=O)C3=CC=C(C=C3)Cl)C4=CC=CS4,2.079181246
COc1cc(OC)c(OC)cc1/C=N/N=C1\NC(=O)C(CC(=O)O)S1,1.548390142
Brc1ccc(C2CC(c3ccc(Br)cc3)n3ncnc3N2)cc1,1.604801327
CC(Oc1cc(-n2nc3c(c2Cl)CCCC3)c(F)cc1Cl)C(C)(C)O,1.4468698894999998
CN(C)C(CN1C(O)=c2ccccc2=NC12C(=O)Nc1ccccc12)c1ccccc1,0.827942154
C[S@](=O)(=Nc1ccc(C(F)(F)F)cc1)c1ccccc1,2.114010162
Nc1ccc(Oc2ccnc3ccsc23)c(F)c1,1.438890848
COC[C@@H](C1CC1)n1cc(Cl)nc(Nc2ccc(OC(F)F)nc2C)c1=O,0.748148895
Clc1ccccc1-c1ccc2[nH]c(C3=NOC4(CCCCC4)C3)nc2c1,1.36210736
COC(=O)c1cc(C)nc(N2CCN(c3ccccc3C(F)(F)F)CC2)n1,0.256761023
CC1CCN(C(=O)c2cc3c([nH]2)CCOC3)c2c(O)cccc21,1.187671515
CCN1CCN(c2ccc(NC(=O)c3ccc(-c4ccccc4)cc3)cc2)CC1,2.000389541
CC(=O)c1cc(CN2CCOCC2CC(=O)NCCc2ncnn2C)cs1,2.2695917905
CS(=O)(=O)Nc1ccc2c(c1)S(=O)(=O)N=C(C1=C(O)[C@H]3[C@H]4CC[C@H](C4)[C@H]3N(Cc3ccc(F)cc3)C1=O)N2,2.160063913
Cn1c(-c2ccccn2)c(C2CCCCC2)c2ccc(C(=O)N[C@@]3(C(=O)Nc4ccc(-c5cncnc5)cc4)CCNC3)cc21,1.80631567
COc1cc(OC)cc(N(Cc2c(F)cccc2Cl)C(=O)Cc2ccncc2)c1,0.901032695
CCCS(=O)(=O)N1CCN(C2(CNC(=O)c3c(F)cccc3F)CCCCC2)CC1,1.355913422
CCc1nc(NCCCn2ccnc2)c2c3c(sc2n1)CCCC3,1.836997828
COc1c(Cl)ccc(C2=NOC(c3cc(N)c(Cl)c(C(=O)O)n3)C2)c1F,3.315766141
Cl.Nc1ccc(-c2ccc(CNCCNc3ccnc4cc(Cl)ccc34)s2)cc1,1.77815125
CC(C)CCn1nc(-c2cccs2)c(O)c(C2=NS(=O)(=O)c3cc(OCC(N)=O)ccc3N2)c1=O,1.36169007
C[C@]12CC[C@H]3[C@@H](CC[C@H]4CC(=O)CC[C@@]43C)C1=CC=C2n1ccnc1,8.68502e-05
CS(=O)(=O)c1cccc(Oc2cccc(-n3c(Cc4ccc(F)cc4)nc4c(C(F)(F)F)cccc43)c2)c1,1.36169007
c1nc(N2CCC3CCCCC32)c2cc[nH]c2n1,0.9029814
COCCOc1cc2ncnc(N3CCN(C(=O)Nc4ccc(Oc5ccc6[nH]ccc6c5)cc4)CC3)c2cc1OC,1.397974751
C[C@@H]1CN(c2ncccc2Cl)C[C@H](C)N1S(=O)(=O)c1ccc(Cl)c(Cl)c1,0.477121255
CC(C)(C)OC(=O)N1CC=C(c2cn(-c3ccccc3)nn2)CC1,1.568118514
Cc1nocc1[C@H](C(N)=O)[C@@H](CCC(F)(F)F)C(=O)N[C@H]1N=C(c2ccccc2)c2ccccc2N(C)C1=O,1.445566604
O=C(CC1(c2ccc(-c3ccc(F)cc3)cc2)C2CC3CC1CC(C2)C3O)N1CC(O)C1,0.866955072
CC(C)(C)c1cc(NC(=O)[C@@H]2CCCCN2C2CCOCC2)no1,1.278799314
C[C@@H]1CN(C(=O)c2sc3ccccc3c2OCc2ccccc2)C[C@H](C)O1,0.322219295
O=C(NC1CCCc2ccccc21)c1ccc(CS(=O)(=O)c2ccc(Br)cc2)o1,1.1986760225
CC(=O)N1CCCC1c1cc2[nH]c(-c3ccccn3)nc2cc1Oc1ccccc1,1.083733639
CC1(C)CN(c2ccccc2NC(=O)Nc2ccc(OC(F)(F)F)cc2)c2c(O)ccc(-c3ccc(F)cc3)c21,1.696992623
COCSc1c(C(O)(CF)c2cnn(C)c2SCOC)cnn1C,1.6960647084999998
CN(C)S(=O)(=O)c1cc2c(cc1N1CCN(c3ccccn3)CC1)Oc1ccccc1NC2=O,0.6217268305
[2H]C([2H])([2H])C(NC(=O)c1cc(-c2cc3c(C(=O)NC)c(-c4ccc(F)cc4)oc3nc2CCC(F)(F)F)cnc1OC)(c1ncon1)C([2H])([2H])[2H],1.397974751
O=[N+]([O-])c1cn2c(n1)O[C@@H](COc1ccc(-c3ccc(F)cc3)nc1)C2,1.86914851
O=C(Nc1cccc2ccccc12)N1Cc2ccccc2N(CCN2CCOCC2)C1=O,0.602081706
CC1(C)CC(n2[nH]c(=O)c3c2N=C(O)CSC3C2CCCCC2)CCO1,1.5632930425
COc1cc(N2CCN(C3CCN(c4ccc(F)c5c(C)cc(C)nc45)CC3)CC2)c2ncccc2c1,0.477121255
COCC1CC2Cc3[nH]ncc3C(C1)N2S(=O)(=O)c1ccc(Cl)cc1,1.355913422
N#CC1(n2cc([C@@H](NC(=O)c3ccc(F)cc3)C3CCCCC3)nn2)CC1,1.176091259
N#Cc1ccccc1Cn1c(N2CCC[C@@H](N)C2)nc2cccc(F)c2c1=O,2.09684052
CCCN(CCCNc1ccnc2cc(Cl)ccc12)Cc1cc(OC)ccc1O,0.870062094
COC(=O)C1C(C(=O)OC)C2(OC(c3ccccc3)=CC2=O)C12OC(c1ccccc1)=CC2=O,1.1385270255000002
Cl.NC(=O)c1cnc2ccc(-c3cnc4ccccc4c3)cc2c1Nc1ccc(N2CCNCC2)c(C(F)(F)F)c1,2.045213758
O=c1[nH]c2cc(Cc3ccccc3)ccc2c2[nH]c(-c3ccccc3Cl)nc12,1.609674042
COc1cc2[nH]c(C)c(-c3ccc(OCc4ccccc4)c(F)c3)c(=O)c2cc1Cl,1.36169007
CN1C/C=C/CCOc2cccc(c2)-c2ccnc(n2)Nc2cccc(c2)C1,1.653212514
O=C(Nc1cnc(-c2ccncc2Cl)c(-c2cccnc2)n1)C1CC1,2.834228116
CCOC1CC(NC(=O)c2nnn(C3CCNCC3)c2C)C12CCC2.Cl,0.615125468
COc1ccc(CCCNC(=O)c2cnn3cc(Br)cnc23)cc1,1.464995402
Cn1cc(-c2n[nH]c(=O)c3ccccc23)c2ccccc21,1.251767891
CN(Cc1ccc(Cl)cc1)C(=O)[C@H]1CCCN1C(=O)Nc1ccc(C(F)(F)F)cc1F,2.457185446
CC(C)=CCN1CCCC(C(=O)c2nccn2C)C1,2.1119125255
Cc1nc2ccccn2c(=O)c1CCN1CCN(c2cccc3sccc23)CC1,0.981437677
CC(C)(C)c1ccc(-c2cnc3ccnn3c2N)cc1,1.355913422
C1=CC=C(C(=C1)C(=O)OCC(CO)O)NC2=C3C=CC=C(C3=NC=C2)C(F)(F)F,1.539577883
CC(C)(C)c1nc2cc(S(=O)(=O)CCC(F)(F)F)ccc2n1CC1CCOCC1,0.707239543
CCOC(=O)c1cc(C(=O)OCC)n(CCCC#N)c1,1.289228267
Cc1nc(C(C)N(C)CCCS(=O)(=O)N(C)C)c(C)s1,1.1430561025
CS(=O)(=O)Nc1ccc(CCNC(=O)c2ccnc3[nH]c(-c4cccs4)nc23)cc1,1.494180299
CCOC(=O)C(=Cc1cn(-c2ccccc2)nc1-c1ccc(OC)c(OC)c1)C(=O)OCC,0.403002908
CC1CCC(c2c[nH]c3ccc(Cl)cc23)C(=O)C1,1.0144640315000002
COC(=O)N[C@@H](C(=O)N1CCC[C@H]1C(=O)Nc1ccc(-c2ccc(NC(=O)[C@@H]3CCCN3C(=O)[C@H](NC(=O)OC)c3ccccc3)cc2Cl)c(Cl)c1)c1ccccc1,2.707052496
O=C(N[C@@H](Cc1c[nH]c2ccccc12)C(=O)Nc1ccncc1)c1cccc(-c2ccccc2)c1,1.00008685
O=C(N[C@H](Cc1c[nH]c2ccccc12)C(=O)Nc1ccncc1)c1ccc(-c2ccc(F)c(Cl)c2)cc1F,1.447189051
Cc1cc2ccccc2n1CCNC(=O)c1ccc(N(C)C)cc1,0.9162611453333334
NCC1(c2ccc3ccccc3c2)CCCCC1,2.477121255
Cc1ccc(-c2nc3n(CC(=O)Nc4cccc(F)c4)c4c(c(=O)n3n2)CCC4)cc1,2.059163439
c1ccc(Cn2nnnc2C(c2ccc3occc3c2)N2CCCN(C3CCC3)CC2)cc1,1.36169007
CC1C(=O)c2[nH]ncc2C(C2CC2)N1S(=O)(=O)c1ccc(C(F)(F)F)cc1,1.638486293
O=C(NCCNC1=NS(=O)(=O)c2ccccc21)c1cccc(Br)c1,2.45285036
COc1cc(F)ccc1-c1cccc(Cn2cnc3ccc(NC(=O)C(C)(C)C)cc32)n1,1.024338273
O=C(CC1(c2ccc(Cl)cc2)C2CC3CC1CC(C2)C3O)N1CC(O)C1,1.517117578
Cc1cc(C)c(C(=O)Nc2ccc3c(c2)n(C)c(=O)n3C)c(=O)[nH]1,2.1264015890000003
Cc1sc2c(c1C)c1nnc(SCCN(C)C)n1c1nnc(SCCN(C)C)n21,1.575434534
CN(C)c1ccc2c3c(ccc(N(C)C)c13)C(=O)OC2,1.7816768079999998
c1cc2c(ncc3ncn([C@H]4CC[C@H](N5CCOCC5)CC4)c32)[nH]1,2.610660163
O=C(c1ccccc1)N1CCCC1c1cc2[nH]c(-c3ccccn3)nc2cc1Oc1ccc(F)cc1,1.403613846
CCC(=O)N1CCC(NC(=O)c2cc3cc(Cl)ccc3[nH]2)C(NC(=O)c2nc3c(s2)CN(C)CC3)C1,0.783760696
Clc1ccc(C(c2nnnn2Cc2ccccc2)N2CCCN(C3CCC3)CC2)cc1,1.322219295
Cn1c(-c2ccc(Cl)cc2)c(C2CCCC2)c2ccc(C(=O)NC3(C(=O)Nc4ccc(/C=C/C(=O)O)cc4)CCC3)cc21,2.477121255
COc1cnc(-n2cnc(C)n2)c2[nH]cc(C(=O)C(=O)N3CCc4c(-c5ccccc5)cccc4C34CC4)c12,0.760208784
CCc1nc(N)nc(N)c1-c1ccc2c(c1)N(CCCOC)C(=O)C(C)(c1cc(F)cc(F)c1)O2,1.141677756
COC(=O)N[C@H](C(=O)N1CCC[C@H]1C(=O)Nc1ccc([C@H]2CC[C@H](c3ccc(NC(=O)[C@@H]4CCCN4C(=O)[C@@H](NC(=O)OC)C(C)(C)C)cc3)N2c2ccc(F)cc2)cc1)C(C)(C)C,1.528234791
O=C(CN1C(C(=O)c2ccccc2)=C(O)c2ccccc2S1(=O)=O)Nc1ccc(Br)cc1F,1.0512072895
COc1cc(Sc2c(-c3ccncc3)[nH]c3ccccc23)cc(OC)c1OC,1.079497748
Cc1nc2c(c(=O)n1C)CN(C(=O)[C@@H]1CCCN1C1CCN(C)CC1)C2,2.349417328
CCS(=O)C1CCCCC1NC(=O)NC1CC(C)(C)OC1(C)C,2.0339666135
C=C(C)[C@@H]1CC[C@]2(C(=O)NCc3cccc(OC(F)(F)F)c3)CC[C@]3(C)[C@H](CC[C@@H]4[C@@]5(C)CC[C@H](OC(=O)CC(C)(C)C(=O)O)C(C)(C)[C@@H]5CC[C@]43C)[C@@H]12,1.080669764
CC1C(OC(=O)C2=CN3CCS(=O)(=O)N=C3C=C2)CC2CC1C2(C)C,1.527898227
CCCS(=O)(=O)N1CCC(Oc2nccnc2N2CCOCC2)C1,2.6457406355
CN(C)S(=O)(=O)c1cccc(-n2sc3ccccc3c2=O)c1,2.109822749
O=C(NCc1ccc(S(=O)(=O)c2ccc(F)cc2)cc1)c1cc2cnccc2[nH]1,2.343385842
C[C@]12CC[C@H]3[C@@H](CC[C@H]4CC(=O)NCC[C@@]43C)C1=CC=C2n1ccnc1,8.68502e-05
Cc1nc(C(C)(C)NC(=O)[C@H]2[C@@H]3CNC[C@@H]32)c2ccccc2n1,2.114010162
CN1CCC2=C3[C@H]1CC4=C(C3=CC=C2)C(=C(C=C4)O)O,1.723044992
CC(C)(C)N1C[C@@H](C(=O)N2CCC(c3nnnn3-c3ccc(Cl)cc3)CC2)[C@H](c2ccc(F)cc2F)C1,0.841443718
Cc1cc(=O)c(Oc2ccc(Br)cc2F)c(-c2ccc([S@+](C)[O-])cc2)o1,1.379676948
CN1C(=O)c2ccccc2C(C(=O)Nc2nc3ccccc3[nH]2)C1c1ccccc1,1.6292245855
COC(=O)N[C@H]1CC[C@@]2(C)C(CC[C@@H]3[C@@H]2CC[C@]2(C)C(c4cccnc4)=CC[C@@H]32)C1,8.68502e-05
Cc1ccc(C(=O)NCCO)cc1-n1cnc(OCc2ccc(F)cc2F)c(C)c1=O,2.252607586
CC[C@@H]1/C=C(\C)C[C@H](C)C[C@H](OC)[C@H]2O[C@@](O)(C(=O)C(=O)N3CCCC[C@H]3C(=O)O[C@H](/C(C)=C/[C@H]3CCCC(O)CC3)[C@H](C)[C@@H](O)CC1=O)[C@H](C)C[C@@H]2OC,0.491389712
CC(=O)c1cnc2c(C)c(-c3ccc(C)cc3)nn2c1C,0.669299579
CCCOC(=O)N[C@H]1CCCCC/C=C\[C@@H]2C[C@@]2(C(=O)NS(=O)(=O)C2CC2)NC(=O)[C@@H]2C[C@@H](Oc3cc(OCC)nc4c(C)c(OC)ccc34)CN2C1=O,1.278799314
Nc1c(-c2nc(-c3cccc(Br)c3)cs2)nnn1-c1ccc(F)cc1F,1.314565605
COc1cccc2snc(NCC(C)(C)c3ccccc3)c12,0.531148284
COc1cccc(CN(CCN(C)C)C(=O)Nc2ccc(-c3cn[nH]c3)cc2)c1,1.531504463
CCCCc1ccc2c(c1)[nH]c(=O)c1nc(-c3ccccc3Cl)[nH]c12,1.66833238
COc1ccc(C2=Nc3c(C(C)(C)C)nn(CCCO)c3C(=O)NC2)cc1-c1ccc(F)cc1F,2.079181246
O=[N+]([O-])c1cn2c(n1)OC[C@@H](OCc1ccc(-c3ccc(OCCCN4CCOCC4)cc3)cc1)C2,1.275120284
CN(C)C1=NC(=NC(=N1)N)CSC2=NN=NN2C3=CC=CC4=CC=CC=C43,0.796456172
C[C@]12CC[C@H]3[C@H]([C@@H]1C[C@H]([C@@H]2O)O)CCC4=C3C=CC(=C4)O,2.079181246
CCC1=NC(=C2C=C(C(=CC2=C1)OC)OC)CC3=CC=CC=C3,0.922206277
CN(C)Cc1cnccc1-c1ccc(-c2ccc3c(C(N)=O)nn(-c4ccc5onc(N)c5c4)c3c2F)c(F)c1,0.416064654
CCC(C)(C)c1nn(CCO)c2c1N=C(c1ccc(-n3ccnc3C)cc1)CNC2=O,0.8420355985000001
CCC1C[C@H]2C3=CC=C(c4cccnc4)[C@@]3(C)CC[C@@H]2[C@@]2(C)CCC(=O)C=C12,8.68502e-05
CCC(C)N(CC(=O)N1CCN(c2ccc(-c3ccc(C)cc3)nn2)CC1)C(=O)c1ccccc1F,0.5093419245
CC(=O)O[C@H]1C[C@H]2[C@@H]([C@H](OC(C)=O)C[C@@H]3C[C@H](N(C)C)CC[C@@]32C)[C@@H]2CC[C@H]([C@H](C)CCCN(C)CCNc3ccnc4cc(Cl)ccc34)[C@@]12C,1.431363764
O=S1(=Nc2ccc(C(F)(F)F)cc2)CCNCC1,2.041313715
C=CCCC(CN1C[C@H]2CC=CC[C@H]2C1)Oc1ncc(Cl)cn1,0.88910422
Nc1ccc2[nH]c(SCc3ccccn3)nc2c1,1.077440584
Cc1cc(C)c(N2CC(=O)N(c3c(C)cc(C)cc3C)CC2=O)c(C)c1,1.1132953565
COC(=O)c1ccc(C(=O)N2CCCN(C(=O)C[C@H](N)Cc3cc(F)c(F)cc3F)CC2)cc1.Cl.Cl,1.726449956
O=C(O)c1ccc(CNC(=O)c2cccc(OCc3nc4cc(F)ccc4s3)c2)cc1,2.079181246
CNC(=O)/C=C/C=C(\C)[C@@H]1C/C=C/C=C/[C@H](O)[C@H](C)[C@@H](O)[C@@H](CCC(C)=O)C(=O)N[C@@H](C(C)C)C(=O)N[C@@H](Cc2cccc(O)c2)C(=O)N2CCCC(N2)C(=O)O1,1.57054294
CCc1ccc(NC(=O)N2Cc3c(sc4c3CCCC4)-n3cccc3C2C(C)C)cc1,1.163581782
O=C(CC(c1ccccc1)c1ccccc1)N1CCOCC1,1.0576756895
Cc1ncc(OC[C@@]2(c3cccc(F)c3)C[C@H]2C(=O)Nc2ccc(F)cn2)c(C)n1,1.994238833
Cc1cccc2c3c(ccc12)-c1occ(CN(C)C)c1C(=O)C3=O,2.699889734
O=C1CC(N2CCC3(CC2)OCCO3)C(=O)N1c1ccc2c(c1)OCO2,1.3740487855
NC1CN(c2cc(-c3ccsc3)ncn2)CC1c1cc(F)c(F)cc1Cl,2.255272505
CCC(O)C(CC)(c1ccc(C(F)(F)F)cc1)n1ncc2c(NS(C)(=O)=O)cccc21,1.857332496
Cn1c(C(=O)c2ccc(Cl)cc2)cnc1CCCCN1CCCCC1,2.252804504
CCS(=O)(=O)c1ccc2oc(-c3ccc4sccc4c3)nc2c1,1.77083729
Cc1noc(C)c1-c1ccc(-c2nc(C)c([C@H](OC(C)(C)C)C(=O)O)c(-c3ccc(Cl)cc3)c2C)cc1,2.36169007
Cc1ccc(-n2nc(C)c3c2CC(c2ccco2)CC3=O)cc1,1.0663013465
CC(=O)c1ccccc1-c1ccc2[nH]c(/C=C/c3ccc(C(C)(C)C)cc3)nc2c1,0.514435617
CC(C)(CO)c1ccc(-c2ccc(C#N)cn2)cc1,2.305394367
Cc1cc(F)ccc1C1CCN(CC2Cc3ccccc3CN2)CC1,0.838849091
COc1cccc(S(=O)(=O)c2ccc(CN/C(=N\C#N)Nc3ccncc3)cc2)c1,1.541363925
COc1ccc(-c2cc(-c3cccc(S(C)(=O)=O)c3)cnc2N)cn1,2.355987592
CS(C)(=O)=N[C@H]1CC[C@@H](C(F)(F)F)CC1,2.114010162
O=C(/C=C/c1cccc2c1N(Cc1ccc(Cl)cc1Cl)C(=O)C2(F)F)NS(=O)(=O)c1ccc(F)c(F)c1,1.847074471
O=C(CC1(Cc2ccccc2)C2CC3CC1CC(C2)C3O)N1CC(O)C1,1.176150154
OCC1(N2CCN(C3CCc4ccc(OCc5noc(-c6ccccc6F)n5)cc43)CC2)CCCC1,1.146065989
CN1CCc2nc(C(=O)N[C@@H]3CCCC[C@@H]3NC(=O)c3cc4cc(Cl)ccc4[nH]3)sc2C1,0.728586466
CC(C)(CC(=O)N[C@H]1C2CC3CC1C[C@](C(N)=O)(C3)C2)NS(=O)(=O)c1cccc(F)c1,2.834228116
Cc1nn(-c2ccccc2)c(N2CCCCC2)c1C=C(c1nc2ccccc2s1)c1nc2ccccc2s1,1.0462153125
CC(C)CC[C@@H]1CC(O)=C(C2=NS(=O)(=O)c3cc(NS(C)(=O)=O)ccc3N2)C(=O)N1Cc1ccc(F)cc1,0.880927865
CCOC(=O)CNC(=O)N1Cc2c(sc3c2CCCC3)-n2cccc2C1C(C)C,0.654701031
CS(=O)(=O)c1ccc(C(=O)NCCC(c2ccc(F)cc2)c2ccc(F)cc2)cc1,1.672079377
O=C(Cc1c[nH]c2ccccc12)N1CCc2cc(-c3ccno3)ccc21,1.6242700755
COC(=O)CN(c1ccccc1OC)S(C)(=O)=O,1.0161480705
CC(C)N(C)[C@@H]1CC[C@H](NC(=O)CNC(=O)c2cccc(C(F)(F)F)c2)[C@H](CS(=O)(=O)c2ccccc2)C1,1.146838082
Cc1ccc(-c2c(C3CCCCC3)c3ccc(C(=O)NC(C)(C)C(=O)Nc4ccc(/C=C/C(=O)O)cc4)cc3n2C)cn1,1.556302501
CCOC(=O)c1c(N)sc2c1CCC(CC)C2,2.000771345
Cc1c(C(=O)N2CCOc3ccc(-c4ccc(N)nc4)cc3C2)ccc(S(C)(=O)=O)c1F,2.457185446
[2H]C([2H])([2H])Oc1ccc2c(c1)C(=O)N1CCC[C@H]1c1c(C(=O)NCC)ncn1-2,2.9493465005
COc1cc(-c2csc(N)n2)cc(Br)c1O,1.416159543
CN(C)CCNC(=O)c1ccc(-c2cc3c(N[C@H](CO)c4ccccc4)ncnc3s2)cc1,1.819543936
Cc1nc(N2CCN(C(=O)C3CC3)CC2)nc2ccc(NC(=O)COc3ccc(OC(F)(F)F)cc3)cc12,1.595614978
COc1ccc(-c2ccc(Oc3cccc4c3CCCC4)c(NC(=O)Nc3ccccc3C)c2)cc1C(=O)O,0.890656317
O=C(Nc1cnc(-c2ccncc2F)c(-c2cccnc2)n1)C1CC1,2.607886123
C1=CN(C(=O)N=C1N)[C@H]2C([C@H]([C@H](O2)CO)O)(F)F.Cl,1.348888723
O=C(CN1CCCC(c2ccccc2)(c2ccccc2)C1=O)N1CCN(Cc2cccc(C(F)(F)F)c2)CC1,0.478609772
NC1CN(c2ccnc(-c3ccsc3)n2)CC1c1ccc(Cl)cc1Cl,2.255272505
Clc1ccc2c(c1)C=C(c1nnc(Cc3ccccc3)o1)C=CO2,1.895864611
COc1ccc([C@@H](C)NC(=O)COc2c(C)ccc(C)c2C)cc1,0.643084667
CC1=CC(=C(C=C1)N2CCN(CC2)C(=O)C3CCN(CC3)C4=NC=NC5=C4N=C6N5CCCCC6)C,2.079181246
O=C(Nc1ccc2c(c1)NC(=O)C(CCO)O2)C1CCN(c2cc(F)c(F)c(F)c2)CC1,1.740378482
CCCOCCn1c(=O)c(NCCN2CCOCC2)nc2cnc(-c3ccc(OC)nc3)cc21,1.332258026
COC(=O)N[C@H](C(=O)N1CCC[C@H]1c1nc(I)c(-c2ccc(-c3ccc(-c4[nH]c([C@@H]5CCCN5C(=O)[C@@H](NC(=O)OC)C(C)C)nc4I)cc3)cc2)[nH]1)C(C)C,1.58548329
CN(C)c1ccc(C(O)CF)c(S(N)(=O)=O)n1,2.826386605
O=C(NCc1ccc(S(=O)(=O)N2CCCCC2)cc1)NCc1cccnc1,1.653271408
Cc1ccccc1-c1nc2ccccc2cc1C(C)n1c(=O)[nH]c2c(S(C)(=O)=O)ncnc21,1.833239199
CS(=O)(=O)c1cnc(O[C@H]2CC[C@H](OC3CCN(CC4(C(F)(F)F)CC4)CC3)CC2)cn1,1.322219295
O=C(NC1CCCC1)N[C@@](Cc1ccccc1)(c1cc(F)cc(OC(F)(F)C(F)F)c1)c1ccc(Cl)cn1,0.478609772
Cc1nc2c(cc1-c1ccccc1)[nH]c(=O)n2Cc1ccc(-c2cc(CC(C)C)sc2S(=O)(=O)NC(C)(C)C)cc1,0.9400924455
CC(C)CCn1nc(CC2CCC2)c(O)c(C2=NS(=O)(=O)c3cc(NS(C)(=O)=O)ccc3N2)c1=O,1.397974751
Cc1cnc(-n2c(C)cc(OCc3ccc(F)cc3F)c(Br)c2=O)cn1,3.188628403
C(=C/CN(C[C@H]1Cc2ccccc2CN1)[C@H]1CCCc2cccnc21)\CNCc1cccnc1,0.239264694
N#CC12CC3CC(C1)C(CC(=O)N1CC(O)C1)(c1ccc(F)cc1)C(C3)C2,1.161365038
O=S(=O)(c1cccc(-c2ccccc2)n1)N1CCC(N2CCOCC2)CC1,1.161365038
CC1=NC2=C(C=C(C=C2)CN(C)C3=CC=C(S3)C(=O)NC(CCC(=O)O)C(=O)O)C(=O)N1,2.079181246
CCS(=O)(=O)c1cccc(Oc2ccc(Cl)c(-n3cnc4c(C(F)(F)F)cccc43)c2)c1,1.477121255
Cc1c(C(=O)O)sc2ccc(NC(=O)[C@]3(NC(=O)c4ccc5c(C6CCCCC6)c(-c6ccccn6)n(C)c5c4)CCCNC3)cc12,1.968482949
O=S(=O)(Cc1ccccc1)CC(O)Cn1cccn1,2.651995811
Cn1c(Nc2ccc(Br)cc2F)c(C(=O)NOC[C@@H](O)CO)c2c1C(=O)CCC2,1.880927865
CCC(NC(=O)CCCc1ccc(Cl)cc1)c1ncnn1CC,0.892326546
Cc1ccc(NC(=O)C(C)(C(F)(F)F)C(F)(F)F)cc1CN1CCOCC1,1.379676948
O=C(Nc1cc(C2CCCC2)no1)[C@@H]1CCCCN1C(=O)N1CCS(=O)(=O)CC1,2.079181246
CC1CN(C)C(c2ccccc2)C(C)C12NC(=O)N=C2O,1.615766606
CC(=O)c1ccc(-c2ccc(CO[C@@H]3COc4nc([N+](=O)[O-])cn4C3)cc2)cc1,1.609674042
Cn1[nH]c(Br)c2c(=NCCN)ncnc1-2,1.4680748575
CCC1=CC=C(C=C1)C(=O)C(C)CN2CCCCC2.Cl,0.687528961
COc1cc2nc(N3CCCN(C(=O)N4CCOCC4)CC3)cc(N)c2c(-c2ccc(F)cc2)c1OC,0.77815125
O=c1cc(OCc2ccccc2)ccn1-c1ccc2c(cnn2CCN2CCCC2)c1,2.481442629
O=C(O[C@H]1C[N+]2(CCCc3ccccc3)CCC1CC2)N(Cc1ccccc1)c1ccccc1.[Br-],0.256761023
CC1(CCC(=C(C1)C2=CC=C(C=C2)Cl)CN3CCN(CC3)C4=CC(=C(C=C4)C(=O)NS(=O)(=O)C5=CC(=C(C=C5)NCC6CCOCC6)[N+](=O)[O-])OC7=CN=C8C(=C7)C=CN8)C,1.515476441
CS(=O)(=O)CCCn1c(Cn2c(=O)n(C3CCC3)c3ccncc32)nc2ccccc21,0.724259481
CCOP(=S)(OCC)OC1=CC2=C(C=C1)C(=C(C(=O)O2)Cl)C,0.705007959
Cc1ncnc(Nc2ccc(OCc3cccc(F)c3)c(Cl)c2)c1C#Cc1ccc(CN2CCCC2)c(F)c1,1.163487332
O=C(CC1(O)C(=O)Nc2cc(Cl)cc(Cl)c21)c1ccccc1,1.5847044445
Cc1cc(Br)c(Nc2nc(N)nc(Nc3ccc(C#N)cc3)n2)c(Br)c1,0.88752538
CC(C)c1csc2nc(-c3cn(C)c(=O)[nH]c3=O)[nH]c(=O)c12,1.2886946985
Clc1cccc(CC2(Cc3nnn[nH]3)C3CC4CC(C3)CC2C4)c1,0.926492592
CC1NCCCC1C(=O)Nc1ncc(SCc2ncc(C(C)(C)C)o2)s1,1.0514146795
CCCOCCCCOCCCCCNC(=O)NC12CC3CC(CC(C3)C1)C2,1.205632151
Nc1nc(N)nc(Nc2ccc([As]3SCC(CO)S3)cc2)n1,1.775486331
COc1cc(C2CC(=O)Oc3cc4c(c(OC)c32)C(=O)O[C@@H](C)CCCC(=O)CCC/C=C/4)cc2c1OCCO2,0.970588579
CC1=C2C[C@H]3[C@@H](CC[C@@H]4Cc5nn(S(=O)(=O)c6ccc(C)cc6)cc5C[C@@]43C)[C@@H]2CC[C@@]2(C1)O[C@@H]1C[C@H](C)CN[C@H]1[C@H]2C,1.812779707
CC(C)c1ccccc1Oc1ncccc1NC(=O)Nc1ccc(C(C)(C)C)cc1,1.34291389
Cc1cnc(-c2ccccc2C(C)C)nc1NCc1ccc(-n2ccnn2)cc1,1.414939939
CC(C)CCC[C@](C)(O)[C@H]1CC[C@H]2[C@@H]3C[C@H](O)[C@H]4C[C@@H](O)CC[C@]4(C)[C@H]3CC[C@@]21C,0.8380887015
CCC(CO)NCc1ccc(OCc2cccs2)cc1,0.948816005
O=C(O)c1cccnc1C(=O)OCc1ccccc1,1.1960626315
C[C@]12CC[C@H]3[C@@H](C=CC4=C(O)C(=O)CC[C@@]43C)C1=CC=C2c1cccnc1,8.68502e-05
CNC(=O)c1cc(Oc2ccc(NC(=O)Nc3ccc(Cl)c(C(F)(F)F)c3)cc2)ccn1,2.1916276326666666
Cc1nn2c(=O)c(CCC(=O)NC(C)(C)c3noc(C(C)(C)C)n3)c(C)nc2[nH]1,2.124968389
CCCC1Oc2ccc(-c3c(N)nc(N)nc3CC)cc2N(CCCOC)C1=O,1.491389712
N#Cc1c[nH]c(C(=O)Nc2ccc(CCC(=O)O)cc2C2=CCCCC2)n1,1.57054366
CS(=O)(=O)N1N=C(c2cccs2)CC1c1ccc2nccnc2c1,1.2942193635
C1CNC[C@H]([C@@H]1C2=CC=C(C=C2)F)COC3=CC4=C(C=C3)OCO4,1.852845818
CC(=O)N1CCN(C(=O)N2CCCC[C@H]2C(=O)Nc2cc(C(C)(C)C)on2)CC1,2.079181246
Cc1cc(Oc2ccccc2NC(=O)Nc2ccc(OC(F)(F)F)cc2)n(-c2ccccc2Cl)n1,1.62324929
O=S(=O)(c1ccc(C(F)(F)F)cc1)N1c2cccnc2-c2n[nH]cc2C1C1CC1,1.403613846
Cc1cc(NC(=O)N2C[C@H]3C[C@@H](c4ccccc4C(F)(F)F)C[C@H]3C2)c(C(=O)O)cn1,1.783298428
C1CC[C@H]([C@@H](C1)N)NC2=NC=C(C(=N2)NC3=CC(=CC=C3)N4N=CC=N4)C(=O)N,1.957511511
COc1cc(C(=O)Nc2c(C)cc(Cl)cc2C(=O)NC(C)C)n(-c2ncccc2Cl)n1,2.0419015005
O=C(O)CC1(c2ccc(F)cc2)CC2CCC1C2,1.57054366
O=C(Cc1nc(N2CCOCC2)cc(=O)[nH]1)N1CCc2c(Cl)cccc21,0.90764238
Nc1[nH]nc(-c2ccc(Br)s2)c1-c1ccc2c(c1)OCO2,1.8487100795
Cc1nc(C)c(-c2csc(Nc3ccc(C(=O)N4C5CCC4CN(c4ncc(Br)cn4)C5)cn3)n2)s1,1.816265596
C=C1C(=O)O[C@@H]2C3O[C@]3(C)CC/C=C(\C)CC[C@@H]12,1.921790486
O=C(Nc1ccc(-c2cn[nH]c2)cc1)C1COc2ccc(Cl)cc2C1,2.139879086
CCN1CCN(CC1)C(=O)C2=CC(=NC3=C2C=NN3C)C4=CC=C(C=C4)F,1.996599223
Cc1cc(-c2cnc(C)nc2-c2sccc2C)on1,1.6620861675
CS(=O)(=O)c1ccc(-c2cnc3ccnn3c2N)cc1,2.644415838
CCCNC(=O)C1CC12CCN(C(=O)c1cc3sc(-c4ccccc4)nc3n1Cc1ccc(OC)cc1)CC2,1.621197061
O=C(c1cc2ccc(F)cc2[nH]1)N1C[C@]2(CCN(C3CCNC3)C2)c2ccccc21,1.716020047
Cc1cc(-c2ccc(OC(=O)Nc3ccc(-c4cnccn4)cn3)cc2)ccn1,1.114010162
O=C1NCCc2[nH]c(-c3ccnc(-c4cnc5ccccc5c4)c3)cc21,1.544043227
CCc1nn(CCN)c(CC)c1Oc1cc(F)cc(C#N)c1,2.079181246
Cc1ccnc(NC(c2ccc([N+](=O)[O-])cc2)c2ccc3ccc(C)nc3c2O)c1,2.064383104
COc1ccc(C2=Nc3c(C(C)(C)C)nn(CCCO)c3C(=O)NC2)cc1-c1ccc(C(=O)O)cc1,2.079181246
CCS(=O)(=O)c1ccc2[nH]c(Oc3cccc(OC(F)(F)F)c3)nc2c1,2.849174004
COC(=O)Nc1ccc(-c2ccc(C)nc2N)cc1,2.389564828
CC(C)Oc1ccc(-c2ccc3c(n2)Oc2c(F)cccc2[C@@H]3C(C)(C)C(=O)NC(N)=O)cn1,2.280987889
CCN(CC)S(=O)(=O)c1ccc(S(=O)(=O)NC(C)c2nncn2C)cc1,3.315766141
NC(=O)c1cnc(Oc2ccc3c(c2)B(O)OC3)cn1,2.475143873
C[C@H]1C[C@@H]2[C@@H]([C@H](OC2=O)C)[C@H]([C@@H]1C)/C=C/C3=NC=C(C=C3)C4=CC=CC=C4C#N,1.184691431
C[C@](O)(c1ccc(C(=O)N(C2CC2)[C@H]2CC[C@H](c3ccccc3)CC2)cc1)C(F)(F)F,2.295268828
Nc1ncc(-c2nc(N3CCOCC3)nc3c2CCN3c2cccnc2)cn1,1.851135995
Cc1cc2cc[nH]c2cc1NC(=O)Cc1ccc(F)cc1F,2.278974997
Cc1c(S(C)(=O)=O)c(=O)[nH]c2ccc(OCC(=O)NCc3ccc(Cl)c(Cl)c3)cc12,1.320450123
CCc1nc2cc(Cl)ccn2c1C(=O)NCc1ccc(N2CCC(Cl)CC2)cc1,1.041313715
O=C1Nc2ccccc2Oc2cc(Oc3cccc4cccnc34)c(S(=O)(=O)N3CCOCC3)cc21,0.9102261985
CN1CCC(=C2C3=CC=CC=C3CCC4=C2N=CC=C4)CC1,2.079181246
CCOc1cccc(CNC(=O)c2c(OC)cc(=O)n3c2CCCC3)c1,1.9219119635
C[C@@H](C1CC1)n1cc(Cl)nc(Nc2c(Cl)cc(OC(F)F)cc2Cl)c1=O,2.107042763
CC1=C2CC(C)(C)/C=C/C(=O)/C(C)=C\C3=C[C@H](C)C[C@]3(O2)C1=O,0.77815125
CNCC1(c2cccc3ccccc23)CCCCC1,2.477121255
COc1ccc(COc2ncnc3sc(C)c(C)c23)cc1F,0.7025397485
Cc1cc(C)nc(SCc2nc3scc(C)n3c2Br)n1,0.5900693045000001
CN(CCCOC1=C(C=C(C=C1)Cl)Cl)CC#C,0.546542663
COC(=O)c1ccc(COc2ccc(-c3nnn[nH]3)cc2)cc1,0.5645977265
Cc1ccc(-n2c(C)nnc2C)cc1S(=O)(=O)NC1CCCC1,2.237995893
c1ccc(-c2cn3c4ccccc4n(CCN4CCOCC4)c3n2)cc1,0.9844208405
CC(C)OC(=O)C1=CN(C(=O)c2ccc(OCCN3CCCCC3)cc2)CC(C)(C)c2c1[nH]c1ccccc21,1.146065989
Cc1nc(-c2ccc(S(=O)(=O)Nc3cc(Br)ccc3C(=O)N3CCCCC3)s2)cs1,0.841443718
Cc1cc(-n2nc(C3CCN(C(=O)[C@@H]4CN(C(C)(C)C)C[C@H]4c4ccc(F)cc4F)CC3)nc2C)ccc1Cl,0.868713578
NC(=O)c1nn(-c2ccc3onc(N)c3c2)c2c(F)c(-c3ccc(N4CCCCC4=O)cc3F)ccc12,1.264625076
O=C(N[C@H](Cc1c[nH]c2ccccc12)C(=O)Nc1ccncc1)c1ccc(-c2ccc(F)c(C(F)(F)F)c2)cc1F,1.462368046
Cc1oc(C)c(C(=O)OC(C)C(=O)N2CC(C)OC(C)C2)c1Br,2.0331911035
COC(=O)c1cc(O)c(=O)c2c(O)c(O)ccc2c1,1.344035703
Cl.Clc1ccc(-c2ccc(CNCCOc3ccccn3)o2)c(Cl)c1,1.352094634
CC(C)c1nc(COC(N)=O)n(Cc2ccncc2)c1Sc1cc(Cl)cc(Cl)c1,0.875061263
O=C1COc2c(cc(Cl)cc2[N+](=O)[O-])N1Cc1nnc(CCc2ccc(Cl)cc2)n1CCC(F)(F)F,0.654701031
N#Cc1ccccc1Cn1c(N2CCC[C@@H](N)C2)nc2ccccc2c1=O,2.300986564
N#Cc1ccc(C(=O)OC2c3ccccc3-c3ccccc32)[nH]1,0.7994627445
Cc1cc2nc(N3CCN(CCO)CC3)n(CC(=O)c3cc(C(C)(C)C)c(O)c(C(C)(C)C)c3)c2cc1C,2.269512944
Cn1c(=O)n(Cc2ccc(-c3ccccc3C#N)cc2)c2ccccc21,0.9523985575
COc1cccc(CN(CCN2CCOCC2)C(=O)Nc2ccc(-c3cn[nH]c3)cc2)c1,0.477121255
Cc1nc(C)c(-c2csc(Nc3ccc(C(=O)N4CC5CCC(C4)N5c4ncc(C(F)(F)F)cn4)cn3)n2)s1,1.573555239
O=C(Nc1ccc(-c2ccncc2)cc1)C1COc2ccccc2O1,0.77815125
COc1cc2c(cnc3[nH]nc(C4CC4)c32)cc1-c1c(F)ccc(NS(=O)(=O)CCCF)c1Cl,2.544043227
CC(C)(C)c1ccccc1NC(=O)c1ccc(NC(=O)Nc2ccccc2)s1,1.709756807
CC1C[C@H]2C3=CC=C(c4cncc(F)c4)[C@@]3(C)CC[C@@H]2[C@@]2(C)CCNC(=O)C=C12,8.68502e-05
CS(=O)(=O)CCO/N=C/c1cc(C(=O)NOCCO)c(Nc2ccc(I)cc2F)c(F)c1F,1.954242509
Cc1ccc(-n2nnnc2SCC(=O)Nc2ccccc2Cl)c(Cl)c1,0.300986564
CC(=O)O[C@@H]1[C@H]2[C@H]3[C@H]([C@H](OC(C)=O)[C@H](OC(C)=O)[C@]2(C)[C@H]2[C@H](C)[C@H]4O[C@]45OC(=O)[C@@](C)(O)[C@]5(C)[C@H]12)[C@]1(C)[C@H](C[C@@H]2O[C@@H]2[C@@H]1OC(C)=O)C(=O)[C@@H]3O,1.91897343
O=C1COc2c(cc(Cl)cc2[N+](=O)[O-])N1Cc1nnc(-c2ccccn2)n1CCC(F)(F)F,1.820035145
C[C@](O)(c1ccc(C(=O)N(C2CC2)[C@H]2CC[C@](CCC(N)=O)(c3ccccc3)CC2)cc1)C(F)(F)F,2.295268828
COC(=O)[C@H]1CC2=C([C@@H](N1C(=O)CCl)C3=CC=C(C=C3)C(=O)OC)NC4=CC=CC=C24,0.931966115
COCCNc1nc(N2CCCC2)nc2nccnc12,1.8750923985
CC[C@@]1(C[C@H]2C[C@@](C3=C(CCN(C2)C1)C4=CC=CC=C4N3)(C5=C(C=C6C(=C5)[C@]78CCN9[C@H]7[C@@](C=CC9)([C@H]([C@@]([C@@H]8N6C)(C(=O)OC)O)OC(=O)C)CC)OC)C(=O)OC)O.OS(=O)(=O)O,1.737351696
NC(=O)[C@H](Cc1cccc(F)c1)NC(=O)[C@@H](N)Cc1ccccc1,1.114010162
Cc1nn(-c2cccc3ccccc23)nc1C(=O)N1CCC(CO)CC1,1.104646419
COC1=CC=CC(=C1)C(=O)NC2=CC3=C(C=C2)N=CN=C3N4CCCCC4,0.701567985
CO[C@H]1C[C@H]2CC(C)(O)[C@@H](/C=C/c3ccc(-c4cccc(F)c4)cn3)[C@@H]2CC1NC(=O)OC(C)(C)C,1.1463752425
CS(=O)(=O)NCCCCCOCCCCCNC(=O)NC12CC3CC(CC(C3)C1)C2,1.896644974
CN(c1ccccc1-c1cc(Cl)c2cnc(Nc3ccc(C4CCN(CC(N)=O)CC4)cc3)nn12)S(C)(=O)=O,1.041392685
Cc1c2c(n3c1CCCN1CCCC[C@@H]1[C@H](C)Nc1cc-3ccc1C(N)=O)CC(C)(C)CC2=O,0.477121255
CCN(CC)c1cc(CCC(=O)N(C)CCCc2c(C)nn(C)c2C)ccn1,0.841535725
COc1cc(N2CCN(C3CCN(c4cccc5ccc(C(F)(F)F)nc45)CC3)CC2)c2ncccc2c1,0.477121255
Oc1ccc(-c2oncc2-c2ccccc2)c(O)c1,1.686408431
CN(C)c1ccc(-c2nc3n(c2NC(C)(C)CC(C)(C)C)CCNC3)cc1,1.107885779
CCN(CC)CCOC1=CC2=C(C=C1)C3=C(C2=O)C=C(C=C3)OCCN(CC)CC,2.079181246
O=C(NC1CCc2ccccc21)c1nnn(-c2ccccc2Cl)c1-c1ccncc1,0.789291296
O=C1NCC2C1CCCN2C(=O)c1cnn(-c2ccc(F)cc2)n1,1.005673065
O=C(CN1CCCCCC1)NCC12CCCC=C1NC(=O)CC2,1.9983217665
CN1CCC(=C2c3ccccc3CCc3sccc32)CC1.O=C(O)/C=C\C(=O)O,1.8359657415
O=C(NCc1ccc(S(=O)(=O)Nc2cc(Br)ccc2C(=O)N2CCCCC2)s1)c1ccccc1,0.256761023
C1=CC=C(C=C1)SC2=CC=C(C=C2)COC(CN3C=CN=C3)C4=C(C=C(C=C4)Cl)Cl,1.73295637
CCN(C(=O)CCC(=O)Nc1ccc(-c2ccc(OCC(=O)O)cc2)cc1Cl)c1ccc(C(C)(C)C)cc1Cl,0.77815125
COCCN1C(=O)C(CC(=O)O)=C2CCCCC21,1.983294016
ClC(Cn1ncc2c(Nc3cccc(Br)c3)ncnc21)c1ccccc1,3.106783552
CC(Cc1ccc([Si](C)(C)C)cc1)CN1CCOCC1,1.188555375
Cc1cc(Nc2cc(N)ncn2)c(=O)n2c1C(=O)NC21CCCCC1,2.174113878
Cc1c(C(=O)Nc2ccnc(Cl)n2)nn(C)c1-c1ccc(F)cc1,2.477121255
COC1=CC=C(C=C1)NC(=O)CN2C=C(C3=CC=CC=C32)C(=O)C4=CC=CS4,1.221414238
Cc1cccc(CNC(=O)[C@H]2C[C@H](c3nc(C)no3)CN(Cc3nc(-c4ccccc4)oc3C)C2)n1,0.477121255
O=C(NS(=O)(=O)CCNCc1ccccc1)c1ccc(Nc2nc(NC3(c4ccc(Cl)cc4)CC3)nc(OCC(F)(F)F)n2)cc1,2.838644886
Cn1c(-c2ccccn2)c(C2CCCCC2)c2ccc(C(=O)NC(C)(C)C(=O)Nc3ccc(-c4ccc(C(N)=O)o4)cc3)cc21,1.278799314
CCOC(=O)C1=C(Nc2ccccc2)O/C(=C\c2c[nH]c3ncccc23)C1=O,1.150725122
CCNC(=O)N[C@@H]1CC[C@@]2(C)C(=CC[C@@H]3[C@@H]2CC[C@]2(C)C(n4ccnc4)=CC[C@@H]32)C1,8.68502e-05
CCN1CCN(CC1)C(=O)CC2=CC=C(C=C2)NC3=NC=C(C(=N3)NC4=CC=C(C=C4)C(=O)NC5=CC=CC=C5Cl)F,0.626340367
CCc1c(OCC(=O)Nc2cc(OC)c(OC)c(OC)c2)c(=O)ccn1CCO,1.86475806
C#Cc1ccc2c(c1)C(c1ccccn1)=NCc1c(-c3nc(C)no3)ncn1-2,1.994238833
COc1cc2ncnc(Nc3c(F)ccc(O)c3C)c2cc1OC,2.34246216
Cc1cc(NC(=O)C2CCCCC2C)cc(CN2CCOCC2)c1C,1.261257433
C[C@]12CC[C@H]3[C@@H](CCC4=CC(=O)NCC[C@@]43C)C1=CC=C2c1cncc(F)c1,8.68502e-05
Cc1c(C(=O)O)sc2ccc(NC(=O)C(C)(C)NC(=O)c3ccc4c(C5CCCCC5)c(-c5ccccn5)n(C)c4c3)cc12,1.531504463
COc1ccc(/C=N/n2cnnc2)cc1Br,1.4551921425
COc1ccc(S(=O)(=O)N(C)c2ccc(C(=O)Nc3ccccc3-c3ccccc3)cc2)cc1,1.8662496495
Cc1nnc2c(N3CCN(C(=O)c4n[nH]c5c4CCCC5)CC3)nccn12,0.256761023
N[C@H]1CC[C@H](Nc2ccc3ncc(-c4cnc(Nc5ncc(C(F)(F)F)cc5F)nc4)n3n2)CC1,1.873437003
CC(C)(C)c1cc(NC(=O)CSC2=NN/C(=C3\C=c4ccccc4=N3)N2c2ccccc2)on1,1.4376164965
Cc1[nH]c2ncnc(-c3ccc(NC(=O)N(CCN)c4ccc(Cl)cc4)c(F)c3)c2c1C,2.079181246
CC(C)(C)c1n[nH]c(C2CN(C(=O)C3CCOC3)CCO2)n1,1.380871251
COC(=O)c1ccc(C(=O)Nc2cc(F)ccc2NC(C)C)[nH]1,1.3406358109999998
Cc1nc(C)c(-c2csc(Nc3ccc(C(=O)N4CCN(c5ncc(C(F)(F)F)cn5)CC4)cn3)n2)s1,1.911590085
CC(C)N(CCC(O)c1ccc2ccccc2c1)Cc1ccccc1,0.955731027
CN1C=NC2=C1C(=O)NC(=O)N2C,1.781108836
Cc1ccc(-c2nc3ccccc3s2)cc1NC(=O)c1cnccc1Cl,2.346352974
C1C(S/C(=C(/C#N)\N2C=CN=C2)/S1)C3=CC=CC=C3Cl,1.935356093
CC1(C)[C@H]2CC[C@](C)(C2)[C@H]1NC(=O)c1nn(-c2ccc(F)cc2F)c2c1C[C@H]1C[C@@H]21,8.68502e-05
O=C([C@@H]1CCCN1)N1CCC(NS(=O)(=O)c2cc(S(=O)(=O)c3ccccc3)ccc2C(F)(F)F)CC1,1.278799314
CC(C)(C)OC(=O)N1CC2Cc3[nH]ncc3C(C1)N2S(=O)(=O)c1ccc(Cl)cc1,1.124641826
C1=CC2=C(C(=C(C=C2S(=O)(=O)O)I)O)N=C1,2.079181246
OC(Cn1c(Cc2ccccc2)nc2ccccc21)Cn1c2ccccc2c2ccccc21,1.108254885
CC(=O)C1=CC=C(C=C1)N2CCN(CC2)S(=O)(=O)C3=CC4=C(C=C3)NC(=O)C4,1.765549872
COc1ccc(-n2nc3c4ccc(Br)cc4[nH]cc-3c2=O)cc1,2.011368113
O=C(Cn1nnc(-c2ccc(F)cc2)n1)N[C@H]1C[C@@H]2OCC[C@H]12,1.970918537
CCN1CC(C)(C)OC(=O)C1CC(=O)Nc1ccc(C(C)C)cc1,1.462368046
CCc1nc2cc(Cl)ccn2c1C(=O)NCc1ccc(N2CCC(c3ccc(Cl)cc3)CC2)cc1,1.828144107
CCN1CCC[C@@H]1CNC(=O)c1ccc2c(c1)NC(=O)/C(=C/c1ccccc1F)S2,1.91824611
COc1cccc(OC)c1-c1cc2c(N[C@H](CO)c3ccccc3)ncnc2s1,1.531504463
CCOCCCNC(=O)C(=O)NC1=C2CSCC2=NN1C3=CC=C(C=C3)OC,1.626134979
CC(=O)OC1C(SC2=CC=CC=C2N(C1=O)CCN(C)C)C3=CC=C(C=C3)OC,1.833019547
Cc1c(C(=O)Nc2ccnc(F)c2)nn(C)c1-c1ccc(F)cc1,2.477121255
CNS(=O)(=O)c1ccc2c(c1)CCN2C(C)=O,3.315766141
COc1cc2c(N3CCN(C(=O)Nc4ccc(OC(C)C)cc4)CC3)ncnc2cc1OCCCN1CCCC(F)(F)C1,0.602081706
CS(=O)(=O)N1CCC[C@H]1C(=O)NCCCn1nnc2ccccc21,2.5870626825
Cc1cc(CNC(=O)NCC23CC4CC(CC(C4)C2)C3)on1,0.768887091
O=C1c2cc(Cl)ccc2-n2c1nc1ncccc1c2=O,3.008082491
Cc1cc2ccccc2n1CCNC(=O)c1ccc(N2CCCC2)cc1,0.9389974543333331
CC(C)N(CCCNC(=O)Nc1ccc(C(C)(C)C)cc1)CC1=C[C@@H](n2cnc3c(N)ncnc32)[C@H](O)[C@@H]1O,1.77815125
Cc1cc2c(cc3c(NCc4ccccc4F)nnc(C)n32)s1,1.1135802745
CNc1nc(NC(C)(C)C)nc(NC(C)(C)C)n1,1.7963883975
CN(C)Cc1c(N)n(Cc2ccco2)c(=O)[nH]c1=O,2.207765752
Nc1ncnc2c1nc(Sc1cc3c(cc1Br)OCCO3)n2CCC1CCN(C(=O)CO)CC1,1.540606346
CCC(C)(C)C(=O)Nc1cc(CN2CCOCC2)c(C)cc1C,1.623959337
Cc1cc(C(=O)NC2CCCC2)ccc1NC(=O)N1CCn2ncnc2C1,2.428778711
CCn1nc(-c2cccc3ccccc23)cc1-c1ncnn1C,0.333121238
Cc1cc(C#N)cc(NC(=O)C(F)(F)F)c1NC(=O)c1cc(Br)nn1-c1ncccc1Cl,1.273809893
Cc1ccc2c(c1)Oc1cc(Cl)c(S(=O)(=O)N3CCc4ccccc4C3)cc1C(=O)N2,0.804585882
CN1CCC(NC(=O)c2cnc(Nc3cc(Cl)cc(Cl)c3)nc2N[C@H]2CCCCNC2=O)CC1,1.612762671
Brc1ccc(-c2n[nH]c(-c3ccccc3)c2-c2ncc[nH]2)cc1,2.1439149105
Cc1sc(N)c(C(=O)c2cccc(C(F)(F)F)c2)c1C,8.68502e-05
CCS(=O)(=O)N[C@H]1CC[C@](CNC2=NS(=O)(=O)c3cccc(OC)c32)(c2ccccc2)CC1,1.381912662
CCN1CCN(C(c2ccc(C(F)(F)F)cc2)c2cc(Cl)c3cccnc3c2O)CC1,1.740378482
CN(C)c1ccc2c(c1)[C@H](CC(=O)c1ccccc1)C(C(=O)OCc1ccccc1)(C(=O)OCc1ccccc1)C[C@H]2c1ccccc1,1.3416791890000002
Clc1ccc(C(Cl)Cn2ncc3c(NCc4ccncc4)ncnc32)cc1,2.596298824
C[C@@H]1CN(S(=O)(=O)c2ccccc2C(F)(F)F)[C@@H](C)CN1C[C@@]1(O)CC[C@@]2(C)[C@@H](CC[C@@H]3[C@@H]2CC[C@@]2(C)C(=O)CC[C@@H]32)C1,1.531133024
CC[C@@H]1C(=O)N(C)c2cnc(-n3ccnc3-c3ccc(F)cc3)nc2N1C1CC(F)(F)C1,1.097647369
N[C@@H](CC(=O)N1CCC[C@H]1COCC1CC1)Cc1cc(F)c(F)cc1F,1.477121255
CS(=O)(=O)c1ccc(-n2cc(Cl)c(OC3CCN(c4ncc(Cl)cn4)CC3)cc2=O)cc1,1.77083729
N#C[C@@H]1CS[C@H]2C[C@@H](NC(=O)OCc3ccccc3)C(=O)N12,2.127039973
O=C(N[C@H]1CN2CCC1CC2)c1ccc(Cl)cc1,2.079181246
COCCOc1cc2ncnc(N3CCN(C(=O)Nc4ccc(Oc5cccc6[nH]ccc56)cc4)CC3)c2cc1OCCOC,1.00008685
CCC1CC(C(=O)Nc2ncc(SCc3ncc(C(C)(C)C)o3)s2)CCN1,1.639240805
O=C(c1ccc(Br)cc1NS(=O)(=O)c1ccc(C(F)(F)F)cc1Cl)N1CCCCC1,1.403613846
COC1=CC(=CC(=C1OC)OC)C(=S)N2CCOCC2,2.079181246
NC(=O)[C@H]1[C@@H](c2ccccc2)CCN1C(=O)[C@@H](N)Cc1ccccc1,2.271888053
Cc1nc(-c2ccc(F)cc2)c(C(=O)N2CCN(c3cc(Cl)cc(Cl)c3)CC2)o1,2.098774009
O=C(OCC(=O)c1c(-c2ccccc2)[nH]c2ccccc12)c1ccccc1NCCO,1.5648649205
COc1c2c(cc3c1OCO3)CCN(C)C(C(C)=O)=C2,1.0722449535
COC(=O)C12CC(CCC(C)=O)C(=O)N1CCc1c2n(C(=O)OC(C)(C)C)c2ccccc12,0.7435788845
Fc1cccc(C(F)(F)F)c1-c1ccc2[nH]c(/C=C/C3CCCCC3)nc2c1,1.238247268
Cc1ccc(CC2S/C(=N/N=C/c3ccncc3)N(Cc3ccco3)C2=O)cc1C,1.2124933925
CC(C)(NC(=O)COc1ccc2[nH]c(=O)c(-c3nccs3)c(CCc3ccc(F)cc3)c2c1)c1ccccc1,1.008269539
CC(C)OC(c1cccc(C(F)(F)F)c1)c1nc(-n2ccc(NC(=O)c3cscn3)cc2=O)c[nH]1,2.079181246
COc1ccc(-n2nc(S(C)(=O)=O)c3c2C(=O)N(c2ccc(C4(Cn5ccnc5C)CC4)cc2)CC3)cc1.O=C(O)C(F)(F)F,0.698952632
O=C(NOCCO)c1cc(CN2CCOC2=O)c(F)c(F)c1Nc1ccc(I)cc1F,2.556302501
CC(C)CC1n2cncc2CN(C2CC2)S1(=O)=O,2.607455023
CN1CCN(Cc2ccc(-c3cnc4[nH]cc(-c5ccc6[nH]ccc6c5)c4c3)cc2)CC1,1.716697605
CC(C)(C)CN1CCC2(CC1)CN(c1ccccc1NC(=O)Nc1ccc(OC(F)(F)F)cc1)c1c(O)cc(F)c(-c3ccc(Cl)cc3)c12,1.445566604
CC(=O)O[C@@]12CO[C@@H]1C[C@H](O)[C@@]1(C)C(=O)[C@H](O)C3=C(C)[C@@H](OC(=O)[C@H](O)[C@@H](NC(=O)OC(C)(C)C(F)(F)F)c4ccccc4)C[C@@](O)([C@@H](OC(=O)c4ccccc4)[C@H]21)C3(C)C,2.131267411
CCC(C)OC(=O)c1c(NC(=O)C2CCN(S(C)(=O)=O)CC2)sc2c1CCCC2,1.2760354785
Cc1cc(O)c(C(c2ccco2)c2c(O)cc(C)n(C)c2=O)c(=O)n1C,2.2073395305
Cc1cc(C)cc([C@@H](CC(C)C)NC(=O)c2cc(COc3ccccc3Cl)ccc2CCC(=O)O)c1,1.337456297
O=C(O)COc1ccc(C#Cc2ccc(C(=O)NCc3ccccc3)cc2)cc1,3.315766141
CC1(C(=O)N(C(=S)N1C2=CC(=C(C=C2)C(=O)N)F)C3=CC(=C(C=C3)C#N)C(F)(F)F)C,2.079181246
[2H]C([2H])([2H])C([2H])(NC(=O)C1CCN(C(=O)c2cc3sc(Br)cc3n2Cc2ccc(OC)cc2)CC1)C([2H])([2H])[2H],0.726710912
[2H]C([2H])([2H])Oc1ccc2c(c1)C(=O)N1CCC[C@H]1c1c(C(=O)NC)ncn1-2,3.028137399
CC(C)(C)c1cc(NC(=O)[C@@H]2CCCCN2C(=O)N2CCOCC2)no1,2.079181246
Clc1ccc(OCc2nnc(-c3cccnc3)[nH]2)cc1,1.8970258335
CC(C)(C)C1CN(C(=O)C(=O)c2c[nH]c3cccc(F)c23)CCN1C(=O)c1ccccc1,1.104646419
Clc1ccccc1-c1ccc2[nH]c(/C=C/C3CCCCC3)nc2c1,1.306177174
C[C@H]1c2c(cc(F)c(-c3cccc4cc[nH]c34)c2F)NC(C)(C)[C@@H]1O,1.681241237
O=C(O)c1ccc(C(=O)N[C@@H](Cc2ccccc2)C(=O)NCCc2cc(Cl)ccc2-n2cnnn2)cc1,0.300986564
Cc1ccoc1C(=O)N1CCCn2nc(C(=O)Nc3ccc(F)cc3Cl)cc2C1,2.334453751
Cc1cc(C(=O)Nc2ccc3ccccc3c2)no1,1.4639332635
N#Cc1c(-c2ccccc2)no[n+]1[O-],1.216590022
Cl.Cl.O=C(CCn1c2c(c3ccccc31)CCn1c-2nc2ccccc2c1=O)N1CCN(Cc2cccnc2)CC1,0.7815394035000001
CCCNC(=O)C1CCN(C(=O)c2cc3occc3n2Cc2ccc(OC)cc2)CC1,0.437782262
Cc1c[nH]c2ncnc(-c3ccc(NC(=O)N(CCO)c4ccc(Cl)cc4)cc3)c12,2.079181246
COc1cccc2c1C(NC[C@]1(c3ccccc3)CC[C@H](OC(=O)NCCC(F)(F)F)CC1)=NS2(=O)=O,0.177579777
Cn1c(-c2ccncc2)c(C2CCCC2)c2ccc(C(=O)NC3(C(=O)Nc4ccc(/C=C/C(=O)O)cc4)CCCC3)cc21,2.029302594
CCOc1ccc(N2C(=O)c3c(C(=O)OC)ncn3CC2(C)C(=O)NC2CCCCCC2)cc1,1.366450939
CCC(Oc1ccc2c(c1)S(=O)(=O)N=C(c1c(O)c(-c3cccs3)nn(CCC(C)C)c1=O)N2)C(N)=O,1.322219295
CC1=C(C(N=C(N1)NC2=NC3=CC=CC=C3O2)C4=CC=CC=C4Cl)C(=O)NC5=CC=CC(=C5)C6=CC=NN6,1.854063012
CC(C)c1nccn1-c1ccc(C2=Nc3c(C(C)(C)C)nn(CCO)c3C(=O)NC2)cc1,1.079181246
CS(=O)(=O)c1cc(C#N)ccc1[C@@H]1C2=C(CCC2=O)N(c2cccc(C(F)(F)F)c2)C(=O)N1CC#N,2.114010162
Cc1cccc(CN(Cc2ccccn2)[C@H]2CCNC2)c1C,1.146065989
Cc1noc(-c2ccc3c(c2)c2c(n3CCCSc3cc(F)cc(F)c3)CCCC2)n1,1.633488655
Cc1cc(COc2ccc(S(=O)(=O)N3CCN(C(=O)C(C)(C)C)C(C(=O)NO)C3)cc2)c2c(n1)CCCC2,1.138956778
Fc1cc(C(CC2CNC2)Oc2ccccc2F)ccc1Cl,1.783298428
O=[N+]([O-])c1cn2c(n1)OC(COc1ccc(OC(F)(F)F)cc1)CC2,2.5575626270000003
COC(=O)CCCn1c(C(=O)c2ccccc2)c(C(C)C)c(=O)[nH]c1=O,0.921321618
Cl.NCc1nc(COc2ccc3ccccc3c2)no1,1.1325091805
CC(=O)CC[C@H]1C(=O)N[C@@H](C(C)C)C(=O)N[C@@H](Cc2cccc(O)c2)C(=O)N2CCCC(N2)C(=O)O[C@H](/C(C)=C/C=C/C(=O)NC(C)C)C/C=C/C=C/[C@H](O)[C@H](C)[C@H]1O,1.227938097
Cc1cccc2c1ccn2CC(=O)N1CCNC(=O)C1,1.979523735
N#Cc1ccc(C(=O)Nc2cc(CO)ccc2N2CCCCC2)o1,0.698970004
O=C(O)CC1CCC(c2ccc(-c3ccc(C(=O)NCCC(=O)Nc4nc(-c5cc(F)c(F)cc5F)cs4)cn3)cc2)CC1,1.8188965
Cn1cc(-c2cnc3c(N)nn(Cc4cccc(C(F)(F)F)c4)c3c2)cn1,1.667950568
C[C@@](O)(c1ccc(C(=O)N(C2CC2)[C@H]2CC[C@@H](CC#N)CC2)cc1)C(F)(F)F,1.765674114
COc1ccc(S(=O)(=O)N[C@H]2CC[C@@H](N3CCN(c4ccccc4OC(C)C)CC3)CC2)cc1OC,0.690213806
Fc1cccc2c1CCC1(CCN(c3ccc(-c4nnc(Cc5cccnc5)o4)nn3)CC1)O2,1.683688244
CCOCCOCCOC(=O)CCCNC(=O)NC12CC3CC(CC(C3)C1)C2,1.256761023
COC1=CC2=C(C=C1)C=C(C=C2)OCC3(CN(C3)C(=O)C4=CC=C(C=C4)F)C(=O)O,0.936513742
O=C(c1ccc(Cn2ccn3nc4c(c3c2=O)CCCC4)cc1)N1CCN(c2ncccn2)CC1,0.7822715155
COc1cc2c(N3CCN(C(=O)Nc4ccc(C#N)cc4)CC3)ncnc2cc1OCCN1CCN(C)CC1,1.944581364
CSc1nccc(-c2ccc(S(=O)(=O)Nc3cc(Br)ccc3C(=O)N3CCCCC3)s2)n1,1.653271408
Cl.N[C@@H](CC(=O)N1CCN(C(=O)OCc2ccccc2)CCN1C(=O)c1ccccc1)Cc1cc(F)c(F)cc1F,1.466211326
Cc1cc(N)cc(Br)c1OCc1ccccc1,1.178926192
Cc1ccc(C(=O)NC[C@@H](O)CO)cc1-n1cnc(OCc2ccc(F)cc2F)c(Cl)c1=O,3.010319376
O=C(N[C@H](Cc1c[nH]c2ccccc12)C(=O)Nc1ccncc1)c1ccc(N2CCN(c3ccc(Cl)cc3)CC2)cc1F,0.845222106
COC1CCN(c2ncnc3c2c(Br)cn3S(=O)(=O)c2ccc(C)cc2)CC1,0.814663919
CCCCN(C(=O)O[C@H]1C[N+]2(CCCc3cccs3)CCC1CC2)c1ccccc1.[Br-],1.097647369
COC(=O)c1cc(Br)c(=O)n(-c2nccs2)c1,0.5534269025
CCn1c2ccccc2n2cc(-c3ccc4c(c3)OCO4)nc12.Cl,0.50236301
CCn1ccc(C(=O)Nc2c(C)cc(C)cc2C)n1,2.326237113
O=C(Nc1ccc2sc(-c3ccccc3)nc2c1)N1CCCCC1,1.939516289
OC1C2CC3CC1CC(C2)C3(Cc1nnn[nH]1)c1ccc(-c2ccc(F)cc2)cc1,2.2675857816666665
CC(O)(c1cccc(C(F)(F)F)c1)c1nc(-n2ccc(NC(=O)c3cscn3)cc2=O)c[nH]1,2.079181246
C1COCCN1C2=CC(=O)C3=C(O2)C(=NC=C3)C4=CC(=CC=C4)F,1.538196578
COc1ccc(-n2c(NCc3nc(-c4ccc(C)cc4)no3)nnc2-c2ccncc2)cc1,0.812779707
COc1cc(=O)n2c(c1C(=O)NC1CCCCCC1)CCCC2,1.5958309654999998
CC1c2c[nH]nc2-c2ccc(OC(=O)N(C)C)cc2N1S(=O)(=O)c1ccc(Cl)cc1,0.256761023
CCS(=O)(=O)c1ccc(Cc2ccc(S(=O)(=O)CC)cc2)cc1,2.284427719
CCc1n[nH]c(CC)c1Oc1cccc(C#N)c1,1.568225199
COc1ccccc1NC(=O)C1c2ccccc2Oc2ccccc21,1.1769505545
COc1ccc(OC)c(NC(=O)c2cc3sccc3n2Cc2ccccc2)c1,1.6263852495
CC(C)(C)c1cc(NC(=O)[C@@H]2CCCCN2C(=O)c2ccccc2)no1,1.612762671
CCCN(CCCNc1ccnc2cc(Cl)ccc12)Cc1c(F)cccc1OC,0.8719609564999999
N#Cc1cccc(Oc2ccc(C(=O)N3CCCN(C4CCC4)CC3)cn2)c1,3.315766141
CCc1ccc(-c2nc3c(=O)n(C)c(=O)nc-3n(C)n2)cc1,2.657992306
COc1ccc(-n2cnc3c(-c4ccccc4C)csc3c2=O)cc1,1.47837492
CCC(C)(C)C(=O)N(O)Cc1ccc(F)cc1F,2.29666519
CCCN(CCCNc1ccnc2cc(Cl)ccc12)Cc1cccc(OC)c1O,1.22220588
Cc1n[nH]c(C)c1CCn1c(C)nc2c([N+](=O)[O-])c(Cl)c(Cl)cc21,0.77815125
Cn1nc(CNC(=O)C2CC(=O)N(C3CCCCC3)C2)c2c1CCN(S(C)(=O)=O)C2,1.675799323
Cc1ncc(NC(=O)c2cccc(C(F)(F)F)c2)cc1NC(=O)c1cncc(-c2cnn(C)c2)c1,1.609674042
CN(c1cccc(NC(=O)C(C)(C)C)c1)S(C)(=O)=O,2.4311032945
Cc1cc(CCC#N)cc(C)c1Oc1cc(Nc2ccc(C#N)cc2)c(N)cc1C(=O)NC1CC1,1.727800747
c1ccc(-c2csc3nc(-c4cccnc4)nc(Oc4ccc5ccncc5c4)c23)cc1,1.603090928
N#Cc1ccccc1-c1nc2cc(Cl)ccc2c2ccnn12,1.8816818455
COC(=O)c1ccc2c(c1)CC(C(=O)Nc1ccc(-c3cn[nH]c3)cc1)CO2,1.300986564
Cc1cc(Cl)cc(C(=O)c2c(C(C)C)c(=O)[nH]c(=O)n2Cc2cc(N)nc(Cl)c2)c1,1.162903065
NC1CN(c2cc(-c3ccsc3)ncn2)CC1c1ccc(F)cc1Cl,2.255272505
c1cn2ccnc2c(N2CCN(C3CCCC3)CC2)n1,2.079181246
CCOC1CC(N(C)C(=O)Nc2c(C)noc2C)C12CCCC2,0.925419241
C[C@H](c1ccccc1)N1C(=O)O[C@](Cc2ccccc2)(c2nnc(Cc3ccccc3)o2)C1=O,0.893185909
CC(C)(CC(=O)N[C@H]1C2CC3CC1C[C@](C(N)=O)(C3)C2)NS(=O)(=O)c1ccc(F)c(F)c1,2.707052496
NC(=O)c1ccc(Oc2cc(NC(=O)N3CCC(O)(c4ccc(F)cc4)CC3)cc(Oc3ccc(F)cc3)c2)cc1,1.775486331
COc1cc2c(cc1-c1c(C)noc1C)ncc1nc(C3CCOCC3)n([C@H](C)COC(F)F)c12,1.39161967
CC[C@H]1OC(=O)[C@H](C)[C@@H](O[C@H]2C[C@@](C)(OC)[C@@H](O)[C@H](C)O2)[C@H](C)[C@@H](O[C@@H]2O[C@H](C)C[C@H](N(C)C)[C@H]2O)[C@](C)(O)C[C@@H](C)CN(CCCNC(=S)Nc2cccc3ccccc23)[C@H](C)[C@@H](O)[C@]1(C)O,2.079181246
O=S(=O)(NCC(c1ccco1)S(=O)(=O)c1cccs1)c1ccc2c(c1)CCCC2,0.7214271335
C=CC(=O)NCc1coc(-c2c(N)ncnc2Nc2ccc(Oc3ccccc3F)c(Cl)c2)n1,1.653212514
O=C(Cc1c(F)cccc1Cl)N1CCc2n[nH]c(=O)n2CC1,1.0185155655
O=C(N[C@H](Cc1c[nH]c2ccccc12)C(=O)Nc1ccncc1)c1ccc(N2CCN(c3cccc(Cl)c3)CC2)cc1F,0.77815125
CNc1nccc(-c2[nH]c(C3CC3)nc2-c2cccc(NC(=O)Nc3ccc(Cl)c(C(F)(F)F)c3)c2)n1,1.969362375
CCC[C@@H]1CN(C(=O)c2ccc3c(=O)n(C)cnc3c2)C[C@H]1NC(C)=O,2.4213072095
O=C(CSc1n[nH]c2nc3ccccc3n12)c1ccc(O)cc1,0.964944787
COCCNC(=O)c1cn2c(Cl)c(-c3cnc(N)nc3)nc(N3CCOCC3)c2n1,1.994238833
O=[N+]([O-])c1cn2c(n1)OC[C@@H](OCc1csc(-c3ccc(OC(F)(F)F)cc3)n1)C2,1.922687859
O=[N+]([O-])c1cn2c(n1)OC(COc1ccc(-c3ccc(F)nc3)nc1)CC2,2.457185446
COc1cccc(C(=O)Nc2ccc(NC(=O)c3csnn3)cc2)c1,1.531504463
CCCc1nc(-c2ccc3ccccc3c2)cc2c1sc1ccccc12,2.0700099565
C#Cc1ccc(Nc2c(F)c(=O)n(C)c3ncn(C[C@@H](O)CO)c(=O)c23)c(F)c1,1.690213806
C1CN(CCN1CC2=CC=C(C=C2)C3=CC=CC=C3)C4=CC=CC5=C4OC(=O)N5,1.501606922
CC(C)OC(=O)C1=CN(C(=O)c2ccc(CN3CCOCC3)cc2)CC(C)(C)c2c1[nH]c1ccccc21,1.176091259
Cc1nn2c(nnc3c(=O)n(-c4nnc[nH]4)ccc32)c1-c1ccccc1,1.6549491515
C/C(=C1/C(=O)Nc2ccc(NC(N)=O)cc21)c1ccc[nH]1,1.501926491
FCC[C@H]1C[C@@H]1c1cncc(OC[C@@H]2CCN2)c1.O=C(O)C(F)(F)F,3.313567139
O=C(c1ccccc1)N1CC(c2nc(-c3cccnc3)no2)C2(CCOCC2)C1,1.713155596
CC(=O)N1N=C(c2ccc(C)cc2)OC1c1ccc(C(C)C)cc1,1.108156711
NC(=O)c1ccc(S(=O)(=O)c2ccc(/C=C/c3ccc(F)cc3F)cc2)cc1,-0.044268973
CS(=O)(=O)c1cccc(Oc2ccc(Cl)c(-n3cnc4c(C(F)(F)F)cccc43)c2)c1,1.477121255
O=S1(=Nc2ccccc2Cl)CCCCC1,1.447189051
CC(=O)N1[C@@H](CC2=CC=CC=C21)COC3=CC4=C(C=C3)N(C(=C4SC(C)(C)C)CC(C)(C)C(=O)O)CC5=CC=C(C=C5)C6=NC=C(C=N6)OC,1.083860801
COc1cc2c(cc1OC)CN(C(=O)COc1cn(C)c(C)cc1=O)[C@H](C(N)=O)C2,2.6776521195
CCCCS(=O)(=O)NC(=O)c1ccc2c(C3CCCCC3)c3n(c2c1)CC1(C(=O)N2C4CCC2CN(C)C4)CC1c1cc(OC)ccc1-3,1.863441829
N[C@@H]1CCCN(c2cc(=O)[nH]c(=O)n2Cc2ccccc2Br)C1,2.300986564
Cn1c(-c2ccccn2)c(C2CCCC2)c2ccc(C(=O)NC3(C(=O)Nc4ccc(/C=C/C(=O)O)c(OC5CCC5)c4)CCC3)cc21,1.698952632
CC(=O)Nc1cccc(C2CCN(CCCn3nc(S(=O)(=O)c4ccc(C)cc4)c4ccccc4c3=O)CC2)c1,0.5480892470000001
C[C@H]1[C@@H](C(=O)N1S(=O)(=O)O)NC(=O)/C(=N/OC(C)(C)C(=O)O)/C2=CSC(=N2)N,2.079181246
COC(=O)Nc1ccc2c(c1)NC(=O)OCCCC[C@H](NC(=O)/C=C/c1cc(Cl)ccc1-n1cnnn1)c1nc-2c[nH]1,1.792251572
Cn1c(-c2cccnc2)nc2ccc(-c3ccccc3Cl)c(CN)c21,1.982271233
NC(=O)c1sc2ncccc2c1N,2.164293359
CC(=O)NC1=CC=C(C=C1)OCC2=C(C=CC(=C2)C3NC4=CC=CC=C4C(=O)N3CC5=CC=CO5)OC,0.33243846
Cc1nc(N2CCN(C)CC2)c2nc(-c3cccc(Cl)c3)n(C3CCOCC3)c2n1.Cl,1.176091259
CCOc1cc(C(=O)O)cc(NC(=O)c2nc3c(s2)CN(C(C)C)CC3)c1CCC(=O)Nc1ccc(Cl)cc1,2.457185446
CC(C)(C1CCN(C(=O)c2cc(F)ccc2S(C)(=O)=O)CC1)S(=O)(=O)c1cccc(C(F)(F)F)c1,1.969362375
COc1cc2c(cc1OC)C1(c3ccoc3)OC(=O)C(=O)N1CC2,0.779313865
O=C(N[C@@H](Cc1c[nH]c2ccccc12)C(=O)Nc1ccncc1)c1ccc(-c2ccc(F)c(F)c2)cc1F,1.34246216
COc1ccc(-c2ccc(CO[C@@H]3COc4nc([N+](=O)[O-])cn4C3)cc2)cc1F,2.270392371
C=C[C@@H]1C[C@]1(NC(=O)[C@@H]1C[C@@](OC)(c2ccc(-c3ccccc3)cc2)CN1C(=O)[C@@H](NC(=O)OC1CCCC1)C(C)(C)C)C(=O)NS(=O)(=O)C1CC1,1.851135995
O=C(COc1ccc(Cl)cc1Cl)OCCNC1=NS(=O)(=O)c2ccccc21,0.654701031
CC(=O)O[C@@]12CO[C@@H]1C[C@H](O)[C@@]1(C)C(=O)[C@H](O)C3=C(C)[C@@H](OC(=O)[C@H](O)[C@@H](NC(=O)OC(C)(C)C(F)(F)F)c4ccccc4)C[C@@](O)([C@@H](OC(=O)c4cccc(F)c4)[C@H]21)C3(C)C,2.149481075
Nc1cccc(CNC(=O)Nc2ccc(S(=O)(=O)c3ccccc3)cc2)c1,1.945545984
C1CCN(C1)CCCl,1.745933158
CS(=O)(=O)N1CCC(c2[nH]nc(-c3ccc(Cl)cc3)c2-c2ccncn2)CC1,1.73157265
Cc1cc(Nc2ccc(F)c(C)c2)n2ncnc2n1,1.748172516
ClC(Cn1ncc2c(NCc3ccc(Br)cc3)ncnc21)c1ccc(Br)cc1,2.908916118
CC(C)NCC(O)COc1cccc2ccccc12,2.12941510575
CC(=O)c1c(C)n(S(=O)(=O)c2ccc(C)cc2)c2ccc(NS(=O)(=O)c3ccc(C)cc3)cc12,0.9545164105
O=C(Nc1ccncc1)c1nn(-c2ccc(F)cc2)c2c1CCc1ccccc1-2,1.880187493
O=C(CC1(c2ccc(F)cc2)C2CC3CC1CC(C2)C3O)N1CC(O)C1,1.8596113166666663
O=C1COCCN1c1ccc(C2CC(c3ccc([N+](=O)[O-])o3)=NO2)cc1F,2.697752274
COCCCNC(=O)N1Cc2c(sc3c2CCCC3)-n2cccc2C1c1cc(F)cc(F)c1,0.739013422
Br.Cc1cc(C23CC4CC(CC(C4)C2)C3)cc2sc(N)nc12,1.877314462
O=C(NCCCCCOCCCN1CCOCC1)NC12CC3CC(CC(C3)C1)C2,2.552524742
Cc1ccc(NS(=O)(=O)c2ccc3c(c2)CCC(=O)N3)cc1C,0.978492002
C[C@](O)(c1ccc(C(=O)N(C2CC2)[C@H]2CC[C@H](F)CC2)cc1)C(F)(F)F,1.994238833
CC(=O)[C@]1(CC[C@@H]2[C@@]1(CC[C@H]3[C@H]2C=C(C4=CC(=O)CC[C@]34C)Cl)C)OC(=O)C,1.565139152
CCOC(=O)C1=C(NC(=O)CSc2nnc(-c3cc(C)on3)o2)SC2CCCCC12,1.4129923655
Cc1ccc(C2=CC(c3cccc(Cl)c3)n3ncnc3N2)cc1,0.824062098
Cc1cc(N(CC(=O)N2CCC(C(N)=O)CC2)S(C)(=O)=O)ccc1Br,2.1095996185
CS(=O)(=O)Nc1ccc2c(c1)S(=O)(=O)N=C(C1=C(O)C3CCCC3N(Cc3cccc(F)c3)C1=O)N2,1.707570176
Cc1ccc(C(N)=O)cc1-n1c(C)cc(OCc2ccc(F)cc2F)c(Br)c1=O,2.252607586
COC(=O)N[C@H](C(=O)N1CCC[C@H]1C(=O)Nc1ccc([C@H]2CC[C@H](c3ccc(NC(=O)[C@@H]4CCCN4C(=O)[C@@H](NC(=O)OC)C(C)C)cc3)N2c2ccc(F)cc2)cc1)C(C)C,1.332258026
O=[N+]([O-])c1cn2c(n1)OC(COc1ccc(-c3ccc(F)cc3F)cn1)CC2,1.477121255
CC1=NC=C(C(=C1O)CO)CSSCC2=CN=C(C(=C2CO)O)C.Cl.Cl,2.079181246
Nc1c(-c2ccc(Br)cc2)cnc2ccnn12,1.142473713
COc1cccc(-c2cn3ncnc3n2Cc2cccc(Br)c2)c1,1.5392317535
CC1CN(CC2CCN(Cc3ccccc3)CC2)C(=O)N(c2cccc(C(=N)N)c2)C1,2.209515015
CC(C)(C)c1ccc(-n2nnnc2SCC(=O)Nc2ccc(C(=O)O)cc2Cl)c(Cl)c1,0.698952632
CSc1nn(-c2ccccc2)c2cc(NC(=O)C3CCNCC3)ccc12,2.229931241
COC(=O)c1ccc(CC2CCN(CCCN(C(=O)C3CCN(S(C)(=O)=O)CC3)c3ccc(Cl)c(Cl)c3)CC2)cc1,1.523268286
CC(C)(C(=O)O)c1ccc(-c2ccc(C#N)cn2)cc1,2.437782262
CCN1CCN(C(=O)c2cc3c(=O)n4cc(C)ccc4nc3n2C)CC1,2.5638207425
CCNS(=O)(=O)c1ccc(NC2C3CC4CC(C3)CC2C4)c(NCc2ccncc2)c1,1.80631567
Cn1c2ccccc2c2cc(CCOc3nccnc3-c3ccncc3)cnc21,0.92580624
CCOc1nc(NC(=O)C2(NC(=O)c3ccc4c(C5CCCC5)c(-c5cnccn5)n(C)c4c3)CCCC2)cnc1/C=C/C(=O)O,1.9029814
COCC(=O)O[C@]1(CCN(C)CCCc2nc3ccccc3[nH]2)CCc2cc(F)ccc2[C@@H]1C(C)C,1.529976025
CN(C)CCCNc1ncnc2cc(-c3ccc(C(F)(F)F)cc3)sc12,2.343385842
Cn1cc(Br)c(=O)c(NC(=O)c2ccc(O)cc2F)c1,2.249250382
CCOC(=O)c1c2ccccc2n2/c(=C\c3ccccc3C)c3ccccc3c12,1.091191678
O=C(N[C@@H](Cc1c[nH]c2ccccc12)C(=O)Nc1ccncc1)c1ccc2cc(Br)ccc2c1,1.462368046
CC(=O)N1CCC(c2nc(C)c3sc4cc(OCc5ccc6ccccc6n5)ccc4n23)CC1,2.180534292
CC1(COc2ccc(-c3ccc(F)cn3)cn2)Cn2cc([N+](=O)[O-])nc2O1,2.084328424
CCOCc1c(C(=O)NCc2cncn2C)cnn1-c1ncc(C)c(N2CCCCC2)n1,2.211302473
CC[C@@H]1C[C@@H](C(=O)NC[C@H]2CCCO2)CN(Cc2nc(-c3ccccc3)oc2C)C1,0.477121255
CC(=O)O[C@H]1C[C@H]2[C@@H]([C@H](OC(C)=O)C[C@@H]3CC4(CC[C@@]32C)OOC2(CCCCC2)OO4)[C@@H]2CC[C@H]([C@H](C)CCC(=O)NCCN(C)C)[C@@]12C,1.602081706
[2H]C([2H])([2H])Oc1ccc2c3nn(-c4ccccc4OC([2H])([2H])[2H])c(=O)c-3c[nH]c2c1,2.696772066
COc1cccc2c1OC1(CCN(Cc3ccccc3)CC1)N1N=C(c3ccc(C)o3)CC21,1.125905297
CC1C[C@@H]2[C@H](CC[C@]3(C)C(c4cccnc4)=CC[C@@H]23)[C@@]2(C)CC/C(=N\O)C=C12,8.68502e-05
CN(C(=O)CN1CCC(NC(=O)C2CCCCC2)CC1)C1CCCCC1.Cl,0.8476845295
FC(F)Oc1cccc(C(c2nnnn2Cc2ccccc2)N2CCCN(C3CCC3)CC2)c1,1.114010162
CC1(COc2ccc(-c3ccc(F)nc3)nc2)Cn2cc([N+](=O)[O-])nc2O1,2.321323554
CC(C)(C)CN1CCCC1c1ccc(NC(=O)Nc2ccccc2N2CC(C)(C)c3c(-c4ccc(F)cc4)ccc(O)c32)cc1,0.938546355
CC[C@]12C=CC3=C4CCC(=O)C=C4CC[C@H]3[C@@H]1CC[C@]2(C#C)O,1.582631439
Cc1ccc2c(c1)CC(C(=O)Nc1ccc(-c3cn[nH]c3)cc1)CO2,1.531504463
Cc1occc1C(=O)N1CCC2(CCc3nnc(C(C)C)n3CC2)CC1,1.997248006
O=[N+]([O-])c1cn2c(n1)OC[C@H](OCc1ncccc1-c1ccc(OC(F)(F)F)cc1)C2,1.216590022
O=C(NCc1ccc(S(=O)(=O)c2ccccc2)cc1)c1cc2cnccc2[nH]1,1.859033917
O=S(=O)(c1ccc(C(F)(F)F)cc1)N1c2cc(I)ccc2-c2n[nH]cc2C1C1CC1,1.969362375
CC(C)(O)c1ccccc1-c1ccc2[nH]c(C3=NOC4(CCCCC4)C3)nc2c1,0.926492592
COC(=O)c1c(NCc2ccccc2C(F)(F)F)c2cccc(Cl)c2[nH]c1=O,1.750965423
CN1CCN(c2ccc(C3CC(c4ccc([N+](=O)[O-])o4)=NO3)cc2F)C(=O)C1,2.460296327
CNCC1CCCCC1(OC)c1cccc(OC)c1,2.201729674
CC1(C)Oc2cc(-c3cccc(OC(F)(F)F)c3)ccc2-c2[nH]c(-c3c(F)cccc3Cl)nc21,2.377546323
CC(C)CCNC(=O)N1Cc2c(sc3c2CCCC3)-n2cccc2C1c1ccccc1,0.654701031
CN(C)CC1(c2ccc(Cl)c(F)c2)CCCCC1,1.322219295
Cc1nc(C(C)O)sc1-c1csc(Nc2ccc(C(=O)N3C4CCC3CN(c3ncc(C(F)(F)F)cn3)C4)cn2)n1,1.966934831
CS(=O)(=O)N[C@H]1CC[C@H](n2cnc3cnc4[nH]ccc4c32)CC1,2.033423755
COc1cc(=O)n2c(c1C(=O)Nc1ccc(C(F)(F)F)cc1)CCCC2,1.5422341055
NC1(Cc2ccc(Cl)cc2)CCN(c2ncnc3[nH]ccc23)CC1,1.945545984
CS(=O)(=O)c1ccc(C[C@H](NC(=O)c2c(Cl)cc3c(c2Cl)CCN(C(=O)c2ccc(Cl)cc2)C3)C(=O)O)o1,2.396876445
CC(C)(C)c1nc2cc(S(=O)(=O)CCCC(F)(F)F)ccc2n1CC1CCOCC1,1.00761405
CCCn1ccc2cc(-c3ccc(OCc4cccnc4)cc3)cc(Cl)c2c1=O,1.227204795
Cn1c(Nc2ccc(Br)cc2F)c(C(=O)NOCCO)c2c1C(=O)CCC2,1.397974751
CN1CCC(NC(=O)c2ccc3c(C4CCCCC4)c(-c4ccccn4)n(C)c3c2)(C(=O)Nc2ccc(/C=C/C(=O)O)cc2)CC1,2.1703204
C[C@@H]1Cc2ccccc2N1C(=O)Cc1nc(N2CCOCC2)cc(=O)[nH]1,1.215528411
CNc1nc(NCCCN(C)C)c2sc(-c3cccc(OC(F)(F)F)c3)cc2n1,2.36169007
COc1cc(F)ccc1-c1cccc(Cn2ccc3ccc(NC(=O)C(C)(C)C)cc32)c1,1.489709364
CCN(CC)C(=O)[C@@H]1C[C@@H](NC(=O)Cn2ccc3ccccc32)CN1C,1.5965724335
Cc1ccc(CN2CCC=C(CCC(=O)O)C2=O)cc1,2.449866379
O=S(=O)(c1ccccc1)n1ccc2ncccc21,1.235073462
O=C(Cc1nc(N2CCOCC2)cc(=O)[nH]1)N1CCc2c(F)cccc21,0.92155611
COc1cccc(C2SC(c3ccc(Cl)cc3)=NN2C(=O)c2c(F)cc(F)cc2F)c1OC,1.765674114
CCc1nc(Cl)c2c3c(sc2n1)CC(C)CC3,0.715678732
O=S1(=Nc2cccnc2)CCCCC1,0.9029814
Cc1ccc(S(=O)(=O)N2OC(c3ccc(Cl)cc3)(c3ccc(Cl)cc3)C=C2c2ccccc2)cc1,1.7665780165
CC1=CC(=O)N(Nc2nc(-c3ccco3)nc3sc(C)c(C)c23)C1=O,0.973194828
CN1C(=NN=N1)SC2=NC=NC3=C2C(=CS3)C4=CC=CC=C4,1.515256251
CC1=CC(=CC(=C1)NC(=O)NC2=CC=CS2)C,0.550228353
O=C(N[C@H](Cc1c[nH]c2ccccc12)C(=O)Nc1ccncc1)c1ccc(N2CCN(c3ccc(F)c(Cl)c3)CC2)cc1F,0.77815125
CC(C)(CC(=O)N[C@H]1C2CC3CC1C[C@](C(N)=O)(C3)C2)NS(=O)(=O)c1cccc(Cl)c1,3.315766141
CN(C)CCNC(=O)c1cn2cc(-c3cnc(N)nc3)nc(N3CCOCC3)c2n1,1.994238833
COc1cc(N2CCN(C3CCN(c4ccc(F)c5c(OC)cc(C(F)(F)F)nc45)CC3)CC2)c2ncccc2c1,1.176091259
CCOc1cc(/C=N/n2cnnc2)ccc1OCCOCCOc1ccc(C)cc1,1.393985439
Cc1nn(CCO)c(C)c1Cc1cc(Cl)cc(Cl)c1,1.591064607
COC(=O)C1=C(\N2CCOCC2)CCCC/C=C\1C(=O)OC,1.64594652
CCC(O)(c1ccccc1)c1cc(Cl)ccc1N,1.648958322
CCN(C(=O)NCC(=O)Nc1ccc(-c2ccc(CC(=O)O)cc2)cc1Cl)c1ccc(C(C)(C)C)cc1Cl,1.36169007
CC(=O)O[C@H]1C[C@H]2[C@@H]([C@H](OC(C)=O)C[C@@H]3CC4(CC[C@@]32C)OOC2(CCC(C)CC2)OO4)[C@@H]2CC[C@H]([C@H](C)CCC(=O)NCCN(C)C)[C@@]12C,1.851215268
COc1cccc2c1CC(c1nc3ccc(-c4cn[nH]c4)cc3c(=O)[nH]1)CO2,1.707570176
O=c1n(-c2ccccn2)nc(-c2ccnc(NC3CCOCC3)c2)n1-c1ccc2ccccc2c1,1.595614978
CCCc1cc(-c2nc(Cc3nn4c(C(C)C)nnc4s3)cs2)ccn1,3.315766141
CN1CCN(CCNc2nc(Nc3ccc(F)c(Cl)c3)nc3ccccc23)CC1.Cl.Cl,2.40654018
O=C(NCCCCCOCCOCCOCC(F)(F)F)NC12CC3CC(CC(C3)C1)C2,1.645106323
Cc1cc(-c2ccc(OC(C)C(=O)Nc3ccc(-c4cnccn4)cn3)cc2)ccn1,1.612762671
Cc1cc(Cl)cc(C(=O)NCCC2=NOC(CS(C)(=O)=O)C2)c1NC(=O)c1cc(Br)nn1-c1ncccc1Cl,1.298351967
Cc1nc2c(Cl)cccc2n1-c1cc(Oc2cc(F)cc(S(C)(=O)=O)c2)ccc1Cl,1.477121255
Cc1ccc2nc3c(cc(C(=O)NCCCn4ccnc4)n3C)c(=O)n2c1,1.8611212125
CC1CN(c2nc(SCCc3ccc(N)cc3)c(C#N)c3c2COC(C)(C)C3)CC(C)O1,2.180534292
CCC(C)c1ccccc1OCCn1cnc2ccccc21.Cl,0.4406663945
COc1ccc(Cc2nc3c4c(ncn3n2)OC(C)=C(C(C)=O)C4c2ccccc2)cc1OC,1.149024469
OC(CNc1ncnc2nc[nH]c12)c1ccc2ccccc2c1,1.940607765
COc1ccc2c(c1)CCCN2c1nc(Cl)nc2ccccc12,1.02489596
O=C1Nc2ccccc2/C1=C\c1ccc2c(/C=C/c3ccncc3)n[nH]c2c1,1.462368046
CCCNC(=O)C1CCN(C(=O)c2cc3sccc3n2Cc2ccc(OC)cc2)CC1,1.0253878
CCOP(=O)(Cc1ccc(-c2ccccc2OC)cn1)OCC,1.805717442
Cc1ccc(C2(c3ccccc3)C=C(c3ccccc3)N(S(=O)(=O)c3ccc(C)cc3)O2)cc1,0.6055772545
CN1CCN(C(=O)c2nc3ccc(Cl)cc3[nH]2)CC1,2.00008685
O=C(NCc1cncc(F)c1)Nc1ccc(S(=O)(=O)N2CCCCC2)cc1,1.683688244
O=c1[nH]ncc(Nc2ccc3[nH]ncc3c2)c1Br,1.5579653735
COC(=O)N[C@H](C(=O)N1CCC[C@H]1c1nc(Br)c(-c2ccc(-c3ccc(-c4[nH]c([C@@H]5CCCN5C(=O)[C@@H](NC(=O)OC)C(C)C)nc4Br)cc3)cc2)[nH]1)C(C)C,1.828144107
O=C(O)c1ccc2c(C3CCCCC3)c(-c3ccoc3)n(CC(=O)N3CCOCC3)c2c1,2.477121255
COc1ccc2[nH]c(SCc3ccc(C)cc3)nc2c1,0.785472203
CNCC1(c2ccc(F)c(Cl)c2)CCCCC1,2.477121255
CCOc1cc(O[C@@H]2C[C@H]3C(=O)N[C@]4(C(=O)NS(=O)(=O)C5CC5)C[C@H]4/C=C\CCCCC[C@H](NC(=O)OC(C)(C)C)C(=O)N3C2)c2ccc(OC)c(C)c2n1,1.34246216
CCN1CCN(c2nc(-c3ccc(C)cc3)cc3cc(C)ccc23)CC1.Cl,1.227816799
CCN(CC)CCN(C)Cc1cccc2ccccc12,1.254803058
Cc1ccc(-c2nccn3cc(C(=O)N(C)Cc4cn(C)nc4C)nc23)cc1,1.1849944655
CC1(C)Cc2nc(N3CCCC3)c(C#N)cc2CO1,1.391318764
COc1ccc(CCN2C(=O)N(NS(=O)(=O)Cc3cccnc3)C[C@@H]2c2ccc(OC)cc2)cc1,0.477121255
CN1C/C=C/CCOc2cccc(c2)-c2ccnc(n2)Nc2cc(cc(NC(=O)C(F)(F)F)c2)C1,1.322219295
O=c1cc(-c2ccccc2)[nH]c2nc(CCc3ccccc3)nn12,2.2406695065
CC(C)(C)C(=O)Nc1ccc2ncn(Cc3cccc(-c4cccc5c4OCO5)c3)c2c1,1.296830995
Oc1c(-c2nc(-c3cccs3)no2)cnc2ccccc12,0.6841817105000001
O=C(COc1ccc2[nH]c(=O)c(-c3ccco3)c(CCc3ccccc3)c2c1)NCc1ccccc1,0.256761023
CC(=O)N1CCC(C(=O)N2CCC(N3CCN(C(=O)c4cc(-c5ccccc5)nc(-c5ccc6c(ccn6C)c5)c4)CC3)CC2)CC1,1.806012767
CC(C)N/C(=N\C1=NCCN1C(C)C)Nc1ccc(Cl)c(Cl)c1,1.705007959
Cc1ccc(-c2ccc(-n3nc(C)c(S(=O)(=O)Nc4ccc5c(c4)OCCO5)c3C)nn2)cc1,1.4040584345
CC(C)(C)OC(=O)N1CCC(CC(=O)Nc2nc3ccccc3o2)CC1,2.047664915
Cc1c(Cl)cccc1Oc1cccn2c(C34CC5CC(CC(O)(C5)C3)C4)nnc12,1.271377012
O=c1[nH]nc2c3c(nc(-c4ccncc4)n12)CCCC3,1.963537653
COC1=C(C=C(C=C1)CC(=O)NC2=C(OC3=CC=CC=C32)C(=O)N4CCN(CC4)C5=CC=CC=C5F)OC,0.720985744
CC(Cc1ccc([Si](C)(C)C)cc1)CN1CC[Si](C)(C)CC1,1.409632769
C1CCN(CC1)C2=NC(=NC3=C2N=C(N=C3N4CCCCC4)N(CCO)CCO)N(CCO)CCO,1.037824751
C(=C/c1ccccc1)\CNCCCN1CCOCC1.Cl.Cl,2.087335854
NC(=O)c1c(-c2ccc(Cl)cc2Cl)csc1NC(=O)CC1(CC(=O)O)CCCC1,1.5737760265
c1ccc(C(Nc2ccc3nccnc3n2)c2ccccc2)cc1,0.9254296425
COc1ccccc1NC(=O)Cn1c(=O)c2ccccc2n2nnc(-c3ccccc3)c12,2.0621147195
CC1=CC(C)(C)Oc2cc(C)c(C(=O)N=C(N)N)cc21,1.764536917
COC(=O)N(NC(=O)c1c(CN2CCN(C(C)(C)C)CC2)c(-c2ccccc2)nc2c(F)cccc12)c1ccccc1,0.540413722
COC1=CC2=C(C=C1)C(=C(N2CC3=C(C=C(C=C3)F)Cl)C(=O)O)CNCCC4=CC=CC=C4OC,0.252853031
c1cn2ccnc2c(-c2ccc(N3CCCC3)nc2)n1,1.146065989
c1ccc(/C(Cc2ccn[nH]2)=N\N=C(/Cc2ccn[nH]2)c2ccccc2)cc1,1.512500777
COc1cc(C(=O)c2csc(-c3ccccc3)n2)cc(OC)c1OCCN,2.041313715
CCCn1c(=O)c2c(nc3n2C(C)C(C)=NN3CCCO)n(C)c1=O,0.949935012
Cc1nc(C(C)(C)C)nc(N2CCC(n3cncn3)CC2)c1C,1.596303255
CC1=CC(=NN1C2=NC(=C3C4=C(CCCC4)SC3=N2)NCCCO)C,0.886287259
Cc1c(Cl)cccc1Oc1cccn2c(CC3CC4CCC3C4)nnc12,1.038134997
CCCS(=O)(=O)N1CC=C(c2ccc3c(c2)CC(C2CCN(c4ccc(C(F)(F)F)cn4)CC2)O3)CC1,0.962865519
Cc1ccccc1Nc1nc(N)nc(-c2oc3ccccc3c2C)n1,2.1115602625000003
CS(=O)(=O)c1ccc(-c2cnc(N)c(-c3ccc(C(F)(F)F)c(F)c3)c2)cc1,2.089905111
COc1ccc2[nH]c(SCc3ccc(I)cc3)nc2c1,1.932879458
O=[N+]([O-])c1ccc(C2=NOC(c3ccc(N4CCOCC4)cc3)C2)o1,2.223755454
Cc1nc2c(C(F)(F)F)cccc2n1-c1cccc(Oc2cccc(S(C)(=O)=O)c2)c1,1.477121255
CN(C)c1nc(N)nc(CNc2nccc(C3CCCC3)n2)n1,0.69969737
O=C(O)CCc1nc2cc(-c3ccsc3)ccc2[nH]1,2.22897898
Cc1ccc(N2C(=O)c3[nH]nc(C)c3C2c2ccc(F)cc2)cc1,3.315766141
O=C(N[C@@H](CC1CCCCC1)C(=O)N[C@@H](C[C@@H]1CCNC1=O)C(O)S(=O)(=O)[O-])OCc1cccc(Cl)c1.[Na+],1.829264786
O=C(O)c1ccc2c(C3CCCCC3)c(-c3ccccc3)n(CC(=O)N3CCC(N4CCCC4)CC3)c2c1,2.045322979
CCc1nc2cc(Cl)ccn2c1C(=O)NCc1ccc(N2CCN(C(C)C)CC2)cc1,2.079181246
CC(C)C[C@H](NS(C)(=O)=O)C(=O)N[C@@H]1CC[C@H]2CN(Cc3cccc(C(F)(F)F)c3)C[C@H]21,1.158402539
COc1nc(NCCc2c[nH]c3ccccc23)nc(Nc2ccc3[nH]ncc3c2)n1,1.1501246685000002
Cc1ccc(-c2c(C)c(C(=O)Nc3cccc(C)n3)nn2C)cc1,2.07195561
CCN1CCN(C2(CNc3oc(-c4ccc(Br)o4)nc3C#N)CCCCC2)CC1,1.5189824239999998
O=C1CN(S(=O)(=O)c2ccc(Cl)c(Cl)c2)CCN1c1ncccc1C(F)(F)F,1.477121255
O=[N+]([O-])c1cn2c(n1)OC(COc1ccc(-c3ccc(OC(F)(F)F)cc3)nc1)CC2,1.816286247
Cc1cc(C)n(-c2nncn2/N=C/c2cccc3ccccc23)n1,1.6630561155
CCC(C)(C)c1nn(CCC(C)C)c(=O)c(C2=NS(=O)(=O)c3cc(NS(C)(=O)=O)ccc3N2)c1O,0.77815125
Cc1cc(C(=O)Nc2nnc(Cc3cccs3)o2)n(C)n1,1.6928970815
CC(C)c1ccc(-c2nnc(N3CCN(C(=O)c4ccccc4)C[C@H]3C)c3ccccc23)cc1,1.595614978
C=CC(=O)NCc1coc(-c2c(N)ncnc2Nc2ccc(OCc3cccc(F)c3)c(Cl)c2)n1,1.653212514
CC(C)CCc1cc(N2CCN(C)CC2)nc(N)n1,1.785472203
CC(C)C1CN(C(=O)C(=O)c2c[nH]c3cccc(F)c23)CCN1C(=O)c1ccccc1,1.176150154
CNC1(c2ccc(N3CCc4c(C(N)=O)nn(-c5ccc(OC)cc5)c4C3=O)cc2)CC1.O=C(O)C(F)(F)F,2.164293359
Cc1ccc(NC(=O)C2CCCCC2C)cc1CN1CCOCC1,1.332258026
CC1(C)C2=CC[C@H]3C4=CC=C(c5cccnc5)[C@@]4(C)CC[C@@H]3[C@@]2(C)CCC1O,8.68502e-05
CC1(C)CC=C(c2cc(C3CNC(=NC#N)NC3)ccc2NC(=O)c2nc(C#N)c[nH]2)CC1,1.734181218
CCC(c1ccccn1)n1cc(-c2nn(C)c3cccc(Cl)c23)nn1,1.9789791795
CN(Cc1ccc(F)cc1)c1cc(C(=O)Nc2nncs2)ncn1,1.715368522
O=S(=O)(c1ccc(NC(=S)NCc2cccnc2)cc1)N1CCCCC1,1.609674042
Cl.c1ccc(N(Cc2ccc3ccccc3c2)C2CNC2)cc1,1.820035145
O=c1[nH]c2cc(-c3ccc4ccccc4c3)ccc2c2[nH]c(-c3ccccc3Cl)nc12,1.922687859
O=C1CCc2cc(-c3cccnc3)cc3c2N1CC3,0.954242509
Cc1cc(C)c2n/c(=N\c3nc(=O)c(C)c(C)[nH]3)[nH]c(C)c2c1,1.230822532
CC(C)c1noc(CCCn2ccc(-c3ccc(C#N)cc3)n2)n1,1.293432646
COC1=CC=CC=C1C2=NN=C(N2CC=C)SCC(=O)C3=CC(=C(C=C3)O)O,1.6431073765000002
Cc1cccc(Nc2sc(-c3ccc(C(F)(F)F)cc3)cc2C(N)=O)n1,1.785472203
CC(C)(C)c1cc(NC(=O)[C@@H]2CCCCN2Cc2ccc(Cl)cc2)no1,0.954242509
Oc1ccc(O)c(-c2cn3ccsc3n2)c1,0.77083729
Cc1c(CN2C[C@H]3CC[C@@H](C2)NC3)oc2ccccc12,2.6809176765
COc1ccc(-n2c3c(c4nc(OC)ccc42)CCC3)cc1,0.870633334
O=C(c1ccc2c(c1)N(Cc1ccc(Cl)cc1)C(=O)c1ccccc1S2=O)N1CCN(c2ccccn2)CC1,0.927874533
Cn1nnc(-c2ccc(F)c3c(C(=O)C(=O)N4CCN(C(=O)c5ccccc5)CC4)c[nH]c23)n1,1.079181246
CC(=O)N1CCC(C(=O)N(CCCN2CCC(Nc3ccc(F)cc3)CC2)c2ccc(Cl)c(Cl)c2)CC1,1.589582855
CC(C)n1c(CNC(=O)c2cc(-c3ccco3)n[nH]2)nc2ccccc21,1.9332881115
CC(C)n1/c(=N/C(=O)c2ccccc2Br)c(C#N)cc2c(=O)n3ccccc3cc21,1.088871364
N#CC1(n2cc([C@@H](NC(=O)N3CCOCC3)C3CCCCC3)nn2)CC1,1.838849091
Cc1c2c(n3c1CCCN1CC[C@H](CNc4cc-3ccc4C(N)=O)C1)CC(C)(C)CC2=O,1.36169007
C1CN(CCN1CCCCN2C(=O)C3=CC=CC=C3S2(=O)=O)C4=NC=CC=N4,1.388988785
O=c1[nH]c2cc(-c3cccs3)ccc2c2[nH]c(-c3ccccc3Cl)nc12,2.076516327
COc1cc2c(cc1Nc1ncc(Cl)c(Nc3ccccc3S(=O)(=O)C(C)C)n1)CNCCO2,0.955731027
O=C(Nc1ccc(-c2cn[nH]c2)cc1)NC(CCO)c1ccccc1,2.079181246
CCOC(=O)c1c(NC(=O)c2cc(OC)c(OC)c(OC)c2)sc(C)c1-c1ccc(OC)c(OC)c1,0.5973898745
COc1ccc(-c2ccc(Cl)c(C(=O)NCC3(O)CCCCCC3)c2)nn1,1.886377907
O=C(Cc1ccc(Cl)c(Cl)c1)Nc1ccc(S(=O)(=O)Nc2ccon2)cc1,2.51851394
COC(=O)c1ncn2c1[C@@H]1CCCN1C(=O)c1cc(OC)ccc1-2,2.703111863
CC(=O)Nc1nc2ccc(Oc3ccc(F)c(NC(=O)c4cccc(C5(C#N)CC5)c4Cl)c3)nc2s1,2.23503294
N#Cc1c(-c2ccc(-c3no[n+]([O-])c3C#N)s2)no[n+]1[O-],1.074095697
CS(=O)(=O)c1ccc(-n2cc(Cl)c(OC3CCN(c4ncc(Cl)cn4)CC3)cc2=O)cc1F,1.591064607
CCCNC(=O)Cn1c(-c2cccc(Cl)c2)nc2ccc(OCCCN3CCCCC3)cc2c1=O,1.439986773
Cc1cccc(Nc2sc(-c3ccc(F)cc3)cc2C(N)=O)n1,1.591064607
O=C(NC[C@H]1CC[C@@H](CCOc2ccccc2)CC1)c1cc(F)c(O)c(F)c1,1.397974751
O=C1COc2ccc(NC(=O)C3CCN(c4cc(F)cc(F)c4)CC3)cc2N1,1.912328358
COCCOc1cc(=O)n2c(c1C(=O)NC1CCCCC1)CCOCC2,1.670723218
O=c1[nH]c2cc(CCc3ccccc3)ccc2c2[nH]c(-c3ccccc3Cl)nc12,0.810242493
O=C(Nc1ccc(OCCCN2CCOCC2)cc1)NC12CC3CC(CC(C3)C1)C2,2.758215442
CC(C)n1c(=O)ccc2cnc(Nc3ccc(N4CCN(C)CC4)cc3)nc21,2.0443799345
COc1ccc(-n2nc3c4cnc(OC)cc4[nH]cc-3c2=O)cc1,2.723936477
CCCCC(CC)OC(=O)CCCNC(=O)NC12CC3CC(CC(C3)C1)C2,1.111272488
Cc1ncn(CCS(=O)(=O)c2ccc(C(C)(C)C)cc2)c(=O)c1C,2.0036475950000003
COC(=O)C(OC(C)(C)C)c1cc2c(nc1C)C(=O)NCC2,1.9732269915
Cc1nc2c(Cl)cccc2n1-c1cccc(Oc2cccc(S(C)(=O)=O)c2)c1,1.477121255
CC(C)CCn1nc(CC2=CCCC2)c(O)c(C2=NS(=O)(=O)c3cc(NS(C)(=O)=O)ccc3N2)c1=O,0.954242509
CC(=O)Nc1ccccc1C(c1ccc(C)o1)c1ccc(C)o1,1.2792372025
CCC1(CCCCN2CCN(c3cccc(Cl)c3)CC2)C(=O)Nc2cc(F)c(Cl)cc21,1.72881915
O=C(NC1CCN(Cc2ccc(Cl)c(Cl)c2)CC1)c1cc2ccc3ccccc3c2o1,3.315766141
C[C@@H]1CCN(Cc2cccc(F)c2F)C[C@@H]1N(C)c1ncnc2[nH]ccc12,1.278799314
Cc1ccc(OCCN2CCOCC2)c(NC(=O)c2cc3cc(C)ccc3n2C)c1,0.989948228
COC(=O)c1ccc(CCC(C)NCC(O)c2cccc(Cl)c2)o1,0.8414006225
CCN(CC)CCC/N=C(/Nc1c2ccc(Cl)cc2nc2ccc(OC)nc12)C(C)C,1.300986564
COc1cc(C(=O)NCCN(C)C)ccc1-c1cc2c(N[C@H](C)c3ccccc3)ncnc2s1,2.355987592
CCOC(=O)c1ccc(NC2CCCCC2)c(N)c1,0.838849091
O=C(N[C@@H](Cc1c[nH]c2ccccc12)C(=O)Nc1ccncc1)c1ccccc1,0.602081706
O=C(CCc1cnnn1-c1cccc(Cl)c1)c1ccccc1,1.5024178
CC(C)(C)c1ccc(/C=C/c2nc3cc(-c4ccccc4NS(C)(=O)=O)ccc3[nH]2)cc1,0.459178788
COc1cc2c(N3CCN(C(=O)Nc4ccc(C#N)cc4)CC3)ncnc2cc1OCCN1CCC2(CC1)OCCO2,1.602081706
Cc1noc(-c2ccc3c(c2)c2c(n3CCCc3nc4cc(F)ccc4[nH]3)CCCC2)n1,0.9029814
O=C(NCCc1nc(-c2ccc(F)cc2F)cs1)N1CCCCC1,0.6742952680000001
Cc1ccsc1-c1cccnc1,1.505122834
C1CNCCC1(C2=CC=C(C=C2)Cl)O,2.079181246
O=C(NCc1ccc(-n2ccnc2)nc1)Nc1ccc(S(=O)(=O)c2ccccc2)cc1,1.900699678
C[C@@H]1CN(c2ccc(F)cc2C(F)(F)F)CCN1S(=O)(=O)c1cccc([C@](O)(C(N)=O)C(F)(F)F)c1,0.300986564
N#Cc1ccccc1N1CCN(C2CCC(C(=O)Nc3cccc(Cl)c3Cl)C2)CC1,1.1003496030000002
CN(C(=O)CN(c1ccc(Cl)c(Cl)c1)S(=O)(=O)c1ccccc1)C(CN1CCCC1)c1ccc(-c2cccnc2)cc1,1.0579676295
CC(C)(C)C1CCC(CC1)CC2=C(C3=CC=CC=C3C(=O)C2=O)O,2.079181246
CCOC(=O)[C@H](CCC1=CC=CC=C1)N[C@H]2CS[C@@H](CN(C2=O)CC(=O)O)C3=CC=CS3.Cl,0.815577748
Nc1nn(Cc2ccc(F)cc2Cl)cc1Cl,2.854812605
CCC(CC)(CC)NC(=O)C1CCN(S(=O)(=O)CC)CC1,1.0391452545000002
CC(C)OCCCN(C)C1CCN(S(=O)(=O)c2ccc3[nH]c(=O)ccc3c2)CC1,2.645634733
CCC1C(=O)N(C)c2cnc(-c3cn[nH]c3-c3ccccn3)nc2N1c1cnn(C)c1,2.211302473
CC(=O)N1CCC(NC(=O)c2cc3cc(Cl)ccc3[nH]2)C(NC(=O)c2nc3c(s2)CN(C)CC3)C1,0.815577748
CCN1CCN(C(c2ccc(Cl)cc2)c2ccc(Cl)cc2)CC1,1.477121255
C1=CC=C(C=C1)NS(=O)(=O)C2=CC=CC(=C2)C=CC(=O)NO,2.079181246
Cc1nnc(-c2ccc(F)c3c(C(=O)C(=O)N4CCN(C(=O)c5ccccc5)CC4)c[nH]c23)[nH]1,1.397974751
COC(=O)c1cc(C)sc1NC(=O)C1CC(=O)NN1C,3.315766141
N#C[C@@H]1CCCN1C(=O)c1cccc2c1C(=O)N(Cc1ccccc1)C2,2.045322979
N[C@H]1CC[C@H](Nc2ccc3ncc(-c4ccc(Nc5ncc(Cl)cc5F)cc4)n3n2)CC1,2.025638415
COc1ccc2ccccc2c1-c1cc(CN)on1.Cl,1.3279564845
COC1=CC=C(C=C1)C(=O)N2CCCC2=O,2.079181246
COc1ccc(-c2ccc(Oc3cccc4c3CCCC4)c(NC(=O)Nc3ccccc3F)c2)cc1C(=O)O,2.130764868
COC(=O)CC(c1cnn(C(C)C)c1)c1c(O)cc(C)n(CCc2c[nH]cn2)c1=O,2.7804743575
CCCC1=NN(C2=C1N=C(NC2=O)C3=C(C=CC(=C3)S(=O)(=O)N4CCN(CC4)C)OCC)C,1.270911639
O=C1COc2c(Cl)cc(Cl)cc2N1Cc1nnc(C2CCc3ccccc3C2)n1CCC(F)(F)F,0.841443718
CCc1ccc(-c2cn(Cc3ncc[nH]3)nn2)nc1,1.5539092925
C1COCCN(CCOCCOCCN1CC2=CC=C(C=C2)[N+](=O)[O-])CC3=CC=C(C=C3)[N+](=O)[O-],0.857322973
COc1ccc(CN2C(=O)N[C@@H](CC(=O)Nc3nc(C(C)(C)C)cs3)C2=O)cc1OC,0.8226975765
Nc1ncccc1-c1nc2cccnc2n1-c1ccc(CC(=O)Nc2ccccc2)cc1,1.677588705
COc1cc2c(=O)n(Cc3ccccc3C#N)c(N3CCC[C@@H](N)C3)nc2cc1F,2.133602771
C[C@H](c1ccc(F)cc1)N1C(=O)O[C@](Cc2ccccc2)(c2nc3c(C(F)(F)F)cccc3[nH]2)C1=O,1.900699678
CC1(C)CN(c2ccccc2NC(=O)Nc2ccc(OC(F)(F)F)cc2)c2c(O)cc(F)c(-c3ccc(Cl)s3)c21,1.91975519
COc1ccc(/C=C/c2nc(-c3cccnc3)no2)cc1OC,1.3882087405
O=C(c1cccc2ccccc12)N(CCc1ccc(Cl)cc1)[C@H]1CC[C@H](O)CC1,1.300986564
O=[N+]([O-])c1cn2c(n1)OC[C@@H](OCc1ccc(-c3ccc(C(F)(F)F)nc3)s1)C2,2.408072758
Oc1cccc(-c2ncc(-c3ccccc3O)o2)c1,0.7786692055
CCc1nc2cc(-c3ccc(OC)nc3)cnc2[nH]1,1.793595009
CN1CCN(c2cc3c(cc2F)c(=O)c(-c2nnc(Cc4ccccc4)o2)cn3Cc2ccc(Cl)cc2)CC1,1.412302484
COC1=NC(=NC(=C1)NS(=O)(=O)C2=CC=C(C=C2)N)OC,2.079181246
FC(F)(F)c1ccccc1-c1ccc2[nH]c(/C=C/C3CCOCC3)nc2c1,1.980064192
N#Cc1ccnc(-n2cnc(Br)n2)c1,1.722472463
CN(C)CCc1ccc(Nc2ncc3c(=O)c(C(N)=O)cn(-c4ccc5c(c4)CCC5)c3n2)cc1,1.734181218
CC=CC=CC(=O)N1CCN(C(C)C(N)=O)CC1,1.95493195
O=C(Cc1nc(N2CCOCC2)cc(=O)[nH]1)N1CCc2c(OC(F)(F)F)cccc21,1.276177636
CCOC(=O)C1=C(N=C(S1)NC(=O)C2=C(C(=NN(C2=O)C)C3=CC=CC=C3)C4=CC=CC=C4)C,2.079181246
C1=CC=C(C(=C1)N=C2NC(=O)/C(=C/C3=CC=C(C=C3)C(=O)O)/S2)F,1.718999638
CCCN1CCN(C(=O)c2ccc3[nH]c(=O)c4c(c3c2)CCSC4)CC1,1.620136055
CC(C)n1ncc2c(=O)n(Cc3ncc(Cl)cc3Cl)cnc21,1.0473104525
CC(C)COc1cc(=O)n2c(c1C(=O)NCCCn1cccn1)CCCCC2,1.5732018275
CCC(=C(C1=CC=C(C=C1)OCCN2CCCC2)C3=CC=C(C=C3)OCCN4CCCC4)C5=CC=CC=C5,2.079181246
Cc1cccc(NC(=O)Nc2ccc(Nc3ccc(-n4cccn4)nn3)cc2)c1,1.2564207385
N#Cc1ccc(N=S2(=O)CCCCC2)cc1,2.114010162
Cc1nn(-c2ccccc2)cc1CN1CCC2(CC1)OCc1ccccc12,1.213130022
CCC(C)(C)C(=O)Nc1cc(CN2CCOCC2)c(C)cn1,1.66833238
CN1CCN(c2cc3c(cc2F)c(=O)c(-c2noc(Cc4ccccc4)n2)cn3Cc2ccc(Cl)cc2)CC1,1.412302484
O=C(Nc1ccc(-c2cn[nH]c2)cc1)C1COc2ccccc2O1,1.300986564
N#Cc1cc(F)ccc1S(=O)(=O)N1CCCO1,2.492298865
Cn1ccc2cc(C(c3nnnn3Cc3ccccc3)N3CCCN(C4CCC4)CC3)ccc21,0.954242509
CC(=O)NCCS(=O)(=O)NC(=O)c1ccc(Nc2nc(NC3(c4ccc(Cl)cc4)CC3)nc(OCC(F)(F)F)n2)cc1,2.130764868
Clc1ccc2c(NCCNCc3ccc(-c4ccccc4)s3)ccnc2c1,1.431363764
C=CC1=C(N2[C@@H]([C@@H](C2=O)NC(=O)/C(=N\OCC(=O)O)/C3=CSC(=N3)N)SC1)C(=O)O,2.079181246
O=C(Cc1nc(N2CCOCC2)cc(=O)[nH]1)N1CCc2c1cccc2C(F)(F)F,0.987396073
O=C(Nc1ccc2[nH]ncc2c1)c1csc2ccccc12,1.906976102
Cc1c(Nc2ccc(I)cc2F)c2c(=O)n(C[C@@H](O)CO)cnc2n(C)c1=O,2.068185862
Cc1ccc(S(=O)(=O)Nc2ccc(Oc3ccccc3)cc2C(=O)O)cc1,1.041313715
O=C(NCc1ccc(S(=O)(=O)c2cc(F)cc(F)c2)cc1)c1cc2ccncc2o1,1.900699678
CCNC(=O)O[C@H]1CC[C@](CNC2=NS(=O)(=O)c3cccc(OC)c32)(c2ccccc2)CC1,0.248424061
Cc1ccc2[nH]c3nc(N/N=C/c4cc5c(cc4Cl)OCO5)nnc3c2c1,1.724690363
CC(C)(CO)C(=O)Nc1ccc2ccn(Cc3cccc(-c4cccc5c4OCO5)n3)c2c1,1.638486293
Nc1ncnc2c1nc(Sc1cc3c(cc1Br)OCC3)n2CCC1CCN(C=O)CC1,0.966382454
NCCO[C@H]1C[C@@H](O)C12CCN(CC(c1ccccc1)c1ccccc1)CC2,1.636188549
CN(C)C1CCN(c2cccc3c2CCN(C(=O)/C=C/c2c(-n4cnnn4)ccc(Cl)c2F)[C@@H]3C(=O)Nc2ccc(C(=O)O)cc2)CC1,1.954242509
COc1ccc(N2CCN(CCC(OC(N)=O)c3ccccc3)CC2)cc1,2.093491727
CC(C)(C)CCN1C(=O)C(C2=NS(=O)(=O)c3cc(NS(C)(=O)=O)ccc3N2)=C(O)C2CCCC21,0.845222106
O=C1CCC2(C(=O)N3CCN(c4ncccn4)CC3)CCCC=C2N1C1CCCC1,0.8655180565
CCC1(C(=O)O)CCCN(C(=O)Cc2nc(C)n[nH]2)C1,3.315766141
CC(C)(C)NC(=O)Nc1ccc(C(F)(F)F)cc1,2.114010162
Cc1ccc2cc3c(nc2c1)OCCN(C1CCCC1)C3,0.8625628415
O=C1Nc2cc3ccc(OCc4ccccc4)cc3c3cccc1c23,1.486067122
CCOC(=O)C1(C)CN(c2ccccc2NC(=O)Nc2nc3ccc(Cl)nc3s2)c2c(O)ccc(Cl)c21,0.962865519
NC(=O)c1nn(-c2ccc(F)cc2)c2c1CCc1ccc(NC(=O)c3cc(N4CCN(Cc5cnn(CC(=O)O)c5)CC4)ncc3Cl)cc1-2,2.079181246
CC1(NC(=O)c2ccc3cc[nH]c3n2)CC=CCC1,1.1793334445
CCc1ccccc1NC(=O)CN(C)C(=O)C1CCN(c2cnn(Cc3ccccc3)c(=O)c2)C1,1.038478883
CC(C)(C)OC1=CC=C(C=C1)OCC2CC3=CC=CC=C3CN2C(=O)C4=CC=CC5=CC=CC=C54,0.715167358
CCS(=O)(=O)CCCn1c(Cn2c(=O)n(CC(F)(F)F)c3ccncc32)nc2ccccc21,1.556302501
CNc1nc(NCCCN(C)C)c2sc(-c3ccc(OC(F)(F)F)cc3)cc2n1,2.397974751
C[C@H](c1ccc(F)cc1)N1C(=O)O[C@](Cc2ccccc2)(c2nc3cc(N4CCOCC4)ccc3[nH]2)C1=O,1.994238833
Cc1ccc(CO)cc1NS(=O)(=O)c1ccc(-c2ccc(Br)cc2)cc1,0.954242509
Cc1nc2ccccc2n1-c1ccc(C(=O)N(C)[C@@H]2CCN(C3CCC3)C2)cc1,1.176091259
CC1Cc2cc(-c3ccc(C#N)c(O)n3)ccc2O1,1.792270305
Cn1c(=O)cc(N2CCC[C@@H](N)C2)n(Cc2ccccc2Br)c1=O,2.300986564
CCN1CCc2nc(C(=O)Nc3cc(C(=O)O)ccc3CNC(=O)c3ccc(Cl)s3)sc2C1,2.834228116
O=C(O[C@H]1C[N+]2(CCCc3cccs3)CCC1CC2)N(Cc1ccsc1)c1ccccc1.[Br-],1.124641826
O=C(NCc1ccc(S(=O)(=O)c2cc(F)cc(F)c2)cc1)c1cc2cnccc2[nH]1,2.020293558
C1=CC=C2C(=C1)N=C(N2CC3=CC=C(C=C3)F)N,2.079181246
COc1ccc(-c2coc3c(O)c(OC)ccc3c2=O)cc1,2.0117021755
O=C(N[C@@H](Cc1c[nH]c2ccccc12)C(=O)Nc1ccncc1)c1ccc(F)cc1F,1.397974751
C#Cc1ccc(Nc2c(C(=O)NOCCO)c3c(n2C)C(=O)CCC3)c(F)c1,1.531504463
Clc1cccc(N2CCN(c3nc4cc(Nc5ccnc6cc(Cl)ccc56)ccc4o3)CC2)c1,1.308644046
COC(=O)Nc1ccc2c(c1)NC(=O)CC/C=C/C[C@H](NC(=O)/C=C/c1cc(Cl)ccc1-n1cnnn1)c1nc-2c(Cl)[nH]1,1.763442969
COc1cc2nc(Nc3ccc(F)cc3)nc(NCC3CCCO3)c2cc1OC,1.80631567
O=C(NCc1cccnc1)c1c(OCC2CC2)cc(=O)n2c1CCOCC2,2.111143605
COC(=O)N1CC2Cc3[nH]ncc3C(C1)N2S(=O)(=O)c1ccc(Cl)cc1,2.047664915
C[C@]12CC[C@H](O)CC1=CC[C@@H]1[C@@H]2CC[C@]2(C)C(c3cccnc3)=CC[C@@H]12,8.68502e-05
NC(=O)c1cncc(OCc2cccc(NC(=O)c3ccncc3)c2)c1,2.610660163
CN(CCc1ccccc1)c1ncc(-c2ncc[nH]2)c(-c2ccc(F)cc2)n1,0.4812626285
CCCOc1cc(NC(=O)C2(NC(=O)c3ccc4c(C5CCCC5)c(-c5ccccn5)n(C)c4c3)CCC2)ccc1/C=C/C(=O)O,2.093491727
CCS(=O)(=O)N1CCN(Cc2cn3cc(-c4cnc(N)nc4)nc(N4CCOCC4)c3n2)CC1,2.711507148
CC(C)(C)c1cnc(CSc2cnc(N[C@H]3CC[C@H](N)CC3)s2)o1,1.7423093135
CC1=CC(=CC(=C1)N2C(=O)C(=C(C=N2)Cl)OC3=CC=C(C=C3)OC)C,1.241048151
Cc1cc(OCc2ccc(F)cc2F)c(Br)c(=O)n1Cc1ccc(CN(C)C)cc1,1.744209773
Cc1cccc(C)c1-n1nnnc1C1(N)CCC(C)CC1,0.6539654005
CNC(=O)[C@@]12C[C@@H]1[C@@H](n1cnc3c(NC)nc(C#Cc4ccc(Br)s4)nc31)[C@H](O)[C@@H]2O,2.311796229
CC(C)(C)Cn1ccnc1/N=C(/Nc1ccc(Cl)c(Cl)c1)NC(C)(C)C,1.082857149
[2H]C([2H])(c1ccc(OC)cc1)n1c(C(=O)N2CCC(C(=O)NCCC)CC2)cc2sc(Br)cc21,0.547750099
Fc1ccccc1C(c1nnc(-c2ccccc2)o1)N1CCc2ccccc2C1,1.066936728
Cc1c(CC(=O)N2CCN(C(=O)C3COc4ccccc4O3)CC2)c(=O)oc2cc(O)c(Cl)cc12,1.9883149825
N#CC1(n2cc([C@@H](NC(=O)c3ccsc3)C3CCC(F)(F)CC3)nn2)CC1,1.414939939
Cn1cnc2ccc(-c3ccc(Cl)cc3Cl)c(CN)c21,2.300986564
CCCn1c(-c2cccc(OC)c2)nc2nc(C3CCCC3)[nH]c2c1=O,2.834228116
C/C=C/C[C@@H](C)[C@@H](O)[C@H]1C(=O)N[C@@H](CC)C(=O)N(C)CC(=O)N(C)[C@@H](CC(C)C)C(=O)N[C@@H](C(C)C)C(=O)N(C)[C@@H](CC(C)C)C(=O)N[C@@H](C)C(=O)N[C@H](C)C(=O)N(C)[C@@H](CC(C)C)C(=O)N(C)[C@@H](CC(C)C)C(=O)N(C)[C@@H](C(C)C)C(=O)N1C,1.4353209695
COc1ccc(-c2nc([C@@H](C)Sc3nc(N)cc(N)n3)c(C)s2)cc1OCCNS(C)(=O)=O,2.008600172
Cl.O=C(N[C@@H](Cc1c[nH]c2ccccc12)C(=O)Nc1ccncc1)C1CCNCC1,2.079181246
COc1ccc(-c2ncnc3nc4n(c23)CCC4)cc1,1.797885322
CN(C)C(CCOC1=CC=CC2=CC=CC=C21)C3=CC=CC=C3,1.10720997
COCCN(Cc1ccc(C)c(Br)c1)C(=O)Cn1cnc(S(=O)(=O)N2CCCC2)c1,1.7367607915
Cc1cccc(NC(=O)c2nn(C)c(C3CCCCC3)c2C)n1,1.91897343
COc1ccc(C(=O)N2CCC(Cc3noc(C4CCOCC4)n3)C2)cc1F,2.23078606
Cc1nn(CC(=O)N2c3c(c(C)nn3C)N(C(=O)OC(C)(C)C)CC2C)c(C)c1Cl,0.8377175910000001
N#Cc1cnc2nc(Nc3ccc(CN4CCOCC4)cc3)sc2c1Nc1ccc(F)c(Cl)c1,1.114010162
CCCN1CCc2[nH]cnc2C12CCN(C(=O)[C@@H]1C[C@@H](O)CN1)CC2,1.979352318
COc1ccc2c(c1)C1CC1(C(=O)N1C3CCC1CN(C)C3)Cn1c-2c(C2CCCCC2)c2ccc(C(=O)NS(C)(=O)=O)cc21,2.252804504
O=C(CCn1[nH]c(=O)c2ccccc2c1=O)NN(Cc1ccccc1)Cc1ccccc1,1.5123502955
CC(=O)c1c(F)c(C(=O)NOC[C@H](O)CO)c(Nc2ccc(I)cc2F)n1C,2.029302594
FC1CCC(C(CC2CCCCN2)C2CCCCC2)CC1,1.812779707
COc1cc(=O)n(-c2ccccc2)cc1C(=O)NCC1CCCO1,2.2144673325
O=C(O)CC1(Cc2ccccc2Cl)C2CC3CC(C2)CC1C3,1.222238291
COC(=O)CC(c1cc2ccccc2[nH]c1=O)c1c(Cc2ccccc2)[nH][nH]c1=O,2.2691306445
CN(Cc1ccccc1N1CCCCC1)S(=O)(=O)c1cn(C)c(=O)n(C)c1=O,0.788030929
O=S(=O)(CCNc1ccccc1F)c1ccccc1,1.157062399
FC(F)(F)c1ccccc1-c1cc(Cl)c2[nH]c(C3=NOC4(CCCCC4)C3)nc2c1,1.91975519
COc1nc2c(cc1NCc1ccccc1F)c(=O)c(C(=O)O)cn2[C@H](CO)C(C)C,2.834228116
CCCn1nc(C)c(-c2cncn2CCn2nc(C)c(C)c2C)c1C.Cl,1.3948236005
C/C(=C\C(=O)OC)/OP(=O)(OC)OC,1.299507299
O=C(Cc1ccccc1)N[C@@H](Cc1c[nH]c2ccccc12)C(=O)Nc1ccncc1,0.698952632
c1cncc(CNCc2ccc(CN(C[C@H]3Cc4ccccc4CN3)[C@H]3CCCc4cccnc43)cc2)c1,0.179451307
CCC(c1ccc(C(F)(F)F)cc1)(C(O)C(F)F)n1ncc2c(NS(C)(=O)=O)cccc21,1.792251572
CC(C)(C)OC(=O)N1CCCCC1CCOc1ccc2c(c1)CN(c1ccc(S(C)(=O)=O)cc1F)C2=O,1.6164306625
COc1cc(N2CC[C@@H](Oc3ccc(N4N=C(C(F)(F)F)[C@@H](C)[C@@H]4CC(=O)O)cc3)[C@H](C)C2)c(Cl)cn1,2.04200183
COc1cc2nc(N3CCCN(C(=O)N4CCOCC4)CC3)nc(N)c2c(-c2ccccn2)c1OC,0.954242509
COc1ccc(C2(C)CC(C)(C)Nc3ccccc32)cc1,0.998823525
Fc1cccc(Nc2ncnc3c2cnn3CC(Cl)c2ccccc2)c1,3.313567139
CCSc1ccc(-c2cc(Cl)cc3c2OC(C(F)(F)F)C(C(=O)O)=C3)cc1,1.859033917
COc1ccccc1CNc1ncc(C(=O)NCCCO)c(NC2CCCC2)n1,1.041313715
CCN1C2=C(C(=NC=C2CO[C@H]3CCCNC3)C#CC(C)(C)O)N=C1C4=NON=C4N,2.079181246
COc1cc(=O)[nH]cc1C(=O)N1CCCCC1c1cc[nH]n1,3.315766141
COC1=CC=C(C=C1)S(=O)(=O)N2C(=CC(=N2)OC(=O)C3=CC=CC=C3)N,1.815383115
COc1cccc(-c2c3c(cc(OC)c2OC)C(=O)N(c2cccc(C(=O)O)c2)C3)c1,2.4628744265
O=C(NCCC(c1ccc(F)cc1)c1ccc(F)cc1)N1CCC(c2cnccn2)C1,0.300986564
Cc1c(Cc2cc(Cl)cc(Cl)c2)c(C(C)C)nn1CCO,1.698952632
CNS(=O)(=O)c1ccc(C(F)(F)F)cc1,2.114010162
CC(=O)N1CC2CC(C1)CN(C(=O)CN1CCC[C@H](NS(=O)(=O)c3ccc4cc(Cl)ccc4c3)C1=O)C2,0.300986564
Cc1cc(C(=O)NCCS(=O)(=O)N(C)C)cnc1C,2.84327386
O=C(N[C@H]1c2ccccc2C[C@H]1NC(=O)c1ccc(Cl)s1)c1ccc(-n2ccccc2=O)cc1,0.784136179
CCN(CC)CCCCCN/C(C)=N\c1ccnc2cc(Cl)ccc12,1.748172516
CC1=CN2C(=O)C=C(N=C2C(=C1)C(C)NC3=CC=CC=C3)N4CCOCC4,1.235275877
CCn1cc(-c2cc(C(F)F)n3nc(C)cc3n2)c(C)n1,3.315766141
[2H]C([2H])([2H])Oc1ncc(-c2cc3c(C(=O)NC)c(-c4ccc(F)cc4)oc3nc2CCC(F)(F)F)cc1C(=O)NC(C)(C)c1ncon1,1.380211242
Cc1cn(-c2cccc3ccccc23)cc1C(=O)N1CCC(CO)CC1,1.238247268
CN(C)CCC(c1ccc(Cl)c(Cl)c1)n1ncnn1,1.740378482
c1ccc(-c2ccc3ccnc(N4CCCCC4)c3c2)cc1,0.998541936
CCOC(=O)N1CC2[C@H](CCCN2C(=O)C2CCCN2S(=O)(=O)c2ccc(C)cc2)C1,0.8819314905
Cc1cc(Nc2cccc(C(F)(F)F)c2)n2ncnc2n1,1.77815125
O=C(NCc1ccc(S(=O)(=O)c2cccc(C(F)(F)F)c2)cc1)c1cc2ccncc2s1,1.39161967
COc1ccc(CC(=O)Nc2ccsc2-c2ncco2)cc1,1.024338273
COc1cc2[nH]c(C)c(-c3ccccc3)c(=O)c2cc1Cl,2.108158951
Cn1cnc2c(Nc3cnn(-c4ccc(Cl)cc4)c3)ncnc21,2.5597700815
COc1cc(=O)n(C)cc1C(=O)NCCCn1ncccc1=O,3.315766141
Brc1ccc(OCCn2cc(/C=N/n3cnnc3)c3ccccc32)cc1,1.679213238
O=C(N[C@H]1CCC[C@@H]1OCc1ccccc1)C1CCN(c2nc3cc(Cl)ccc3o2)CC1,1.033423755
NCc1ccc(-c2cccnc2)o1,1.568225199
CC(C)N[C@@H](CC(C)(C)C)C(=O)N[C@H]1CC[C@@H]2CN(S(=O)(=O)c3ccc(C(F)(F)F)cc3)C[C@@H]21,1.959714644
COC(=O)C1=C(Nc2ccccc2Cl)O/C(=C\c2c[nH]c3ncccc23)C1=O,1.715368522
CN(C)c1nc(Cl)nc(Oc2ccc(=O)n(C)n2)n1,2.1866140455
CS(=O)(=O)c1cc(C(F)(F)F)ccc1C(=O)N1CCC2(CCN(S(=O)(=O)c3cccc(C(F)(F)F)c3)CC2)C1,1.227141461
COc1ccc(-c2oc3cc(OC)c(OC)c(OC)c3c(=O)c2OC)cc1OC,1.2119397319999998
COc1cc(F)ccc1-c1cccc(Cc2cn(C)c3ccc(NC(=O)CC(C)(C)O)cc23)n1,1.367777572
CC1CCCCC1N(C)c1ncnc2[nH]ccc12,1.00008685
CCC1c2cccc(-c3ccccc3)c2CCN1C(=O)C(=O)c1c[nH]c2c(-n3cnc(C)n3)ncc(OC)c12,0.647520571
C[C@@]12CCC[C@H]1[C@@H]1CCc3cc(O)c(NC=O)cc3[C@H]1CC2,3.396387776
CCC(=O)N(CCC1(c2ccc(C)cc2)CCOC(C)(C)C1)Cc1ccccc1,1.548555393
CC(C)NC(=O)Nc1ccc(O)c(-c2nc(-c3nnc[nH]3)no2)c1,1.7566245355
O=C1C=CC(C(=O)NC[C@H]2CC[C@@H](CCOc3ccccc3)CC2)NN1,1.414939939
C[C@@H]1CCN(C(=O)CC2CC2)C[C@@H]1N(C)c1ncnc2[nH]ccc12,1.146065989
N#Cc1ccc2ncc(/C=C/c3nc4ccccc4o3)n2c1,0.9535500465
O=C(NCc1ccc(S(=O)(=O)c2ccccc2)cc1)c1ccc2ncncc2c1,1.163487332
Cc1[nH]nc2c1C(c1cc(N3CCC(C(=O)O)CC3)cc(C(F)(F)F)c1)(C(C)C)C(C#N)=C(N)O2,1.740378482
CC(C)(CC(=O)N[C@H]1C2CC3CC1C[C@](C(N)=O)(C3)C2)NS(=O)(=O)c1c(F)cc(F)cc1F,2.52642867
Cc1cc(Br)cc(C)c1NCc1nccn1CC(=O)NC(N)=O,1.1053050425
N#CC1(n2cc([C@@H](NC(=O)c3ccccc3F)C3CCCCC3)nn2)CC1,1.255272505
O=C(Nc1cccnn1)N1CCC(=Cc2cccc(Oc3ccc(C(F)(F)F)cn3)c2)CC1,2.021189299
O=C(O)c1ccc(CN2[C@@H]3CC[C@H]2C[C@@H](Nc2ccc(Oc4ccc(F)cc4)cc2)C3)cc1,3.135258112
CCCN1C(=C(C=N1)CN2CCCC(C2)C(=O)C3=CC(=CC=C3)OC(C)C)C,0.974276025
C1CCN(CC1)CCC#CC2=CC=CC(=C2)CN3CCOCC3,2.079181246
CC(C)(C)c1cc(SCC(=O)O)cc(C(C)(C)C)c1O,3.315766141
CC(C)(O)Cn1c(=O)n(C(=O)N[C@H](C(N)=O)C(C)(C)C)c2ccccc21,2.079181246
CCN1CC(C(C1=O)(C2=CC=CC=C2)C3=CC=CC=C3)CCN4CCOCC4.Cl,1.529558673
O=C(c1ccccc1)N(CCCCCCN1C[C@H](O)[C@@H](O)[C@H](O)[C@H]1CO)C1CCCCC1,2.336479481
COC(=O)CC(c1ccc(OC)c(OC(C)C)c1)c1c(O)cc(C)[nH]c1=O,3.315766141
CCCCCOC(=O)NC1=NC(=O)N(C=C1F)[C@H]2[C@@H]([C@@H]([C@H](O2)C)O)O,2.079181246
CN(C)CCOc1cc(-c2cn[nH]c2)ccc1NC(=O)[C@H]1Cc2cc(Cl)ccc2CN1,2.082857149
CC1=C(C2=C(N1C(=O)C3=CC=C(C=C3)Cl)C=CC(=C2)OC)CC(=O)OCC(=O)O,2.079181246
CC(C)CCC(=O)N1CCCN(C(=O)Nc2ccc(C(C)(C)C)cc2)CC1,0.477121255
Cc1cccc(-c2noc(-c3cn(CC(=O)Nc4cccc(C)c4C)c4nc(C)ccc4c3=O)n2)c1,1.5896370320000002
CCN(C1CCN(C(=O)c2ccccc2OC(F)(F)F)CC1)S(=O)(=O)c1cccc(C(F)(F)F)c1,1.538360034
COc1cccc(CN2C(=O)C(C3=NS(=O)(=O)c4cc(NS(C)(=O)=O)ccc4N3)=C(O)[C@@H]3[C@@H]4CC[C@@H](C4)[C@@H]32)c1,2.348694911
CC(C)C[C@H]1C(=O)N2CCC[C@H]2[C@]3(N1C(=O)[C@](O3)(C(C)C)NC(=O)[C@H]4CN(C5CC6=C(NC7=CC=CC(=C67)C5=C4)Br)C)O.CS(=O)(=O)O,-0.050609993
CCc1nc(N)nc(N)c1-c1ccc2c(c1)N(CCCCC(=O)OC)CCC2,0.698952632
CC(C)(C)c1ccc(-n2nnnc2SCC(=O)Nc2ccc(S(N)(=O)=O)cc2Cl)c(Cl)c1,1.36169007
CC1(C)CCC(NCC(C)(C)CCN(C[C@H]2Cc3ccccc3CN2)[C@H]2CCCc3cccnc32)CC1,0.6850973
CC1=C2C(CCS2(=O)=O)CC2(C1)C(=O)OC(C)(C)OC2=O,3.315766141
COc1ccc2nc(N3CCC[C@@H](N)C3)n(Cc3ccccc3C#N)c(=O)c2c1,1.913919765
CC(C)(C)CCn1nc(C2=CCCC2)c(O)c(C2=NS(=O)(=O)c3cc(NS(C)(=O)=O)ccc3N2)c1=O,1.397974751
Cc1nc(C)c(C(=O)NCc2ccccc2)c(-c2ccc(Cl)cc2)c1C(=O)O,3.315766141
COc1ccc2c(c1)C1CC1(C(=O)N1C3CCC1CN(C)C3)Cn1c-2c(C2CCCCC2)c2ccc(C(=O)NS(=O)(=O)C(C)C)cc21,2.179034466
Fc1ccc(-c2ccc(CNCCNc3ccnc4cc(Cl)ccc34)s2)cc1,1.447189051
COc1cccc(CNC(=O)c2cn(C)c3nc(-c4cn[nH]c4)ccc23)c1,1.114010162
CCN1CCC(N(C)S(=O)(=O)c2c(C)cc(C(C)(C)C)cc2C)CC1,1.6355433425
O=C(Nc1cnc(-c2ccncc2)c(-c2ccccn2)n1)C1CC1,2.251494747
CCOC(=O)C1=C(C)N/C(=C/c2cc(C)n(-c3ccc(C(F)(F)F)cc3)c2C)C1=O,2.638489257
CC(C)N(CCCNC(=O)Nc1ccc(C(C)(C)C)cc1)C[C@H]1O[C@@H](n2cnc3c(N)ncnc32)[C@H](O)[C@@H]1O,1.77815125
COC(=O)N[C@H](C(=O)N1CCC[C@H]1C(=O)Nc1ccc([C@H]2CC[C@H](c3ccc(NC(=O)[C@@H]4CCCN4C(=O)[C@@H](NC(=O)OC)[C@@H](C)OC)cc3)N2c2ccc(F)cc2)cc1)[C@@H](C)OC,1.452268895
Cn1cc(C(N)=O)cc1C(=O)Nc1ccccc1Oc1ccccc1,1.0375111725
O=C1c2cc(Br)ccc2-n2c1nc1ccccc1c2=O,1.896644974
CCC(=O)N1CCc2cc(-c3cncc4ccccc34)ccc21,1.176091259
CC(C)CC[C@H](NC(=O)[C@@H]1CCCN1C(=O)[C@H](CCCN)NC(=O)[C@H](Cc1ccccc1)NC(=O)[C@@H]1CC(=O)NC(=O)N1)C(=O)N[C@@H](Cc1ccc(F)cc1)C(=O)N[C@H](Cc1ccccc1)C(N)=O,2.270392371
Cc1[nH]nc2c1C(c1cc(-c3cccc(CC(=O)O)c3)cc(C(F)(F)F)c1)(C(C)C)C(C#N)=C(N)O2,1.73239376
Cn1c(=O)c(-c2ccc3ccccc3n2)cc2cc(Br)ccc21,0.8835182500000001
COCCCn1c(NC(=O)c2cccc(C#N)c2)nc2ccc(C(=O)N3CCCCC3)cc21,1.097647369
CC(C)COc1cc(=O)n2c(c1C(=O)NCCCN1CCCCC1)CCCCC2,2.465178282
O=[N+]([O-])c1cn2c(n1)OC[C@@H](OCc1ccc(-c3ccc(OC(F)(F)F)cc3)c(F)c1)C2,3.135258112
O=C(NCCCc1ccc(Cl)nc1)c1ccnc2[nH]c(-c3ccc(F)cc3)nc12,1.36092105
CN(C)[C@H]1[C@@H]2C[C@@H]3[C@@H](C4=C(C=CC(=C4C(=C3C(=O)[C@@]2(C(=C(C1=O)C(=O)N)O)O)O)O)Cl)O,2.079181246
Cc1ccc(CNC(=O)c2cccc(-n3cc(NC(=O)Nc4ccccc4Cl)cn3)c2)cn1,1.041313715
Cc1sc2ccccc2c1[C@@H]1C=CN=CN1,2.136657162
Cc1cc(Cl)cc(C(=O)N[C@H](C)CO)c1NC(=O)c1cc(Br)nn1-c1ncccc1Cl,1.943282382
Cc1c2c(n3c1CCCNC(=O)[C@H](C)Nc1cc-3ccc1C(N)=O)CC(C)(C)CC2=O,0.602081706
COc1cc(/C=C/C(=O)N2CCC=CC2=O)cc(OC)c1OC,1.2174550835
O=C(N[C@@H](Cc1c[nH]c2ccccc12)C(=O)Nc1ccncc1)c1ccc2ccccc2c1F,1.255272505
N#Cc1cc(-c2ccc(C3(C(F)(F)F)CC3)cc2)ccn1,1.838849091
CC(NNC(=O)c1ccccc1Br)C(=O)Nc1sccc1C#N,1.5751545865
Cc1[nH]c2cccc3c2c1CCN1C(=O)OC2(CC(C)(C)NC(C)(C)C2)C31C,1.525388269
CN(C)CC(=O)NC(c1ccc(Cl)cc1)c1nc2ccc(-c3cn[nH]c3)cc2c(=O)[nH]1,1.176091259
NC(=O)c1cccc(Nc2nccc(-c3[nH]c(C(F)(F)F)nc3-c3cccc(NC(=O)Cc4ccc(Cl)cc4)c3)n2)c1,1.783298428
O=C1COc2ccc(NC(=O)C3CCN(c4cccc(C(F)(F)F)c4)CC3)cc2N1,1.237995893
COC1=CC=C(C=C1)C2=CC(=S)SS2,-0.13667714
CC1=CC=C(C=C1)C(=O)C2=CC(=C(C(=C2)O)O)[N+](=O)[O-],1.532499586
Nc1ncc(-c2ccc(C(=O)N3CCOCC3)cc2)cc1-c1ccc(C(F)(F)F)nc1,2.397974751
Cc1ccc2oc(=O)n([C@H]3c4cc(Br)cnc4OC(C)(C)[C@@H]3O)c2c1,2.262167381
COC(=O)C1(C(=O)OC)C[C@@H](c2ccccc2)c2ccc(N(C)C)cc2[C@@H]1CC(=O)c1ccccc1,0.695433205
CCOC(=O)C1CCN(Cc2nc(N)nc(Nc3ccc(C)cc3)n2)c2ccccc21,0.7529227165
O=C(Nc1cc(-c2ccncc2)n[nH]1)[C@H](Cc1ccccc1)NCc1cncs1,0.915560026
CC(=O)OCC(=O)[C@]1(CC[C@@H]2[C@@]1(C[C@@H]([C@]3([C@H]2CCC4=CC(=O)C=C[C@@]43C)F)O)C)O,1.94225615
COc1ccc2[nH]c(SCC(C)C)nc2c1,1.029302594
O=C(Cc1cccc2cnccc12)Nc1scnc1-c1cnccn1,0.725545316
COc1ccc(Cc2nc(-c3ccc(S(C)(=O)=O)cc3)c(C)s2)cc1,1.502622009
C[C@@]1(COc2ccc(OC(F)(F)F)cc2)Cn2cc([N+](=O)[O-])nc2O1,2.076516327
CC(N)C1(c2cccc3ccccc23)CCCCC1,2.477121255
O=C(COc1ncccn1)NCCNc1cc(-n2cccn2)ncn1,2.5945664080000004
Cc1cccc(Nc2sc(-c3cccc(F)c3F)cc2C(N)=O)n1,1.230397825
Cc1cc(-c2cccc3ccccc23)sc1C(=O)N1CCC(CO)CC1,1.696992623
CCNCCNc1c(C)c(-c2ccc(C(F)(F)F)cc2)c(C#N)c2nc3ccccc3n12,2.107042763
CCCNC(=O)[C@@H]1C[C@H]2CCC[C@@H](C1)[C@@H]2NC(=O)c1cc2scnc2n1Cc1ccc(OC)cc1,1.649315383
CCCS(=O)(=O)N1CC=C(c2ccc3c(c2)CC(C2CCN(c4ncc(Cl)cn4)CC2)O3)CC1,0.97514764
O=C(Nc1cnc(-c2ccncc2F)c(-c2ncco2)n1)C1CC1,2.343385842
COc1cc(=O)[nH]cc1C(=O)N1CCNC(c2ccccc2)C1,3.315766141
O=S(=O)(Nc1cc(CO)ccc1Cl)c1ccc(-c2ccc(Br)cc2)cc1,1.653212514
O=C(Nc1ccc2sc(-c3ccccc3)nc2c1)N1CCCC1,1.477121255
O=C(Nc1nccs1)c1ccc(F)c2c(C(=O)C(=O)N3CCN(C(=O)c4ccccc4)CC3)c[nH]c12,2.390935107
COc1ccc2c(c1)OCC(Cc1ccc(OC)c(O)c1)C2=O,1.200173631
CC(C)n1cncc1CN1CC[C@H]2OCc3cnnn3[C@H]2C1,1.964448671
CC1COC2(N1CC(=O)NC3=C2C=C(C=C3)Cl)C4=CC=CC=C4Cl,0.95568775
O=C(O)C(CCN1C(=O)c2ccccc2C1=O)S(=O)(=O)c1ccc(-c2ccc(Cl)cc2)cc1,2.36169007
COc1ccc(CCN[C@H]2CS(=O)(=O)C[C@@H]2S(=O)(=O)c2ccc(F)c(C)c2)cc1OC,0.6895325045
Cl.Cl.Cl.O=C(Nc1ccc2nc(N3CCN(c4ccccc4)CC3)cc(C(=O)O)c2c1)c1ccccc1F,2.0988030965
Cc1csc(C2=C(N)N(C(C)CCc3ccco3)CC2=O)n1,1.168364224
Cn1cc(/C=C/C(=O)NS(=O)(=O)c2cccc(Cl)c2)c2c(Oc3ccc4ccccc4c3)cccc21,1.945545984
N[C@H]1Cn2c(nc3cnccc32)C[C@@H]1c1cc(F)c(F)cc1F.O=C(O)C(F)(F)F.O=C(O)C(F)(F)F,3.135258112
CC(C)CC(=O)N1CCC(n2cnc3cnc4[nH]ccc4c32)CC1,1.477121255
O=c1c2ccccc2nc(NCCCCc2ccccc2)n1-c1ccccc1,0.5944564370000001
O=C(O)c1ccc(-c2noc3ccc(-c4ccc(O)cc4)cc23)cc1,1.8141766805
Cc1ccc2cc(CNc3ccc4c(c3)C(=O)NC4)ccc2n1,1.6502851675
Cn1c(=O)cc(Nc2ccc(I)cc2F)c2c(=O)n(CCCO)cnc21,2.300986564
Cc1cc(-c2cccc3cc[nH]c23)c(Cl)c2c1NC(C)(C)[C@H](O)[C@H]2C,0.672079377
COc1cc(=O)[nH]cc1C(=O)N1CCCC1c1ccc(O)cc1,3.315766141
COCCn1c(C)cc(C)c(C(=O)Nc2nc(COC)n[nH]2)c1=O,2.2332522905
CCc1nc2n(n1)C1(CCCCC1)[C@@H]1CCCC[C@@H]1N2C(=O)CC(C)C,0.5417596555
CCOC(=O)c1cc(C(C)C)sc1NC(=O)c1cc(Cl)ccc1OC,3.315766141
N[C@H](Cc1ccc(F)cc1)c1nc2ccc(-c3cn[nH]c3)cc2c(=O)[nH]1,1.812779707
Cc1ccc(C(O)(c2ccccc2)c2cnc(C(C)C)n2C)cc1,1.013000283
CCC1(CCCCN2CCN(c3ccc(Cl)cc3)CC2)C(=O)Nc2ccc(F)cc21,1.609674042
CO[C@H]1CC[C@@]2(C)[C@H](CC[C@H]3[C@@H]4CC[C@@]5(CC(C)=C4C[C@@H]32)O[C@@H]2C[C@H](C)CN[C@H]2[C@H]5C)C1,2.300986564
COC(=O)[C@H](C(C)C)N1CCCO[P@@]1(=O)COCCn1cnc2c(N)ncnc21.O=C(O)/C=C/C(=O)O,2.556302501
Cc1cc(C)cc([C@@H](CC(C)C)NC(=O)c2cc(COc3cccc(F)c3)ccc2CCC(=O)O)c1,1.126759158
c1ccc2cc(-n3ccnc3-c3ccncc3)ccc2c1,1.083733639
Cc1cnc(NC(=O)C2(C)CCCCC2C)cc1CN1CCOCC1,0.654701031
COC(=O)NCCS(=O)(=O)NC(=O)c1ccc(Nc2nc(NC3(c4ccc(Cl)cc4)CC3)nc(OCC(F)(F)F)n2)cc1,1.818147574
Cc1cc2c(nc1C)sc1c(=O)n(C(C)C)cnc12,0.9524418375
CCC(C)(CNC(=O)c1sc(-c2c(C)noc2C)nc1C)OC,2.199074697
Cc1ccc(NC(=O)C2C(C)(C)C2(C)C)cc1S(=O)(=O)N1CCOCC1,0.654701031
CCc1ccc(-c2nc3sc(N4CCN(C(=O)c5ccnn5C)CC4)nn3c2NC(C)(C)C)cc1,1.301238369
Cc1ccccc1-c1noc(-c2ccc[nH]c2=O)n1,2.2368474540000003
O=C(CN1CCC[C@H](NS(=O)(=O)c2ccc3cc(Cl)ccc3c2)C1=O)N1C[C@@H]2C[C@H](C1)c1cccc(=O)n1C2,0.300986564
NC(=O)c1noc([C@H](CCCC2CCCCC2)CC(=O)NO)n1,1.278799314
CC(=O)N(c1ccccc1)C(c1ccccc1)c1nc2ccccc2nc1O,1.892591574
Cc1ccc(NC(=O)c2occc2C)cc1-c1nc2ncccc2o1,0.9029814
CCOC(=O)c1[nH]c(C)c(C(=O)Nc2n[nH]c3cc(Br)ccc23)c1C,0.553919485
CCCCCCCc1c(C)nc2cc(OC)ccc2c1O,1.008600172
COC(=O)N[C@H](C(=O)N1CCC[C@H]1c1nc(Cl)c(-c2ccc(-c3ccc(-c4[nH]c([C@@H]5CCCN5C(=O)[C@@H](NC(=O)OC)C(C)C)nc4Cl)cc3)cc2)[nH]1)C(C)C,2.077440584
CC(C)N/C(=N\c1nccn1C(C)C)Nc1ccc(Cl)c(Cl)c1,1.352182518
CC(C)c1ccc(SCC(=O)N2CCOCC2C(=O)OCCCc2cccnc2)cc1,1.602081706
COCCn1cc2c3c(cccc31)CN(C(=O)Nc1ccccc1C(F)(F)F)CC2,0.8251166935
O=C(Nc1ccc2sc(-c3ccccc3)nc2c1)c1ccccc1,1.816286247
Cc1oc(-c2cccc3ccccc23)nc1C(=O)N1CCC(CO)CC1,1.161365038
CCOc1cc(=O)n2c(c1C(=O)Nc1cc(Cl)c(OC)cc1OC)CCCC2,1.834856958
CCCCC(=O)C1CCN(C(=O)c2cc3sccc3n2Cc2ccc(OC)cc2)CC1,0.799340549
OCCNc1nc(Cl)nc(Nc2ccc3c(c2)OCO3)n1,1.1323439025
CC1=C(C(=CC=C1)C)NC(=O)CN2CCCC2,2.079181246
COCC1COc2cc3ncnc(Nc4ccc(Br)cc4F)c3cc2O1,1.2108188320000002
Nc1ccc(C2CCCCC2)nc1C(=O)Nc1cnccc1[C@@H]1CCC[C@H](N)C1,1.929521101
CC1=C(C=CC(=C1Cl)C#N)N2C(=O)[C@@H]3[C@@H](CCN3C2=O)O,2.079181246
COC(C)C(C)C(=O)O[C@H]1Cc2cc3ccc(=O)oc3cc2OC1(C)C,0.985657939
CCOc1nc(NC(=O)C2(NC(=O)c3ccc4c(C5CCCC5)c(-c5cnccn5)n(C)c4c3)CCC2)ccc1/C=C/C(=O)O,1.51851394
COC[C@H](C1CC1)n1cc(Cl)nc(Nc2cc(C)c(OC(F)F)nc2C)c1=O,1.8711572003333332
CC1(COCc2ccc(OC(F)(F)F)cc2)Cn2cc([N+](=O)[O-])nc2O1,2.032769321
Cc1nc2c(cc1Br)nc(Cl)n2C,1.0415565885
O=C(NCc1ccc(S(=O)(=O)N2CCCCC2)cc1)c1cc2cnccc2o1,1.427789154
O=C(c1ccc(Oc2ccc(S(=O)(=O)C3(C(=O)NO)CCC4(CCNCC4)C3)cc2)cc1)N1CCCC1,2.128425134
CCC1=C(C2=CC=CC=C2O1)C(=O)C3=CC(=C(C(=C3)Br)O)Br,1.41633876
O=C(N[C@@H](Cc1c[nH]c2ccc(O)cc12)c1cscn1)c1ccc2c(c1)nc(-c1ccoc1)n2C1CCCCC1,2.3040322685
CCN1C[C@@H]2CCCC[C@]2(c2ccc(Cl)c(Cl)c2)C1,1.740378482
CCc1nc2ccc(Cl)cn2c1C(=O)NCc1ccc(N2CCN(c3ccc(OC(F)(F)F)cc3)CC2)cc1,2.079181246
NCCOCCOCCOCCOCCN1CCN(C(c2ccccc2)c2ccc(Cl)cc2)CC1,1.418334442
COc1ccc2c(O[C@@H]3C[C@H]4C(=O)N[C@]5(C(=O)NS(=O)(=O)C6(C)CC6)C[C@H]5/C=C\CCCCCC(=O)N4C3)cc(-c3nc(C(C)C)cs3)nc2c1Cl,1.085806865
Cc1c(C(=O)Cn2nnn(-c3ccccc3)c2=O)sc2ccccc12,2.905587829
CC(=O)n1cc(C(=O)O)c(Nc2ccc(I)cc2F)c1C,1.462368046
O=[N+]([O-])c1cn2c(n1)OC[C@@H](OCc1ccc(-c3ccc(Cl)c(OC(F)(F)F)c3)cc1)C2,2.908916118
O=C1COc2c(cc(Cl)cc2[N+](=O)[O-])N1Cc1nnc(-c2ccc(C(F)(F)F)cn2)n1CCC(F)(F)F,1.731739325
Cn1cc(S(=O)(=O)N2CC(CNC(=O)c3ccc(Cl)cc3Cl)(CC3CC3)C2)nn1,1.43070933
Cc1c(C(N)=O)sc2ccc(NC(=O)C3(NC(=O)c4ccc5c(C6CCCCC6)c(-c6ccccn6)n(C)c5c4)CCC3)cc12,1.851135995
COC1=CC(=CC(=C1OC)OC)C(=O)NC(C2=CC=CC=C2Cl)C3=CC(=C4C=CC=NC4=C3O)Cl,1.407390904
CCn1nccc1C(C)NS(=O)(=O)c1ccc(Br)s1,1.295011229
C1=CC(=CC(=C1)Cl)NC2=NC3=C(C=CC(=C3)C(=O)O)C4=C2C=CN=C4,1.916664465
Cc1cc(C)c2c(c1)C(Nc1ncc(S(N)(=O)=O)s1)CCO2,1.7732266920000002
CC(C)[C@]1(C(=O)N2C[C@@H]3C[C@H]2CN3C(=O)CC(C)(C)C)CC[C@@H](NC2CCOCC2)C1,2.079181246
C[C@@H]1CC[C@H]([C@@H](C)CO)C[C@@H]1N(C)c1ncnc2[nH]ccc12,1.114010162
CC(C)[C@@H](C(=O)Nc1n[nH]c2cccc(F)c12)N1Cc2ccccc2C1=O,1.798892651
C1CC(C1)NC(=O)CC2=CC=C(C=C2)C3=CC=CC=C3,0.176091259
CNC(=O)c1cc(OC)c(O[C@@H](C)C(=O)N2CCN(c3nccc4ccccc34)C[C@H]2C)cn1,0.602081706
COc1ccc(OC)c(C(c2c(O)cc(C)n(C)c2=O)c2c(O)cc(C)n(C)c2=O)c1,2.2916280905
c1cnc(OC[C@H]2C[C@H](c3ccc(CN4CCCC4)cc3)C2)nc1,2.079181246
COc1ccc(S(=O)(=O)N2CCOc3ccccc32)cc1,0.429388791
C[C@](O)(c1ccc(C(=O)N(C2CC2)C2CCN(CC3(C#N)CC3)CC2)cc1)C(F)(F)F,2.139479458
CC(C)(CC(=O)N[C@H]1C2CC3CC1C[C@](C(N)=O)(C3)C2)NS(=O)(=O)c1ccccc1F,2.457185446
CC(C)N1CCN(c2ccc(NC(=O)c3ccc(-c4ccccn4)cc3)cc2)CC1,2.201729674
Fc1cc(OC(F)(F)C(F)F)cc([C@@](Cc2ccccc2)(Nc2nc(C(F)(F)F)cs2)c2ccc(Cl)cn2)c1,2.535415889
NCc1ccc(-c2ccccc2)o1,1.568225199
O=[N+]([O-])c1cn2c(n1)OC[C@H](OCc1ccc(-c3ccc(OC(F)(F)F)cc3Cl)cn1)C2,1.519800833
O=C(O)CC1CCC(c2ccc(-c3nc4cc(NC(=O)c5nc(-c6ccccc6)oc5C(F)(F)F)ccc4[nH]3)cc2)CC1,3.315766141
COCCOc1cc2ncnc(N3CCN(C(=O)Nc4ccc(Oc5cccc6c5CCN6)cc4)CC3)c2cc1OCCOC,0.954242509
Cc1cc(Br)ccc1NC(=O)C(NS(=O)(=O)c1cccs1)c1ccccc1,0.9694692075
O=C(Nc1nc(-c2ccccn2)cs1)c1ccc(F)cc1,1.027482873
N#Cc1ccccc1Cn1c(N2CCC[C@@H](N)C2)nc2ccc(Cl)cc2c1=O,2.300986564
CC(=O)NC[C@H]1CN(c2ccc(N3CC[Si](C)(C)CC3)c(F)c2)C(=O)O1,1.463402157
CN(C)CCNC(=O)c1ccc2c(c1)CC(c1nc3ccc(-c4cn[nH]c4)cc3s1)CO2,1.544043227
CCOC(=O)CNC(=O)N1Cc2c(sc3c2CCCC3)-n2cccc2C1c1ccc(C(C)C)cc1,0.5260645235
O=c1[nH]c([C@@H]2CNC[C@H]2c2ccccc2)nc2ccc(-c3cn[nH]c3)cc12,1.544043227
CCS(=O)(=O)N1CCc2cc(C(=O)CSc3ccc4c(c3)OCCCO4)ccc21,0.146065989
COC(=O)Nc1ccc(-c2nc([C@H](CC(=O)N3CCN(C(C)=O)CC3)NC(=O)/C=C/c3cc(Cl)ccc3-n3cnnn3)[nH]c2Cl)cc1,1.653212514
CCc1nc(N)nc(N)c1-c1ccc2c(c1)N(CCCOC(F)(F)F)C(=O)C(C)(c1cc(F)cc(F)c1)O2,1.491389712
Cc1cn(Cc2ccc(Cl)cc2Cl)c2c(/C=C/C(=O)NS(=O)(=O)c3cc(Cl)c(Cl)s3)cc(F)cc12,1.991700259
CCc1nc2cc(Cl)ccn2c1C(=O)NCc1ccc(-c2ccc(Cl)cc2)cc1,2.079181246
N[C@H]1CC[C@@H](C(=O)Nc2cc3cc[nH]c(=O)c3cc2Cl)C1,2.143077284
C=CC1=CC=C(C=C1)CN2C3=CC=CC=C3N=C2SCC(=O)N4CCN(CC4)C5=CC=C(C=C5)F,0.383815366
CNC(=O)[C@H](Cc1ccccc1)NC(=O)[C@@H](N)Cc1ccccc1,1.1150043086666666
CN(C/C=C/c1ccc(-c2ccccc2)cc1)Cc1coc2ccccc12.Cl,1.705007959
Cc1nc2ncnn2c(C)c1CCC(=O)OC1(C)CCC(C)(C)CC1,2.666234454
Nc1ncnc2c1nc(Sc1cc3c(cc1Br)OCO3)n2CCC1CCN(C(=O)[C@@H]2CCCN2)CC1,1.457196762
CCC(CC)c1nn(CCO)c2c1N=C(c1ccc(OC)c(OC)c1)CNC2=O,1.36169007
CN(C)CCN(CC1=CC=CS1)C2=CC=CC=N2,1.377124042
CNC(=O)[C@@H](NC(=O)n1c(=O)n(CCN2CCOCC2)c2ccccc21)C(C)(C)C,1.300986564
CS(=O)(=O)c1ccc(-c2nnc(SCc3nnc(-c4ccc(Cl)cc4)o3)n2-c2ccccc2Cl)nc1,0.602081706
CCc1nc(N)nc(N)c1-c1ccc2c(c1)N(CCCCO)C(=O)C(C)(c1cc(F)cc(F)c1)O2,1.146065989
O=S(=O)(NC1CCCC12CCOCC2)c1cccc2ccoc12,1.7651792065
COCCN1CCN(C(C)(C)c2ccc(NC(=O)c3ncc(C#N)[nH]3)c(C3=CCC(C)(C)CC3)c2)CC1,1.32428471
Cc1ccccc1OC(CC1CNC1)c1ccc(Cl)c(F)c1,1.595614978
O=C(Cn1c(=O)ccc2ccc(C(F)(F)F)cc21)Nc1scc(Br)c1-c1ncn[nH]1,1.403613846
C[C@](O)(c1ccc(C(=O)N(C2CC2)[C@H]2CC[C@](CCC(N)=O)(c3ccccc3F)CC2)cc1)C(F)(F)F,2.295268828
CC(C)=Cc1nn(CCC(C)(C)C)c(=O)c(C2=NS(=O)(=O)c3cc(NS(C)(=O)=O)ccc3N2)c1O,1.322219295
CCOc1ccc(N2C(=O)N=C(O)C3(Cc4c(ccc5ccccc45)N(C)C3)C2=O)cc1,1.406604016
O=C(NO)C1(S(=O)(=O)c2ccc(Oc3ccc(OC(F)(F)F)cc3)cc2)CCC2(CCNCC2)C1,2.226480726
CCCCCCCN1[C@@H]2CC[C@@H]1CC(c1cccc(C(N)=O)c1)C2,1.301084278
O=C(c1scc2c1OCCO2)N1CCCCCC1,1.5458737569999998
CC1(C2(CCN(CC2)CC3=CC=C(C=C3)C(=O)O)OC(=O)N1CC4=CC=CC=C4)C5=CC=CC=C5,2.079181246
N#Cc1cc(-c2ccnc(Nc3ccc(-n4cnc(-c5ccccn5)n4)cc3)n2)cc(N2CCOCC2)c1,1.462397998
CCC(=O)N[C@H]1C[C@H](C2=CC=CC=C2C1)C3=CC=CC=C3,1.663700925
CCCN(CC(=O)OC(C)(C)C)C(=O)Cc1c(C)[nH]c2ccnn2c1=O,1.819516571
COc1ccc(CCCN2C(=O)N(NS(C)(=O)=O)C[C@@H]2c2ccc(OC)cc2)cc1,1.462368046
CC1=C(C=C(C=C1)Cl)N2CCN(CC2)C(=O)C3=CN(C(=O)C4=C3C5=CC=CC=C5N4C)C6CCCCC6,-0.036212173
O=C(Nc1ccc(-c2c[nH]cn2)cc1)C1COc2ccccc2O1,1.300986564
CCC1(c2ccc(NC(=O)c3c(OC)cccc3OC)cc2)CCC(=O)N=C1O,1.81211693
N#Cc1cc(-c2ccccc2C(F)(F)F)cc2nc(C3=NOC4(CCCCC4)C3)[nH]c12,1.25461807
CC1=CC=C(C=C1)COC(=O)N2CC[C@H]([C@H](C2)F)CNC3=NC=CC=N3,1.811976944
CC(C)(CC(=O)N[C@H]1C2CC3CC1C[C@](C(N)=O)(C3)C2)NS(=O)(=O)c1ccc(F)cc1,2.52642867
N#Cc1csc(NC(=O)Cn2c(=O)ccc3cc(C(F)(F)F)ccc32)c1-c1ncco1,1.163487332
O=C(Nc1ccc(-c2cn[nH]c2)cc1F)N(CCO)Cc1ccccc1,2.079181246
CNC1=C(c2cccc(C)n2)C(=O)C(c2ccc(Cl)cc2Cl)O1,0.821714245
COc1cccc(Nc2ccc(-n3ccnc3)nn2)c1,2.644749773
Cc1ccc(S(=O)(=O)N(C)C2(C(=O)N[C@H]3C4CC5CC3C[C@](C(N)=O)(C5)C4)CC2)cc1F,1.562711429
CN1CCN(C(=O)c2cc3cc(Cl)cc(N)c3[nH]2)CC1,1.819543936
NC(=O)[C@H](CCc1ccccc1)NC(=O)[C@@H](N)Cc1ccccc1,1.505122834
CCOC(=O)C(C)OC1=CC=CC2=C1C=CN(C2=O)CC(=O)NC3=CC4=C(C=C3)OCCO4,2.044121472
CS(=O)(=O)N1CCC(C(=O)N(CCCN2CCC(NC(=O)c3ccc(F)cc3)CC2)c2ccc(Cl)c(Cl)c2)CC1,1.998022619
CS(=O)c1sc(Br)c2c1C(=O)CC(C)(C)C2,2.4253904355
CCN1C(C2=CC=CC=C2C1=O)NC3=CC=C(C=C3)OCCN4CCCCC4,2.021023822
COc1cc(N2CCN(C3CCN(c4cccc5c(C)ccnc45)CC3)CC2)c2ncccc2c1,0.300986564
COc1ccc2c(O[C@@H]3C[C@H]4C(=O)N[C@]5(C(=O)NS(=O)(=O)C6CC6)C[C@H]5/C=C\CCCCCCC(=O)N4C3)cc(-c3nccs3)nc2c1C,2.809298994
N#CCC(=O)N1CCC[C@@H](n2cnc3cnc4[nH]ccc4c32)C1,1.924279286
O=C(N[C@@H](Cc1c[nH]c2ccccc12)C(=O)Nc1ccncc1)c1cccc(Oc2ccccc2)c1,0.698952632
COc1ccc(Oc2ccc(S(=O)(=O)C3(C(=O)NO)CCC4(CCNCC4)C3)cc2)cc1,2.023761814
Cc1nc(-c2cccc3ccccc23)sc1C(=O)N(C)CCc1cccnc1,0.177579777
CC1CN(CC(=O)N[C@H]2C3CC4CC2C[C@](C(N)=O)(C4)C3)S(=O)(=O)N(c2c(Cl)cc(Cl)cc2Cl)C1,2.457185446
CCS(=O)(=O)c1ccc2[nH]c(Oc3ccccc3C(F)(F)F)nc2c1,2.533956433
CC1=C2C[C@H]3[C@@H](CC[C@@H]4Cc5n[nH]c(C(F)(F)F)c5C[C@@]43C)[C@@H]2CC[C@@]2(C1)O[C@@H]1C[C@H](C)CN[C@H]1[C@H]2C,2.300986564
O=C(N[C@@H](Cc1c[nH]c2ccccc12)C(=O)Nc1ccncc1)c1cc(F)ccc1F,0.77815125
CCCS(=O)(=O)N1CCN(C2(CNC(=O)c3ccccc3OC(F)(F)F)CCCCC2)CC1,1.026575311
CCCn1ccnc1C1CC(=O)Nc2cc(O)c(OC)cc21,2.5258954145
C1COC[C@H](N1CC2=CC=C(C=C2)C(=O)O)C3=NC=C(N3)C4=CC=C(C=C4)F,2.079181246
COc1cc2nc(N3CCCN(C(=O)N4CCOCC4)CC3)cc(N)c2c(-c2ccccc2)c1OC,0.954242509
CCOC1=CC=C(C=C1)NC(=O)N2CCN(CC2)C3=CC(=C(C=C3)Cl)Cl,2.079181246
CC1=C(SC(=N1)NC(=O)N2CCCC2C(=O)N)C3=CC(=NC=C3)C(C)(C)C(F)(F)F,2.079181246
Cc1ccc(S(=O)(=O)n2cc(Br)c3c(N4CCC(N5CCOCC5)CC4)ncnc32)cc1,1.0842096689999998
COc1cc2c(N3CCN(C(=O)Nc4ccc(OC(C)C)cc4)CC3)ncnc2cc1OCCCC1CCCCC1,1.491389712
COc1cccc(CN(CCCN(C)C)C(=O)c2cn(C)c3cc(-c4cn[nH]c4)ccc23)c1,1.146065989
CNC(=O)c1ccc(CNC(=O)c2ccc(Cl)s2)c(NC(=O)c2nc3c(s2)CN(C)CC3)c1,2.107042763
Cc1c(C(=O)Nc2ccc(Cl)cn2)nn(C)c1-c1ccc(F)cc1,2.477121255
CCCS(=O)(=O)c1ccc2[nH]c(N3CCC(c4ccccc4)C3)nc2c1,1.857024386
O=C(N[C@H]1CN2CCC1CC2)c1ccc2ccoc2c1,2.079181246
CCc1sc(C(=O)Nn2cnnc2)cc1Br,2.0380642655
CC1C[C@@H]2[C@H](CC[C@]3(C)C(c4cccnc4)CC[C@@H]23)[C@@]2(C)CCC(=O)C=C12,8.68502e-05
CC(C)(C)CCNc1ccc(CNS(C)(=O)=O)cc1,1.3252567725
COC1(c2nc(-c3ccc(Cl)nn3)cs2)CCOCC1,2.0627128825
Cc1ccc2c(c1)[C@]1(C[C@H]1c1ccc3c(/C=C/c4ccc(CN5CCOCC5)cc4)n[nH]c3c1)C(=O)N2,1.748172516
N#Cc1c(-c2ccccc2)cc(O)n2c1nc1ccccc12,1.598298365
CC(=O)OC[C@@H]1[C@@H](OC(C)=O)[C@H](OC(C)=O)[C@@H](OC(C)=O)CN1CCCCCCN(C(=O)NC(C)(C)C)C1CCCCC1,0.5174561365
CC1=C([C@H](C(=C(N1)C)C(=O)O[C@@H]2CCCN(C2)CC3=CC=CC=C3)C4=CC(=CC=C4)[N+](=O)[O-])C(=O)OC.Cl,0.285557309
CCCCCCCCC(=O)Nc1ncnc2c1ncn2[C@@H]1O[C@H](CN(C)C/C=C\CN)[C@H]2OC(C)(C)O[C@H]21,0.98686127
COC1=C(C=C(C=C1)S(=O)(=O)N)C(=O)OC,1.635182049
CC(C)OC(=O)C1=CN(C(=O)c2cccc(OCCCN3CCN(C)CC3)c2)CC(C)(C)c2c1[nH]c1ccccc21,0.77815125
COC(=O)c1ccc(-c2noc(C(C)C)n2)cc1Cl,0.256761023
CCOP(=O)(OCC)C(Cc1ccc(F)c(F)c1)c1sc2ccccc2c1C,1.132552787
N#CC1(n2cc([C@@H](NC(=O)c3cnoc3)C3CCCCC3)nn2)CC1,1.681241237
Cc1ccc(C(OC(=O)CC(C)C)c2cc(=O)cc[nH]2)cc1,1.459176154
O=C(Cc1cccc2ncc(C(F)(F)F)cc12)Nc1scc(Br)c1-c1ncn[nH]1,1.320450123
CC1CC(N(C2=CC=CC=C12)C(=O)CN3C(=O)C4=CC=CC=C4C3=O)(C)C,0.922984816
C=C[C@@H]1C[C@]1(NC(=O)[C@@H]1C[C@@H](Oc2cc(OCC)nc3c(Br)c(OC)ccc23)CN1C(=O)[C@@H](CC(=O)Nc1ccccc1)C(C)(C)C)C(=O)NS(=O)(=O)C1CC1,1.959136831
O=C(CO)Nc1ccc2ncn(Cc3ccc(Cl)c(Cl)c3)c(=O)c2c1,2.107042763
c1ccc(CN2CCC[C@@H](n3nnc4cnc5[nH]ccc5c43)C2)cc1,1.079181246
Cc1nn(C)c2ncnc(N3CCN4CCCC4C3)c12,2.2146215905
COc1nc2c(cc1NCc1ccc(F)cc1F)c(=O)c(C(=O)O)cn2[C@H](CO)C(C)C,2.174113878
C[C@]12CC[C@H](O)CC1=CC[C@@H]1[C@@H]2CC[C@]2(C)C(c3ccc(F)nc3)=CC[C@@H]12,8.68502e-05
COc1ccc(CN2C(=O)c3cccc(N4CCN(Cc5c(F)cccc5F)CC4)c3C2=O)cc1OC,0.477121255
COCCn1c(-c2ccccc2Cl)nc2c(N3CCN4C(=O)CCC4C3)nc(C)nc21.Cl,1.261257433
O=C(Nc1ccccc1-c1cn2ccccc2n1)c1ccc(Cn2ccnc2)cc1,0.380007199
COC(=O)N(C)[C@H]1CC[C@H](n2cnc3cnc4[nH]ccc4c32)CC1,2.77815125
CN(C)CCNC(=O)c1cccc(-c2c[nH]c(/C=C3\C(=O)Nc4ccc(NC(N)=O)cc43)c2)c1,1.538360034
COc1cc(-n2cnc3cc(-c4ccc(Cl)cc4)sc3c2=O)ccc1OCCN1CCCC1,2.780317312
CC(C)[C@@H](NC(=O)NCc1ccccc1)C(=O)N1CC[C@](O)(c2ccc(Cl)cc2)C(C)(C)C1,1.074095697
CCOC(=O)/C=N/N(c1ccccc1)c1ccccc1[N+](=O)[O-],0.7526059635
COc1ccc(-c2cc(C(F)(F)F)cc(C3(C(C)C)C(C#N)=C(N)Oc4n[nH]c(C)c43)c2)cc1C(=O)O,1.77083729
CC(=O)OCc1cc(N)c(Nc2ccc(C#N)cc2)cc1Oc1c(C)cc(CCC#N)cc1C,0.890832937
Cc1nn(-c2cccc3ccccc23)cc1C(=O)N1CCC(CO)CC1,1.734181218
C[C@H](c1ccc(F)cc1)N1C(=O)O[C@](Cc2ccccc2)(c2nc3cc(-c4cnn(C)c4)ccc3[nH]2)C1=O,1.801405965
O=C(NCCN1CCOCC1)c1ccc(-c2ccccn2)cc1,1.111272488
O=C(CCc1cc(Cl)ccc1-n1cnnn1)N[C@@H](Cc1ccccc1)c1nc(-c2ccc3[nH]c(=O)cc(O)c3c2)c(Cl)[nH]1,0.819543936
COc1ccc(NC(=O)N2CCC3(C2)C(=O)Nc2ccccc23)c(OC)c1,1.906718328
CN(C1CCN(C(=O)c2ccccc2S(C)(=O)=O)CC1)S(=O)(=O)c1cccc(C(F)(F)F)c1,1.489585371
CCc1cnc(N2CCN(C)C(C(=O)O)C2)nc1,3.315766141
CC(C)C(=O)Nc1ccc(N2CCCCC2C)cc1,1.4541300385
CCc1nc2cc(Cl)ccn2c1C(=O)NCc1ccc(N2CCCCC2)cc1,1.120573931
COc1cccc(Oc2cc3nc(-c4ccccn4)[nH]c3cc2C2CCCN2C(C)=O)c1,1.213130022
Oc1ccc2c(c1)oc1c(C3=Cc4ccccc4OC3)c3c[nH]nc3nc12,0.860469009
C1N2CN3CN1CN(C2)C3,1.483729899
O=C1Nc2ccccc2[C@]12C[C@H]2c1ccc2c(/C=C/c3ccc(CN4CC[C@@H](F)C4)cc3)n[nH]c2c1,1.716020047
C/C/1=C\CC[C@@]2([C@H](O2)[C@@H]3[C@@H](CC1)C(=C)C(=O)O3)C,2.079181246
CCCOc1ccccc1-c1nc2[nH]nnc2c(=O)[nH]1,2.354854695
Cc1cc(C)c(Nc2nc(Cl)cn([C@H](C)C3CC3)c2=O)c(C)n1,1.402383042
COc1ccc(CNCCNc2ccnc3cc(Cl)ccc23)cc1,1.431363764
C[C@@H]1C[C@H](N)CN(c2ccncc2NC(=O)c2ccc(F)c(-c3c(F)cccc3F)n2)C1,1.602081706
CCc1cc(N2CC[C@H](F)C2)n2nc(C)c(C)c2n1,0.996897389
O=c1n(Cc2nc3ccccc3n2CCCCF)c2cnccc2n1CC(F)(F)F,1.230397825
CNC(=O)c1cccc(CNC(=O)c2ccc(Cl)s2)c1NC(=O)c1nc2c(s1)CN(C)CC2,1.969362375
COc1cc(=O)[nH]cc1C(=O)N1CCN(c2cncc(F)c2)CC1,1.7090468005
Cc1n[nH]c2c1C(c1c(Cl)nc3sccn13)SCC(O)=N2,1.779575068
CC(C)NC(=O)c1[nH]cnc1C(=O)N1CCCCCC1,1.416179927
Cc1onc(-c2ccccc2)c1C(=O)Nc1ccon1,1.8601853355
Cn1nc(C2CCN(C(=O)[C@H]3CC(=O)NC(=O)N3)CC2)n(-c2ccccc2)c1=O,1.9887898915
CC1(C)CC(NS(=O)(=O)c2ccccc2F)CC(C)(C)N1,3.315766141
CC(=O)c1c(S(=O)CCC(C)C)[nH]c2c(Cc3ccccc3)cccc2c1=O,0.4487277265
Cc1cc(C)n2c(CN3CCN(C)CC3C(C)C)cnc2n1,3.1730302175
COc1ccc(-c2cc(-c3ccc(C(=O)N4CCN(C)CC4)cc3)cnc2N)cn1,2.397974751
CCC(Oc1ccccc1F)C(=O)Nc1c(C)cccc1C,0.8385713450000001
N[C@@H](CC(=O)N1CCN(C(=O)c2ccccn2)CC1)Cc1cc(F)c(F)cc1F,2.552524742
CC(=O)Nc1nc(C)c(-c2nc(N3CCCC(O)C3)no2)s1,2.518734859
CC(=O)N1CCN(c2nnc(-c3ccccc3)c3ccccc23)CC1,2.295268828
Cn1cc(-c2cc3n(n2)CCC(=O)N3CCCC(=O)N2CCN(c3ccccn3)CC2)c2ccccc21,0.8657111665
Clc1ccc2c(NCCCNCc3ccc(-c4cccnc4)s3)ccnc2c1,1.146065989
CC1CCN(C(=O)C2CCOC2)CC1N(C)c1ncnc2[nH]ccc12,1.959136831
Clc1ccc(C[C@@]23CCCC[C@@H]2CNC3)cc1Cl,2.477121255
Cc1ccncc1C1=CC=C2[C@@H]3CC=C4C[C@@H](O)CC[C@]4(C)[C@H]3CC[C@]12C,8.68502e-05
Cc1nc(CCNCc2csc(-c3ncccn3)n2)cs1,1.7517208215
CC1CN(c2nc(SCCc3cccnc3)c(C#N)c3c2COC(C)(C)C3)CC(C)O1,1.816286247
C[C@H]1COC2=C3N1C=C(C(=O)C3=CC(=C2C4(CC4)N)F)C(=O)O,2.079181246
Cc1nc(-c2ccccc2)c(C(=O)N2CCN(c3cc(Cl)cc(Cl)c3)CC2)o1,2.005155718
NS(=O)(=O)c1ccc(CCNS(=O)(=O)Cc2ccccc2Cl)cc1,2.242892178
Cc1ccc(S(=O)(=O)N2c3c(c4ccc(Br)cc4n3C)CC=CC2c2ccccc2)cc1,1.865507545
CCC(Oc1ccccc1)C(=O)Nc1cccc2c1CCCC2,0.6735309545
COc1ccc(/C=C2\OC(=O)C=C2c2ccc(O)cc2)cc1,1.7521268455
CC1(C)C=C(N2CCCC2=O)c2cc(C#N)ccc2O1,1.849799808
CC1=C2C[C@H]3[C@@H](CC[C@@H]4Cc5nn(S(C)(=O)=O)cc5C[C@@]43C)[C@@H]2CC[C@@]2(C1)O[C@@H]1C[C@H](C)CN[C@H]1[C@H]2C,2.255272505
Fc1ccc2nc(-c3csc(-c4ccco4)n3)[nH]c2c1,0.5714259785
CS(=O)(=O)c1cncc(C[C@H](NC(=O)c2c(Cl)cc3c(c2Cl)CCN(C(=O)c2ccc4ccoc4c2)C3)C(=O)O)c1,2.607886123
CS(=O)(=O)NC(=O)Nc1ccc(C(F)(F)F)cc1,2.114010162
CC(C)NC(=O)COC1=CC=CC(=C1)C2=NC3=CC=CC=C3C(=N2)NC4=CC5=C(C=C4)NN=C5,1.369401414
O=c1ccc2cnc(N[C@H]3CC[C@H](O)CC3)nc2n1C1CCCCC1,1.4141358785
Clc1ccc(Nc2ccc(-n3ccnc3)nn2)cc1,1.7271582595
Cn1c(Cn2cc(-c3nnco3)ccc2=O)nc2cc(Cl)ccc21,3.0416610945
COc1ccccc1CCN[C@H]1CS(=O)(=O)C[C@@H]1S(=O)(=O)c1ccc(Cl)cc1,0.6831169260000001
CC(C)(C)CCN1C(=O)C(C2=NS(=O)(=O)c3c(OCC(N)=O)cccc32)=C(O)[C@@H]1C(C)(C)C,1.681241237
CN[C@@H](CC(C)(C)C)C(=O)N[C@H]1CC[C@@H]2CN(S(=O)(=O)c3ccc(C(F)(F)F)cc3)C[C@@H]21,1.280263654
CCCS(=O)(=O)c1ccc2[nH]c(C3CN(c4ccccc4)CCO3)nc2c1,1.700944865
CC(C)c1cc(-c2nn(C(C)C)c3ncnc(N)c23)no1,0.876880559
CC1=C2C[C@H]3[C@@H](CC[C@@H]4C[C@@H](n5ccnn5)CC[C@@]43C)[C@@H]2CC[C@@]2(C1)O[C@@H]1C[C@H](C)CN[C@H]1[C@H]2C,1.845222106
CN[C@@H]1CCc2ccccc2[C@H]1c1ccc(Cl)c(Cl)c1,1.977632165
O=C(CSc1nnnn1-c1ccc(C2CC2)cc1Cl)Nc1ccc(C(=O)O)cc1Cl,2.230397825
C[C@@H]1CN(c2ccc(F)cc2C(F)(F)F)CCN1S(=O)(=O)c1ccc(C#N)cc1,1.255272505
CCOC(C)c1nc(Cn2nc3ccccn3c2=O)cs1,2.390978509
CC1=C(C=C(C=C1)C(=O)NC2=CC(=CC=C2)S(=O)(=O)NC3=NC4=CC=CC=C4N=C3NC5=CC(=CC(=C5)OC)OC)OC,1.146438135
Cc1ccc(Oc2ccc(N(C[C@H](O)C(=O)NO)S(C)(=O)=O)cc2)cc1,2.079181246
CN(C)CCn1c(=N)n(CC(O)c2ccc(Cl)c(Cl)c2)c2ccccc21,1.7434447245000002
CC1=C(C=C(C=C1)C2=NN=C(C3=CC=CC=C32)NC4=CC=C(C=C4)OC)S(=O)(=O)NCC5=NC6=CC=CC=C6N5,0.763427994
O=C(c1c(OCC2CC2)cc(=O)n2c1CCOCC2)N1CCN(c2ccccc2F)CC1,1.765127336
C1CN(CCN1C2=CC=CC=N2)C(=O)CCNS(=O)(=O)C3=CC=CC4=NSN=C43,1.088363514
CCN[C@@H]1CC[C@H](NC(=O)CNC(=O)c2cccc(C(F)(F)F)c2)C[C@@H]1CS(=O)(=O)c1ccccc1,0.686366078
Cc1c(C(=O)O)sc2ccc(NC(=O)C3(NC(=O)c4ccc5c(C6CCCCC6)c(-c6ccccn6)n(C)c5c4)CCN(C)CC3)cc12,2.267124775
COCc1cc(C)nc2sc(C3=NC(C)(C)Cc4cc(OC)c(OC)cc43)c(N)c12,0.690004922
O=C(O)c1sc(C(=O)O)c(OCCO)c1OCCO,1.5857861665
O=C(Nc1n[nH]c2cc(Br)ccc12)c1cc(-c2cccnc2)[nH]n1,1.7838814630000002
COc1ccnc(Oc2ccc3c(c2)c(=O)ncn3Cc2ccc(F)cc2F)c1C(F)(F)F,1.9029814
O=C(Nc1cccc2ccccc12)C1c2ccccc2Oc2ccccc21,1.7042640185
N#Cc1cnc(C(=O)Nc2ccc(CN3CCOCC3)cc2C2=CCCCC2)[nH]1,1.306177174
Cc1ccc(C(=O)NNc2ccccn2)c(Nc2ccc3cn[nH]c3c2)n1,2.2126682545
CC(C)CCN1C(=O)C(C2=NS(=O)(=O)c3cc(NS(C)(=O)=O)ccc3N2)=C(O)[C@@H]2[C@@H]3CC[C@@H](C3)[C@@H]21,1.255272505
CCOC(=O)c1ncn2c1[C@@H]1CCCN1C(=O)c1cc(O)ccc1-2,2.7499863635
COCCN(CC(=O)N1N=C(c2ccccc2F)CC1c1cccs1)C(=O)CC(C)(C)C,0.936788524
CC(C)(C(=O)Nc1nncs1)[C@@H]1c2ccc(-c3ccc(C(=O)N4CCOCC4)cc3)nc2Oc2c(F)cccc21,0.959136831
O=C(Cc1cc(F)cc2ncccc12)Nc1scc(Br)c1-c1ncn[nH]1,1.379676948
C[C@H](NP(=O)(OC[C@H]1O[C@@H](n2ccc(N)nc2=O)C(F)(F)[C@@H]1O)Oc1ccccc1)C(=O)OCC(C)(C)C,1.501926491
CCCc1cnc(N2CCC(C3Cc4c(F)c(C5=CCN(S(=O)(=O)CCCO)CC5)cc(F)c4O3)CC2)nc1,1.774373492
O=C(c1ccc2[nH]c(=O)c3c(c2c1)CCSC3)N1CCN(C2CCCC2)CC1,1.161427901
CN1CC2CCC(C1)N2C(=O)[C@]12C[C@H]1c1cc(F)ccc1-c1c(C3CCCCC3)c3ccc(C(=O)NS(=O)(=O)C(C)(C)C)cc3n1C2,2.079181246
O=C(N[C@H](Cc1c[nH]c2ccccc12)C(=O)Nc1ccncc1)c1ccc(N2CCN(c3ccc(F)c(F)c3)CC2)cc1F,0.845222106
CN(C)CCCNc1nc(N2CCOCC2)nc2cc(-c3ccc(C(F)(F)F)cc3)sc12,2.396876445
CCOCCOCCOc1ccc(NC(=O)NC23CC4CC(CC(C4)C2)C3)cc1,2.512332468
CCCCCC[C@@](O)(CC)[C@H]1CC[C@H]2[C@@H]3C[C@H](O)[C@H]4C[C@@H](O)CC[C@]4(C)[C@H]3CC[C@]12C,1.237330039
COc1cccc(Nc2nnc(SCC(=O)OC(C)(C)C)s2)c1,0.9595612285
CC1c2c[nH]nc2-c2cc(F)ccc2N1S(=O)(=O)c1cnn(C)c1,1.879504297
Cc1nc(-c2ccc(NC(=O)c3cscn3)cc2Cl)n[nH]1,2.1486145065
CCCc1cnc(N2CCC(C3(C)Cc4cc(C5=CCN(S(=O)(=O)CCC)CC5)ccc4O3)CC2)nc1,1.25461807
CC(C)C(C)(NC(=O)c1ccccc1C#Cc1ccccc1)C(N)=O,1.9737466825
CCC1CN(C(=O)C(=O)c2c[nH]c3cccc(F)c23)CCN1C(=O)c1ccccc1,1.176150154
O=C(CCCOc1ccc(Cl)cc1Cl)Nc1ccc2c(c1)COC2=O,1.744231294
O=c1cc(OCc2ccccc2)ccn1-c1ccc2c(cnn2CC2=NCCN2)c1,2.414939939
CN(C)Cc1ccc(/C=C/c2n[nH]c3cc(/C=C4/C(=O)Nc5ccccc54)ccc23)cc1,1.602081706
Cc1nc(C(=O)N2CC(N)CC[C@H]2CNC(=O)c2cccc3cccnc23)c(-c2ccccc2)s1,3.494154594
COC(=O)c1ccccc1NC(=O)c1c(OC)cc(=O)n2c1CCCC2,1.365415755
Cc1cccn2c(=O)c(/C=N/O)c(NCc3ccco3)nc12,3.315766141
O=C(NC1CCN(Cc2ccc3c(c2)OCO3)CC1)c1cc2ccc3ccccc3c2o1,1.2477279675
Cn1c(C(=O)NCc2ccc(S(=O)(=O)c3ccccc3)cc2)cc2cnccc21,1.922687859
CCS(C)(=O)=Nc1ccc(C(F)(F)F)cc1,2.114010162
CNc1nc(NCCCN(C)C)c2sc(-c3ccc(C(=O)N4CCOCC4)cc3)cc2n1,2.00008685
Nc1ccc2c(c1)C(N(Cc1ncc[nH]1)c1ccc(Cl)cc1)C(O)CCO2,1.1444914565
COc1ccc(NS(=O)(=O)c2c(C)nn(-c3ccc(-c4ccccc4)nn3)c2C)cc1F,1.7200521185
Cc1nc(Cl)nc(Cl)c1CCCl,2.180534292
COc1cc2nc(C3CC3)nc(N3CCN(c4ccccc4OC)CC3)c2cc1OC,0.988681286
COc1ccc(-c2cn(Cc3nnc(-c4cc(S(N)(=O)=O)c(SCc5ccccc5)cc4Cl)o3)nn2)cc1,1.11058971
[2H]C([2H])([2H])Oc1ccc2c3nn(-c4ccc(OC)nc4)c(=O)c-3c[nH]c2c1,2.7951321355000003
CCCOc1cc(C(F)(F)F)cc2c1n(C)/c(=N/c1ccc(C(F)(F)F)cc1)n2Cc1ccc(C(=O)Nc2nnn[nH]2)cc1,1.550351958
Cc1nc(C)c(-c2csc(Nc3ccc(C(=O)N4C5CCC4CN(c4ncc(C(N)=O)cn4)C5)cn3)n2)s1,1.499866027
C/C=C/[C@H]1CN(C(=O)c2cc(-c3ccc(F)cc3)on2)[C@@H](CC(C)C)C(=O)N1,1.230397825
NS(=O)(=O)NCc1csc2ccccc12,1.818147574
CCc1nn(CCN)c(CC)c1Oc1cccc(C#N)c1,2.079181246
CCc1c(N2CCOCC2=O)cccc1S(=O)(=O)N[C@@H](CNC(=O)c1ccc(Cl)s1)C(=O)N1CCC(OC)CC1,3.139674882
O=C(NCc1cccnc1)Nc1ccc(S(=O)(=O)N2CCCCCC2)cc1,1.367777572
COc1cc2c(N3CCN(C(=O)Nc4ccc(OC(C)C)cc4)CC3)ncnc2cc1OCCn1ncnn1,2.075473965
O=S1(=O)N=C(N(CCOc2ccccc2)CCOc2ccccc2)c2ccccc21,0.748080399
COc1cccc2c(C(=O)N3CCN4CCCC[C@@H]4C3)cn(CC3CCCCC3)c12,0.698952632
Cc1ccc(C(=O)N[C@H](c2cn(C3(C#N)CC3)nn2)C2CCCCC2)cc1,1.079181246
COc1c(-c2coc3cc4c(cc3c2=O)CC(OC(C)=O)C(C)(C)O4)ccc2c1C=CC(C)(C)O2,1.2106594245
Cc1ccc(C(=O)Nc2ccc(Cl)c(C(F)(F)F)c2)cc1NC(=O)C1(c2cc(NCCCN3CCN(C)CC3)ncn2)CC1,2.477121255
N[C@H]1CC[C@@H](n2cnc3cnc4[nH]ccc4c32)CC1,2.51851394
CCC(=O)Nc1cc(Cl)c(Oc2ccc(O)c(-c3ccc(C(C)=O)cc3)c2)c(Cl)c1,0.755874856
O=C(Nc1cnn(-c2cccc(C(=O)Nc3cnn(C4CCNCC4)c3)c2)c1)Nc1ccccc1Cl,2.610660163
Cc1nc(C2CCN(C(=O)[C@@H]3C[C@](C)(N)C[C@H]3c3ccc(F)cc3F)CC2)n(-c2ccc(F)c(Cl)c2)n1,2.343385842
COc1cncc(C2=CC[C@H]3[C@@H]4CC=C5N(C)C(=O)CCC[C@]5(C)[C@H]4CC[C@]23C)c1,8.68502e-05
N#Cc1cc(-n2ccnc2-c2cc3n(n2)CCNC3)ccc1N1CCOCC1,1.417181256
CC(C)n1c(N2CCCN(C(=O)c3cc4cc(Cl)ccc4[nH]3)CC2)cc(=O)n(C(C)C)c1=O,1.09819075
COc1ccccc1-c1ccc2[nH]c(/C=C/C3CCCCC3)nc2c1,1.161365038
CC(C)(C)CCn1c(=O)c(C2=CS(=O)(=O)c3cc(NS(C)(=O)=O)ccc3N2)c(O)c2cccn21,1.477121255
O=C(CCc1nnc[nH]1)Nc1cc(C2CCCCCC2)[nH]n1,2.331030159
CC(=O)Nc1cccc2[nH]c([C@@]3(Cc4ccccc4)OC(=O)N([C@H](C)c4ccc(F)cc4)C3=O)nc12,2.251494747
C1=CC2=C3C(=C1)C(=O)N(C(=O)C3=CC=C2)CC(=O)O,2.079181246
CN(C)CCN(CC1=CC=C(C=C1)OC)C2=NC=CC=N2,0.940516485
CN1CCN(c2cn(S(=O)(=O)c3ccc(F)cc3)c3ccccc23)CC1,2.107042763
O=C(O)c1cccc(NS(=O)(=O)c2ccc(-c3ccc(Cl)cc3Cl)cc2)c1,2.114010162
Nc1nccc(-c2ccc3nc(C4COc5ccccc5C4)sc3c2)n1,1.672079377
C=C(C)[C@@H]1CC[C@]2(C(=O)NCc3ccc(F)cc3C(=O)O)CC[C@]3(C)[C@H](CC[C@@H]4[C@@]5(C)CC[C@H](OC(=O)CC(C)(C)C(=O)O)C(C)(C)[C@@H]5CC[C@]43C)[C@@H]12,1.080669764
CN1CCC(CC1)NC2=NC=C3C(=N2)C(=NC=N3)NC4=CC(=C(C=C4)F)Cl.Cl.Cl,2.065691728
C=C(C)[C@@H]1CC[C@]2(C(=O)NCc3cccc(OC)c3)CC[C@]3(C)[C@H](CC[C@@H]4[C@@]5(C)CC[C@H](OC(=O)CC(C)(C)C(=O)O)C(C)(C)[C@@H]5CC[C@]43C)[C@@H]12,1.080669764
O=c1cc(CSC2CCCCC2)nc2sc3c(n12)CCCC3,0.484323211
CC[C@H]1OC(=O)[C@H](C)[C@@H](O[C@H]2C[C@@](C)(OC)[C@@H](O)[C@H](C)O2)[C@H](C)[C@@H](O[C@@H]2O[C@H](C)C[C@H](N(C)C)[C@H]2O)[C@](C)(O)C[C@@H](C)CN(CCNC(=S)Nc2ccccc2)[C@H](C)[C@@H](O)[C@]1(C)O,2.079181246
[2H]C([2H])([2H])Oc1ccccc1-n1nc2c3ccc(Br)cc3[nH]cc-2c1=O,2.8395504005000003
CC(C)(NC(=O)COc1ccc2[nH]c(=O)c(-c3cccnc3)c(CCc3ccccc3)c2c1)c1ccccc1,2.047664915
Cc1cc(C)c(Oc2nc(N)nc(Nc3ccccc3)n2)c(C)c1,2.306856127
CC1=CC(=C(C=C1SC2=CN=C(S2)NC(=O)C3=CC=C(C=C3)CNC(C)C(C)C)C(=O)N4CCN(CC4)C(=O)C)OC,0.906335042
Nc1ncc(-c2cn3c4c(nc3c(N3CCOCC3)n2)CN(C(=O)NCc2ccc(F)cc2)CC4)cn1,0.472035706
CC1(COc2ccc(-c3ccc(F)cc3)nc2)Cn2cc([N+](=O)[O-])nc2O1,1.882797669
CNC(C(=O)Nc1cc2cc[nH]c(=O)c2cc1Cl)c1ccccc1,1.176091259
Cn1c(-c2ccccn2)c(C2CCCCC2)c2ccc(C(=O)NC3(C(=O)Nc4ccc(/C=C/C(=O)O)cc4)CCC3)cc21,1.698952632
CC(C)CCn1nc(CCC(F)(F)F)c(O)c(C2=NS(=O)(=O)c3cc(NS(C)(=O)=O)ccc3N2)c1=O,1.491389712
CN1CCc2nc(C(=O)N[C@@H]3CC[C@@H](C(=O)N(C)C)C[C@@H]3NC(=O)c3cc4cc(Cl)ccc4[nH]3)sc2C1,0.530492796
NCC#Cc1cccnc1,1.799340549
COc1cc(OC)nc(-c2nnc([C@@]3(Cc4ccccc4)OC(=O)N([C@H](C)c4ccccc4)C3=O)o2)n1,1.249321963
CCc1ccccc1NC(=O)Cn1nc2n(C)c(=O)c3ccc(C(=O)NC(C)CC)cc3n2c1=O,1.9423539425
c1ccc(Cn2ncc3/c(=N/c4cccc5ccccc45)nc[nH]c32)cc1,1.94428181
C1CCCN(CC1)C2=NC=C(C=C2)C3=CC=C(C=C3)C(=O)O,2.079181246
Cc1c(Nc2c(C#N)cncc2/C=C/c2cccc(OCCN3CCN(C)CC3)c2)ccc2[nH]ccc12,2.079181246
COc1ccc(-n2nc(C(F)(F)F)c3c2C(=O)N(c2ccc(C4(CN(C)C)CC4)cc2)CC3)cc1,2.041313715
CNc1nc(NCCN2CCOCC2)c2sc(-c3ccc(C(F)(F)F)cc3)cc2n1,1.489709364
C1=CC=C(C=C1)NC(=NC2=CC=CC=C2)N,2.079181246
O=C(NCCC(c1ccccc1)c1ccccc1)c1ccncc1,0.477121255
CCc1cccc(N2C(=O)Nc3ccccc3N2O)c1,1.6758450485
Cc1nc2nc(N3C(=O)CCC3=O)nn2c(C)c1Cl,1.766681693
O=C(NCc1cccnc1)Nc1ccc(Oc2ccccc2)cc1,3.315766141
CC(=O)N(CC(=O)N1CCCN(c2ccc(-c3ccccc3)nn2)CC1)C(C)c1ccccc1,0.8020107605
C[C@]12C=CC(=O)C=C1CCC1C2CC[C@]2(C)C(=O)CCC12,1.623216627
c1ccc(/N=c2/nc(N3CCN(C(c4ccccc4)c4ccccc4)CC3)nc(Nc3ccccc3)[nH]2)cc1,3.315766141
O=C1CCCC1CC/C=C/S(=O)(=O)c1ccccc1,1.366596672
CN(c1nn(CCC(C)(C)C)c(=O)c(C2=NS(=O)(=O)c3cc(NS(C)(=O)=O)ccc3N2)c1O)C(C)(C)C,0.77815125
COc1cc(N)ccc1-c1nc2c(C)nn(C3CCCCC3)c(=O)c2[nH]1,1.692649666
CCCC(NNC(=O)c1cnccn1)C(=O)OC,0.638308927
C[C@]12CCNC(=O)C=C1CC[C@@H]1[C@@H]2CC[C@]2(C)C(c3cccnc3)=CC[C@@H]12,8.68502e-05
N#Cc1csc(NC(=O)CN2C(=O)CCc3ccccc32)c1-c1ncn[nH]1,1.946136318
CC(=O)CC[C@H]1C(=O)N[C@@H](C(C)C)C(=O)N[C@@H](Cc2cccc(O)c2)C(=O)N2CCCC(N2)C(=O)O[C@H](/C(C)=C/C=C/C(=O)N(C)C2CCCCC2)C/C=C/C=C/[C@H](O)[C@H](C)[C@H]1O,0.51851394
COCc1cc(C)nc2sc(-c3nc(N)nc(N(C)C)n3)c(N)c12,1.0321578685
CC(N)C1(c2ccc3ccccc3c2)CCCCC1,2.17898271
CNS(=O)(=O)c1ccc(C(=O)N[C@H](c2cn(C3(C#N)CC3)nn2)C2CCCCC2)cc1,1.579760738
c1cncc(CN2CCC(n3nnc4cnc5[nH]ccc5c43)CC2)c1,1.62324929
CCn1cnc2c(Nc3ccc(OC)c(Cl)c3)nc(Cl)nc21,1.4048560345
Cc1cccc(NC(=O)c2nn(C)c(-c3cccc(Cl)c3)c2C)n1,2.086288629
CC(C)[C@]1(C(=O)N2C[C@@H]3C[C@H]2CN3C(=O)C2CCCC2)CC[C@@H](NC2CCOCC2F)C1,2.079181246
Cc1cc(C(=O)N[C@H](c2cn(C3(C#N)CC3)nn2)C2CCCCC2)cs1,0.954242509
N[C@H]1CC[C@@H](C(=O)Nc2cc3cc[nH]c(=O)c3cc2Cl)CC1,1.845222106
Cc1nc(-c2ccccc2)c(C(=O)N2CCN(c3cccc(Cl)c3)CC2)o1,1.317408416
Cn1c(=O)c(F)c(Nc2ccc(I)cc2F)c2c(=O)n(CCO)cnc21,1.707570176
COc1cc(NC(=O)C2COc3ccc(F)cc3C2)ccc1-c1cn[nH]c1,1.447189051
N#Cc1cccc(S(=O)(=O)Nc2cc(Br)ccc2C(=O)N2CCCCC2)c1,0.893185909
CNC1(c2ccc(N3CCc4c(C(F)(F)F)nn(-c5ccc(OC)cc5)c4C3=O)cc2)CC1.O=C(O)C(F)(F)F,2.089905111
C1=CC=C2C(=C1)C(=O)C3=CC=CC=C3N2CC(=O)O,2.079181246
CC(C)CNCC(=O)Nc1ccc(C(=O)N2c3ccc(S(=O)(=O)N4CC(c5ccccc5)NC4=O)cc3CC2C)cc1.Cl,0.7831315955
O=C(c1ccc(Br)cc1NS(=O)(=O)c1c(Cl)nc2sccn12)N1CCCCC1,0.893185909
Cl.Cl.c1ccc2c(c1)n(CCN1CCCC1)c1nc(-c3ccc4c(c3)OCO4)cn21,1.042415673
O=C(NCc1ccc(F)cc1)Nc1ccc(S(=O)(=O)N2CCCCC2)cc1,1.638486293
O=C(NC(c1ccccc1)c1cccc2ccccc12)c1nc(=O)[nH][nH]1,1.174398117
Cc1cc(C)c(NC(=O)C2CCCCC2C)cc1CN1CCOCC1,1.464644118
Cc1cc(C)c(NC(=O)NCc2ccc3nnn(C4CCC(=O)NC4=O)c(=O)c3c2)c(Br)c1,1.2805952645
CC(C)(C1=NC=C(N1)C2=CC=C(C=C2)OC(F)(F)F)N,2.079181246
CN(/C=N/c1c(F)c(F)cc(F)c1F)/C=N/c1c(F)c(F)cc(F)c1F,1.520646817
Cc1cc(NC(=O)N2CC[C@@H](C)[C@@H](N(C)c3ncnc4[nH]ccc34)C2)sn1,1.633488655
Cc1ncc2n1-c1ccc(Cl)cc1C(c1ccccc1F)=NC2,0.5722744205
CN(C)CC1(c2cccc(Cl)c2)CCCCC1,1.36169007
Nc1nc(CC(=O)Nc2ccc(C[C@@H]3CC[C@H]([C@H](O)c4ccccc4)N3)cc2)cs1,1.532004681
CS(=O)(=O)Nc1ccc2c(c1)S(=O)(=O)N=C(C1=C(O)[C@@H]3C4CCC(CC4)[C@@H]3N(CC3CCCC3)C1=O)N2,1.672079377
COc1ccc(NC(=O)N2C[C@H]3C[C@@H](c4ccccc4C(F)(F)F)C[C@H]3C2)c(C(=O)O)c1,2.251494747
CC(=O)O[C@@]12CO[C@@H]1C[C@H](O)[C@@]1(C)C(=O)[C@H](O)C3=C(C)[C@@H](OC(=O)[C@H](O)[C@@H](NC(=O)OC(C)(C)C(F)F)c4ccc(F)cc4)C[C@@](O)([C@@H](CC(=O)c4ccccc4)[C@H]21)C3(C)C,2.3359387895
C[C@H](CO)n1ccc2c(NC(=O)Cc3ccc(Cl)c(C(F)(F)F)c3)cccc2c1=O,1.77815125
O=[N+]([O-])c1cn2c(n1)OC[C@@H](OCC#Cc1ccc(-c3ccc(OC(F)(F)F)cc3)cn1)C2,2.552524742
Cc1[nH]nc2c1C(c1cc(F)cc(-c3cccc(C(=O)O)c3)c1)(C(C)C)C(C#N)=C(N)O2,2.195954973
O=C(NO)c1cnc(N2C[C@H]3CN(Cc4ccc5ccccc5c4)C[C@H]3C2)nc1,1.801405965
Cc1ccc(OCCn2c(C)c(/C=N/n3cnnc3)c3ccccc32)cc1C,1.2351720735
O=C1CC(=O)N(CCc2cccc(F)c2)C(=O)N1CCc1cccc(F)c1,1.491389712
Cc1ccc(S(=O)(=O)N2CCC(C(=O)Nc3ccc4ccccc4c3)CC2)c(C)c1,0.939519253
CNc1nc(CNc2nc(COC)nc3scc(-c4ccccc4)c23)cs1,0.8071026665000001
COc1nc(OC)nc(Oc2ccc(NC(=O)c3c[nH]c4ccccc34)cc2)n1,3.315766141
CC1(C)CC(=O)c2c(O)cc(OCC(=O)N3CCN(C(=O)C4COc5ccccc5O4)CC3)cc2O1,1.108058519
CC(C)(C)n1cc(/C=C/c2ncc(Br)s2)nn1,2.309828428
COP(=O)(OC)OC1=CC=C(C=C1)[N+](=O)[O-],1.124830149
CS(=O)(=O)c1ccc(CC2CCN(CCCN(C(=O)C3CCN(S(C)(=O)=O)CC3)c3ccc(Cl)c(Cl)c3)CC2)cc1,1.462395034
Cc1cc(=O)n(C2CCNCC2)nc1-c1ccccc1.Cl,1.7823592165000002
CCOc1cc(=O)n2c(c1C(=O)Nc1ccc3c(c1)OCO3)CCCC2,3.000744162
CCNc1nc2cc(Nc3ccnc4cc(Cl)ccc34)ccc2o1,1.994238833
Cc1oc(-c2ccccc2)nc1CN1CCCC(C(=O)NCC2CCOCC2)C1,0.970439863
Fc1ccc(-c2n[nH]cc2Cn2cnc(-c3ccccc3)c2-c2ncc[nH]2)cc1,1.0711870955
Cc1nc(C(=O)N2[C@H](CNc3nc4ccccc4o3)CCC[C@@H]2C)c(-c2ccc(F)cc2)s1,1.77815125
Cn1c(=O)c(Cl)c(N2CCC[C@@H](N)C2)n(Cc2ccccc2C#N)c1=O,2.214790882
C[C@@H]1CN(c2ccc(F)cc2C(F)(F)F)CCN1S(=O)(=O)c1ccc(N2CCCCC2)cc1Cl,1.322219295
CC(C)C(=O)N(Cc1ccc(Cl)cc1Cl)[C@H]1CCNC1,2.079181246
Cc1ncn(-c2cc(NCCNC(=O)C(C)(C)C)ncn2)c1C,1.3487814005
CCN(C(=O)COC(=O)c1cc2c(C)nn(-c3ccccc3)c2s1)c1cccc2ccccc12,0.951575992
O=C(NOCCO)c1cc(CNOCCO)c(F)c(F)c1Nc1ccc(I)cc1F,2.556302501
O=[N+]([O-])c1cn2c(n1)OC[C@H](COc1ccc(OC(F)(F)F)cc1)C2,2.596298824
O=S(=O)(c1ccc(Cl)cc1)N1C2CCCC1c1cn[nH]c1C2,1.4400290245
Cc1ccc(S(=O)(=O)N2CCCC(C(=O)Nc3ccc4c(c3)OCCO4)C2)cc1,1.6858613555000002
COc1ccc(C(F)(F)F)cc1C(=O)/N=c1\sc(C(C)(C)C)c(C)n1CC1CC1,1.806012767
CCOC(=O)c1cc(-c2csc(Nc3ccc(C)cc3)n2)on1,8.68502e-05
CC1CCN(S(=O)C23CC4CC(CC(C4)C2)C3)CC1,0.9470116995
CN1CCN(c2cc3c(cc2F)c(=O)c(-c2noc(Cc4ccc(F)cc4F)n2)cn3Cc2ccc(Cl)cc2)CC1,1.412302484
Cc1ccc2c(=O)n([C@H](C)CO)ccc2c1NC(=O)Cc1ccc(C(F)(F)F)c(F)c1,1.954242509
Clc1ccccc1C1(c2ccnc(Cn3cncn3)n2)CCNCC1,2.410619886
CNS(=O)(=O)c1ccc(-c2cnc(N)c(-c3ccc(OC)nc3)c2)cc1,2.257726561
CNc1nc2ccccn2c(=N)c1S(=O)(=O)c1ccccc1,0.857332496
CC(C)(C)CN1CCC2(CC1)CN(c1ccccc1NC(=O)Nc1ccc(OC(F)(F)F)cc1)c1c(O)cc(F)c(-c3ccc(F)cc3)c12,1.517117578
CN1C(=O)c2[nH]nc(-c3ccccc3)c2C1c1ccco1,1.6362008275000002
COC(C(=O)Nc1ccc(S(=O)(=O)Nc2cccc(Cl)c2Cl)cc1)c1ccccc1,1.4922684305
C[C@@H]1c2c[nH]nc2-c2cc(F)ccc2N1S(=O)(=O)c1ccc(Cl)cc1,0.654701031
O=C(Cn1c2ccccc2c2ncn(Cc3nc(C4CC4)no3)c(=O)c21)NC1CCCCC1,1.382061051
O=c1[nH]c(N2CCc3ccccc3C2)nc2ncc3c(c12)CCC3,0.654701031
CC(C)COc1cc(=O)n2c(c1C(=O)N1CCC(C)CC1)CCCCC2,1.406013117
CS(=O)(=O)Nc1ccc2c(c1)S(=O)(=O)N=C(C1=C(O)[C@@H]3[C@@H]4CC[C@@H](C4)[C@@H]3N(Cc3cccc(F)c3)C1=O)N2,3.008082491
CC1=C(C=C(C(=O)N1C2=CC=CC(=C2)C(F)(F)F)C(=O)NCC3=NC=C(C=C3)S(=O)(=O)C)C4=CC=NN4C,2.079181246
CCCS(=O)(=O)N1CCN(S(=O)(=O)c2ccc(NC(C)=O)cc2)CC1,1.145628662
CC(C)[C@@H](NC(=O)N[C@@H]1CC[C@H](O)C1)C(=O)N1CC[C@](O)(c2ccc(Cl)cc2)C(C)(C)C1,2.180534292
ClC(Cn1ncc2c(Nc3ccccc3)nc(SCCN3CCOCC3)nc21)c1ccccc1,2.908916118
O=[N+]([O-])c1cn2c(n1)OC[C@H](Oc1ccc(OC(F)(F)F)cc1)C2,2.295268828
COc1cc(CN2CCN(S(=O)(=O)c3ccc(NC(C)=O)cc3)CC2)cc(OC)c1OC.O=C(O)C(=O)O,1.948367568
CCc1nc(N)nc(N)c1-c1ccc2c(c1)N(CCCOC)C(=O)C(c1ccc(F)c(F)c1)O2,1.00008685
O=C1N[C@@H](Cc2c[nH]c3ccccc23)C(=O)N[C@H]1Cc1c[nH]cn1,1.5394688755
CC(C)CC1n2cncc2CN(Cc2ccc(Cl)cc2)S1(=O)=O,0.9029814
CC(=O)O[C@@]12CO[C@@H]1C[C@H](O)[C@@]1(C)C(=O)[C@H](O)C3=C(C)[C@@H](OC(=O)[C@H](O)[C@@H](NC(=O)OC(C)(C)CF)c4ccccc4)C[C@@](O)([C@@H](OC(=O)c4cccc(F)c4)[C@H]21)C3(C)C,1.9156106175
Cc1c(Cl)cccc1Oc1cccn2c(C3CCC(C)(O)CC3)nnc12,2.838644886
CC1CCN(S(=O)(=O)c2cccc(-c3ccccc3Cl)n2)CC1,0.547217018
CN1CCN(c2ccc3[nH]c(-c4ccc5[nH]c(-c6ccc(O)cc6)nc5c4)nc3c2)CC1,1.4764084765
COc1cc(S(=O)(=O)N2CCC(C(N)=O)CC2)c(OC)cc1Cl,2.138429678
Cc1nnc(-c2sccc2NC(=O)Cc2cccc3ccccc23)o1,0.810242493
NC(=O)c1ccccc1S(=O)(=O)c1ccc(/C=C/c2ccc(F)cc2F)cc1,0.750882631
Fc1ccc(C(c2ccc(F)cc2)N2CCN(C/C=C/c3ccccc3)CC2)cc1,2.070618798
COc1cc(OC)cc(N2CCN(C(=O)c3oc(C)nc3-c3ccc(F)cc3)CC2)c1,1.307658873
C=CC1=C2C(=CC(=C1)O)N=C(O2)C3=CC(=C(C=C3)O)F,0.766412847
CC(C)[C@@H](NC(=O)C[C@@H](C)O)C(=O)N1CC[C@](O)(c2ccc(Cl)cc2)C(C)(C)C1,2.475143873
CCN(Nc1c(Nc2cccc(C(=O)N(C)C)c2O)c(=O)c1=O)c1ccccn1,2.079181246
COc1cc(-c2c3oc4cc(O)ccc4c3nc3c2c(O)nn3C2CCCCC2)ccc1O,1.5851188525
C=CCSCC1=CC(C)(C)Nc2ccc(-c3cc(F)ccc3OC)cc21,1.079181246
O=c1[nH]c2cc(-c3cccnc3)ccc2c2[nH]c(-c3ccccc3Cl)nc12,1.464644118
Nc1ccc(F)cc1-c1cc(Cl)cc(Cl)c1,1.0578517225
CC1=CC(C)(C)N2C(=O)C3(NCCc4c3[nH]c3ccccc43)c3cccc1c32,0.5110480895
NC(c1cccc(Cl)c1)c1nc2ccc(-c3cn[nH]c3)cc2c(=O)[nH]1,1.662776714
O=[N+]([O-])c1cn2c(n1)OC[C@@H](OCC#Cc1ccc(-c3ccc(C(F)(F)F)nc3)cc1)C2,2.321323554
Cn1cc(S(=O)(=O)[C@H]2CC[C@](CNC(=O)c3ccc(Cl)cc3Cl)(CC3CC3)CC2)nn1,1.500375969
COc1cncc(C2=CC[C@H]3[C@@H]4CCN5C(=O)CCCC[C@]5(C)[C@H]4CC[C@]23C)c1,8.68502e-05
C[C@](O)(c1ccc(C(=O)N(C2CC2)[C@H]2CC[C@](CNS(C)(=O)=O)(c3ccccc3)CC2)cc1)C(F)(F)F,2.295268828
O=S(=O)(c1ccc2[nH]c(N3CCOC(c4ccccc4)C3)nc2c1)C(F)(F)F,2.012345625
C[C@H]([C@@H](CC1=CC(=CC=C1)C(=N)N)C(=O)OC)NC(=O)C2=CC=C(C=C2)C3=CC=[N+](C=C3)[O-],2.079181246
CS(=O)(=O)N1CCCC1c1cc2[nH]c(-c3ccccn3)nc2cc1Oc1ccc(F)cc1,1.188555375
CC(=O)O[C@@]12CO[C@@H]1C[C@H](O)[C@@]1(C)C(=O)[C@H](O)C3=C(C)[C@@H](OC(=O)[C@H](O)[C@@H](NC(=O)OC(C)(C)CF)c4ccc(F)cc4)C[C@@](O)([C@@H](CC(=O)c4ccccc4)[C@H]21)C3(C)C,1.9931423575
CC(C)Cn1c(NCCN(C)C)nc2c1c(=O)[nH]c(=O)n2C,3.315766141
COc1ccc(NC(=O)CCc2c(C)n(Cc3ccccc3)c3nc(-c4ccccc4)nn3c2=O)cc1,1.068044057
Cc1ccccc1S(=O)(=O)c1ccc(CNC(=O)c2cc3cnccc3[nH]2)cc1,1.452268895
COc1cc(-c2nn(CCN3CCC(N(C)C)CC3)c3ncnc(N)c23)ccc1NC(=O)OC(C)(C)C,2.52642867
COc1nc(OCC(=O)c2ccccc2)nc(OC)c1Br,0.8822852354999999
O=C1CS/C(=N/c2cccc(C(F)(F)F)c2)N1,1.0179361130000002
COc1cccc(CNC(=O)c2cc3ccc(-c4cn[nH]c4)nc3n2CCN(C)C)c1,1.230397825
O=C1C(c2ccc(Cl)cc2)=[N+]([O-])c2cc3c(cc21)OCO3,8.68502e-05
COc1ccccc1Nc1nc(N)nc(CN(C)Cc2ccco2)n1,1.239538348
O=C(c1cc(-c2ccccc2)n[nH]1)N1CCN(c2ccccc2)CC1,1.740378482
O=S(=O)(c1ccccc1)c1ccc(/C=C/c2ccc(F)cc2F)cc1,0.972117313
CCn1c(C(=O)N(C)c2cc(C)ccc2OC)cc2c(=O)oc3ccccc3c21,0.6425766264999999
Cc1nn(-c2nnn(CC(=O)O)n2)c(C)c1Br,1.955814636
CCOc1cc(NC(=O)C2(NC(=O)c3ccc4c(C5CCCC5)c(-c5cnn(C)c5)n(C)c4c3)CCC2)ccc1/C=C/C(=O)O,1.643432935
CCN(CC)S(=O)(=O)c1ccc2nc(NCc3cc(F)cc(F)c3)cnc2c1,1.1305593105
Clc1cccc(CN(Cc2ccccn2)[C@H]2CCNC2)c1Cl,1.785472203
C=C1COC(c2cc(C)cc(C)c2)c2c(C(C)C)c(OC)nc(=O)n21,1.37888908
COc1ccc(Cl)cc1C(=O)N1CCN(c2cccc(Cl)c2)CC1,0.778895509
CC1(C)Cc2ccccc2C(C2=NC(C)(C)Cc3ccccc32)=N1,0.891790253
CCCN(CCCNc1ccnc2cc(Cl)ccc12)Cc1ccc(Cl)o1,0.876384428
CN1Cc2cc(-c3cccc([C@H](O)[C@@H](O)C(N)=O)n3)ccc2Oc2ccc(C(F)(F)F)cc21,2.52642867
Cc1ccc(-n2ccnc2S(=O)(=O)Cc2noc(C)n2)c(C)c1,2.1241200965
COc1c(C#Cc2ccc(NS(C)(=O)=O)cc2)cc(N2CCC(=O)NC2=O)cc1C(C)(C)C,1.30628228
CO[C@@H]1CCOC[C@H]1NS(=O)(=O)c1c(Cl)nc2sccn12,1.3800871985
N#Cc1cc(Cl)cc2c1OCC(=O)N2Cc1nnc(-c2ccccn2)n1CCC(F)(F)F,1.969362375
O=c1ccc2ccc3occc3c2o1,1.3217730785
O=C(Cn1cncn1)c1ccc(-c2ccccc2)cc1,1.19921485
O=c1[nH]cnc2c1nnn2Cc1cc(F)cc(F)c1,2.2650434930000003
CCC1=C(C(=O)OCC2CCCCC2)[C@H](c2cccc(O)c2)NC(=O)N1,1.041313715
O=C(CN1CCCC1Cn1cccn1)Nc1ccccc1-n1ccnc1,1.7872368645
COc1cccc2c1OCC(C(=O)N1CCC3(CCCO3)CC1)C2,1.669943657
O[C@H]1CC[C@H](n2nnc3cnc4[nH]ccc4c32)CC1,1.857332496
O=C(NCc1ccc(S(=O)(=O)c2cccc(C(F)(F)F)c2)cc1)c1ccc2nccn2c1,1.188555375
Cc1nccc(-c2ccccc2Cl)c1C(OC(C)(C)C)C(=O)NCCO,0.793647804
CC(C)(C)CCn1c(=O)c(C2=NS(=O)(=O)c3cc(NS(C)(=O)=O)ccc3N2)c(O)c2cccn21,1.00008685
O=C(NCc1ccc(S(=O)(=O)c2ccccc2)cc1)c1nc2ccncc2s1,1.731739325
Fc1ccc(C(Cl)Cn2ncc3c(Nc4cccc(Br)c4)ncnc32)cc1,3.165666407
CCCCN1C(=O)[C@@H]([C@H](O)C2CCCCC2)NC(=O)C12CCN(Cc1ccc(Oc3ccc(C(=O)O)cc3)cc1)CC2.Cl,1.00761405
Cc1n[nH]c(=O)c(C(=O)NC2CCc3nc(C(C)(C)C)cn3C2)c1C,2.0716579095
Cn1c(Nc2ccc(I)cc2F)c(C(=O)NOC[C@@H](O)CO)c2c1C(=O)CC2,1.80631567
CCN1CCCC(O)(c2cccc(Nc3ncc4c(=O)c(C(=O)NOC)cn(-c5ccc6c(c5)CCC6)c4n3)c2)C1,1.734181218
COc1cc(OC)cc(N2CCC(N(C)C(=O)Cc3c(N)nc(C)[nH]c3=O)C2)c1,1.9695762375
CS(=O)(=O)c1cccc(Oc2cccc(-c3c(CN4CCSC4)nc4c(C(F)(F)F)cccn34)c2)c1,0.77815125
Nc1nc(F)c2ncn(C3CC(O)C(CO)O3)c2n1,0.8827846935
C1CN(CCC1NC2=NN=C(C=C2)C(F)(F)F)CC3=CC(=C(C=C3)F)F,1.626545659
c1ccc(-c2nc3cccnc3nc2N2CCCCC2)cc1,0.862423927
CC[C@H]1OC(=O)[C@H](C)[C@@H](O[C@H]2C[C@@](C)(OC)[C@@H](O)[C@H](C)O2)[C@H](C)[C@@H](O[C@@H]2O[C@H](C)C[C@H](N(C)C)[C@H]2O)[C@](C)(O)C[C@@H](C)CN(CCCN(CCC#N)C(=S)NCc2ccccc2)[C@H](C)[C@@H](O)[C@]1(C)O,2.079181246
CS(=O)(=O)c1ccc(-c2cnc(N)c(-c3ccc(C(N)=O)cc3)c2)cc1,2.544043227
O=c1cc(-c2ccc(Cl)cc2Cl)ccn1-c1ccc2c(cnn2CCN2CCCC2)c1,2.082857149
CCCc1cnc(N2CCC(C3Cc4cc(N5CCN(S(=O)(=O)CCC)CC5)ccc4O3)CC2)nc1,1.543172303
CC(C)[C@]1(C(=O)N2C[C@@H]3C[C@H]2CN3C(=O)OC2CCCC2)CC[C@@H](NC2CCOCC2F)C1,1.230397825
CS(=O)(=O)Nc1ccc2c(c1)S(=O)(=O)N=C(C1=C(O)[C@H]3[C@@H]4CC[C@@H](C4)[C@H]3N(Cc3ccc(F)cc3)C1=O)N2,1.300986564
CC(C)CN1CCCC[C@H]1C(=O)Nc1cc(C(C)(C)C)on1,0.77815125
FC1(F)CCC(C(CC2CCCCN2)C2CCCCC2)CC1,2.698952632
CC(C)(C)OC(=O)Nc1ccc(-c2ccc(CNCCNc3ccnc4cc(Cl)ccc34)s2)cc1,1.612762671
COc1ccccc1CC(c1ccccc1)N1CCNCC1,2.079181246
COc1ccc2ccccc2c1-c1cc(Cn2c(C)c(C)ncc2=O)on1,0.795665659
CC(C)(F)c1nc([C@@H]2CCCN2C(=O)C[C@H](N)Cc2cc(F)c(F)cc2F)no1,2.079181246
Cc1ccc(N2C(=O)c3[nH]nc(C)c3C2c2ccco2)cc1,1.7603835865
Nc1cc(C(=O)OCCC2CCOC2=O)cnc1Cl,0.763409349
NC(=O)c1nc(-c2ccccc2)oc1N,1.83238116
CCC(=O)NS(=O)(=O)c1ccc(C(CC2CCCC2)C(=O)Nc2nc3ccc(OC)nc3s2)cc1,0.681241237
Cn1c(-c2cccc3cccnc23)c(C2CCCCC2)c2ccc(C(=O)NC(C)(C)C(=O)Nc3ccc(/C=C/C(=O)O)cc3)cc21,2.255272505
O=C(OC1CCc2ccccc2C1=O)c1ccccc1O,2.2273363570000004
CC(C)n1ncc2c1NC(=O)CC21C(=O)Nc2ccccc21,1.08557618
CC(C)(C)NC(=O)c1cncn1C(c1ccc(Cl)cc1)c1ccc(Cl)cc1,1.3874364255
Cn1c(-c2ccccn2)c(C2CCCC2)c2ccc(C(=O)NC3(C(=O)Nc4ccc(/C=C/C(=O)O)cc4)CCCC3)cc21,1.982271233
CN(C)CCOc1cc(-c2cn[nH]c2)ccc1NC(=O)[C@H]1Cc2ccccc2CN1,1.991137435
Cc1c(Br)c(-c2nc3c4ccccc4ncn3n2)nn1C,0.9235507685
C[C@](O)(c1ccc(C(=O)N(C2CC2)[C@H]2CC[C@](CC(N)=O)(c3ccccc3)CC2)cc1)C(F)(F)F,2.295268828
COc1cc2nc(OC3CCN(C(=O)OC(C)(C)C)CC3)nc(Nc3ccc(S(C)(=O)=O)cc3F)c2cc1OC,0.7599348775
Cc1cccc(Nc2sc(-c3cccc(Cl)c3)cc2C(N)=O)n1,1.51851394
CNc1nc(NCCCN(C)C)c2sc(-c3ccc(C#N)cc3)cc2n1,2.376613451
C1CNC(=O)C2=NC3=CC=CC=C3C2=C1C4=C(N=C(N4)N)O,2.079181246
CC(C)Cn1cc(NC(=O)NC2CCN(Cc3ccccc3)CC2)c2ccccc2c1=O,1.4542724615
C1CCN(C1)CCCCNC(=O)NC2=C(C(=NS2)OCC3=C(C=C(C=C3F)Br)F)C(=O)N,2.079181246
COc1cccc2c1C(NC[C@]1(c3ccccc3)CC[C@H](OC(=O)Nc3nnc(C4CC4)s3)CC1)=NS2(=O)=O,1.381912662
O=C(O)c1ccc(-c2nc3scc(-c4ccc(F)cc4)c3c(=O)[nH]2)cc1,3.315766141
CC(C)[C@@H](NC(=O)N[C@H]1CC[C@@H](O)C1)C(=O)N1CC[C@](O)(c2ccc(Cl)cc2)C(C)(C)C1,2.69790644
CCC(CC)C(=O)Nc1c2c(nc3c1CCC3)CCCC2,1.113587005
COc1cc(F)ccc1-c1cccc(Cn2ccc3ccc(NC(=O)C(C)(C)CO)cc32)n1,1.415667609
COC(=O)c1cccc(OCCn2c(=O)[nH]c3cc(F)c(F)cc3c2=O)c1,0.3097748385
c1cn(-c2cc(NC3=NC[C@@]4(CN5CCC4CC5)O3)ncn2)cn1,1.866264587
O=S1(c2ccc(C(F)(F)F)cc2)=NCCCC1,2.114010162
CN(CC1COc2ccccc2O1)C(=O)C1CCC(=O)NC1,2.3565338865000003
C(=C/CN(C[C@H]1Cc2ccccc2CN1)[C@H]1CCCc2cccnc21)\CNCc1ccncc1,0.218294329
CC1CCC(NS(=O)(=O)CC(=O)N(C)Cc2ccccn2)CC1,1.5283570145
Cn1c2ccccc2c2cc(C3(COc4ncccc4-c4cncnc4)CC3)cnc21,1.40688487
CC(C)N1C=NC2=C(N=C(N=C21)N(CCO)CCO)NCC3=CC=C(C=C3)OC,1.551327988
CC(C)NC(=O)NC(=O)C(C)N(C)Cc1ccccc1Br,0.5853589965
O=S(=O)(/C(=C(\c1ccccc1)n1ccnc1)c1ccccc1)c1ccccc1,0.9208657735
Cl.N[C@@H](CC(=O)N1CCCN(Cc2ccccc2)CC1)Cc1cc(F)c(F)cc1F,0.8248298635
CC1(COc2ccc(OC(F)(F)F)cc2)CCn2cc([N+](=O)[O-])nc2O1,2.0111385635
Cn1c(-c2ccccn2)c(C2CCCCC2)c2ccc(C(=O)NC(C)(C)C(=O)Nc3ccc(CCC(=O)O)cc3)cc21,1.799340549
CCc1nc(C)sc1CNC(=O)Nc1ccc2c(cnn2C)c1,1.9680942065
NS(=O)(=O)c1cccc(S(=O)(=O)N2CCCc3c2cccc3S(N)(=O)=O)c1,3.0558238815
COc1cc(NC(=O)c2ccccn2)ccc1F,1.074095697
O=C(Nc1cc2cc[nH]c(=O)c2cc1Cl)[C@@H]1CCCN1,1.204174266
O=C(N[C@@H](Cc1c[nH]c2ccccc12)C(=O)Nc1ccncc1)c1ccc(-c2ccccc2)c(F)c1,1.204174266
c1ccc2cc(-c3cnnn3-c3ccncc3)ccc2c1,0.991556871
Cc1nc(-c2ccccc2F)c(C(=O)N2CCN(c3cc(Cl)cc(Cl)c3)CC2)o1,2.329389814
COc1cc(=O)[nH]cc1C(=O)N1CCC(=O)N2CCCC21,3.288683883
Cc1noc(C)c1Cc1c(C(=O)N2CCC(n3c(C)cnc3C3CCC3)C2)noc1C,0.8643795415
CCCNCc1ccc(CCn2ccc(OCc3ccc(F)cc3)cc2=O)nc1,2.343385842
Cc1[nH]ncc1CCCNCc1cnc2c(c1)c(C#N)cn2C(C)(C)C.Cl,1.716156619
CCc1[nH]c(C(=O)Nc2cc(S(=O)(=O)N3CCCC3)ccc2O)c(C)c1C(=O)OC,1.5802433379999998
CC(C)CC1CN(C(=O)c2ccccc2)CCN1C(=O)C(=O)c1c[nH]c2cccc(F)c12,0.855136771
CCCS(=O)(=O)c1ccc2[nH]c(N3CCN(C)C(c4ccccc4)C3)nc2c1,1.136479427
CC1CN(Cc2cncs2)CCN1CC(C)(C)O,2.557255265
COCCOc1cc(NC(=O)C(C)(C)NC(=O)c2ccc3c(C4CCCC4)c(-c4ncc(Cl)cn4)n(C)c3c2)ccc1/C=C/C(=O)O,2.11058971
N#Cc1ccccc1Cn1c(N2CCC[C@@H](N)C2)nc2ccc(F)cc2c1=O,2.300986564
CCOc1cc2c(-c3ccccc3)c(C)oc2cc1C(=O)c1ccccc1,1.1662806005
O=C(Cn1c(=O)ccc2nc(C(F)(F)F)ccc21)Nc1scc(Br)c1-c1ncn[nH]1,1.66833238
CCC(CC)C(=O)N1CCN(S(=O)(=O)c2ccccc2)CC1,2.2195221685
CS(=O)(=O)O.CS(=O)(=O)O.N=C(N)Nc1ccc(OCCCCCOc2ccc(NC(=N)N)cc2)cc1,1.5525585695
COc1cc(-c2nccc3ccc(-c4ccc5[nH]ccc5c4)cc23)cc(OC)c1OC,1.589927272
Cc1ccc(-c2cc(C(=O)Nc3ccc4c(c3)N(C)C(=O)CO4)no2)cc1,1.210525538
CS(C)(=N)=Nc1ccc(C(F)(F)F)cc1,2.114010162
Fc1ccc(Nc2cnnc3c(Cl)cccc23)cc1,1.275346851
CC(C)(C)c1cc(-c2c(O)c3ccc(Cl)cc3[nH]c2=O)cc(C(C)(C)C)c1O,2.303241946
CCc1cc2c(cc3c(=O)n(CC(=O)NCC(C)c4ccccc4)nc(CC)n32)s1,0.5012840965
COc1cc(=O)n2c(c1C(=O)Nc1ccc(Cl)c(C)c1)CCCC2,1.459406397
CCC[C@H](Nc1nc(-c2ccc(NC(=O)NCC)c(OC)c2)ncc1C)c1cccnc1,1.837123504
COc1ccc(-c2c(-c3ccccc3)nn(-c3ccc(Cl)cc3Cl)c2N(C)C)cc1OC,0.801314972
CC1(n2cnc3cnc4[nH]ccc4c32)CCN(S(C)(=O)=O)CC1,2.77815125
COc1ccc(-c2nn(CC(Cl)c3ccccc3)c3ncnc(N)c23)cc1,2.96578962
NCc1ccccc1CN(C[C@H]1Cc2ccccc2CN1)[C@H]1CCCc2cccnc21,1.006279606
CC1(C)CCC(NC/C=C/CN(C[C@H]2Cc3ccccc3CN2)[C@H]2CCCc3cccnc32)CC1,0.902555693
CCCC(C)(C)C(=O)Nc1cc(CN2CCOCC2)c(C)cn1,1.039851917
Cl.S=C(NCCc1nc(-c2ccccc2)cs1)N1CCCCC1,0.913919765
CC(CNc1ccnc2cc(Cl)ccc12)NCC12CC3CC(CC(C3)C1)C2,1.114010162
CS(=O)(=O)N1CCC(n2cnc3cnc4[nH]ccc4c32)CC1,2.120573931
COC1=C(C=CC(=C1)/C=N\NC(=O)C2=CC3=C(C=C2)OCO3)OCC4=CC=CC=C4,1.371067862
CCOCCn1nc(CC)c2nc(N3CCN[C@@H](C)C3)nc(Nc3cc(C)ccn3)c21,1.355913422
Cn1cc(NC(=O)N2CCCC(S(=O)(=O)N3CCc4ccccc43)C2)cn1,2.378573244
Cc1nc(N2CCN(C)CC2)c2nc(-c3ccccc3Cl)n([C@@H]3CCOC3)c2n1.Cl,1.249321963
c1ccc(OCC2=NN=C(COc3ccccc3)NN2)cc1,2.9964514705000003
O=S(=O)(c1ccc(OC(F)(F)F)cc1)N1c2ccc(F)cc2-c2n[nH]cc2C1C1CC1,1.609674042
O=C(C1CC(=O)N(c2nc[nH]n2)C1)N1CCC(c2c[nH]c3ccccc23)(c2c[nH]c3ccccc23)CC1,0.8923382660000001
CCn1c(=O)c(C(=O)N2CCOCC2)nn(-c2ccc(S(C)(=O)=O)cc2)c1=O,1.9547875645
O=C(N[C@@H](Cc1c[nH]c2ccc(OCc3ccccc3)cc12)C(=O)Nc1ccncc1)C1CCCCC1,0.602081706
Cc1ncoc1C(=O)N1C2CCC1Cn1c(nnc1-c1ccccc1)C2,2.2237322245
c1ccc2c(c1)CN[C@@H](CN(CCCCNC1CCOCC1)[C@H]1CCCc3cccnc31)C2,1.038134997
CC(C)(C)c1cc(NC(=O)N2CCCN(C(=O)CN3CCOCC3)CC2)no1,1.544043227
COc1cc(-c2cn[nH]c2)ccc1NC(=O)C1COc2ccccc2O1,1.176091259
COCCN1CCN(c2nc(SCCc3ccccn3)c(C#N)c3c2COC(C)(C)C3)CC1,0.557791018
CC(=O)N1CCC(C(=O)N(CCCN2CCC(Cc3ccc(C(N)=O)cc3)CC2)c2ccc(C)c(Cl)c2)CC1,2.220785186
Cc1cccc(NC(=O)c2nn(C)c(-c3ccc(Cl)c(Cl)c3)c2C)n1,2.029302594
C1C2CC3CC1CC(C2)(C3)C(=O)OCC(=O)NCC4=CC=CO4,2.401512312
N#CC1(n2cc([C@@H](NC(=O)c3ccncc3)C3CCCCC3)nn2)CC1,1.204174266
O=C(CO)N1CCC(c2[nH]nc(-c3ccc(Cl)cc3)c2-c2ccncc2)CC1,1.792251572
Cc1nnc(SCC(=O)Nc2nc[nH]n2)s1,2.5423876355
CC(=O)c1c(C)cc(C)c(CS(=O)(=O)c2nncn2C)c1C,1.6658971735
COC1=CC(=CC(=C1)O)O,2.079181246
Cn1nc2c(c1C(=O)N1CCC(C3CCCCN3S(C)(=O)=O)CC1)CCCC2,0.926200028
CCn1ccc(C(=O)N2CCCN(S(C)(=O)=O)c3ccccc32)n1.Cl,0.9148408285
CCS(=O)(=O)NC(=O)c1ccc2c(C3CCCCC3)c3n(c2c1)C[C@@]1(C(=O)N2C4CCC2CN(C)C4)C[C@H]1c1cc(F)ccc1-3,2.079181246
CCNC(=O)N1c2ccc(CC)cc2C(C)=CC1(C)C,0.5793097475
CC1=CC(=C(C=C1)NC(=O)NC2=CC=CS2)C,1.376941757
c1cncc(CN(CCCCN(C[C@H]2Cc3ccccc3CN2)[C@H]2CCCc3cccnc32)Cc2cccnc2)c1,0.104867469
CN1CCN(CC1)CC2=NC3=C(C=C(C(=C3)Cl)CN(CC#C)C4=CC=C(C=C4)C(=O)NCC5=CN=CC=C5)C(=O)N2C,0.683947131
NC1(c2ccccc2)C(=O)Nc2ccccc2C1=O,2.825514204
COc1cccc([C@@H](C)NC(=O)c2c[nH]c3cc(-c4cn[nH]c4)ccc23)c1,1.380211242
C1=CC=C(C(=C1)C2=NC(=NO2)C3=CC=NC=C3)Cl,1.55351894
Cc1noc(C)c1[C@@H]1C[C@@](C)(c2cccc(NC(=O)c3ccc(Cl)cn3)c2F)N=C(N)S1,0.855136771
CC1C[C@@H]2[C@H](CC[C@]3(C)C(c4cccnc4)CC[C@@H]23)[C@@]2(C)CCNC(=O)C=C12,8.68502e-05
COc1ccccc1[C@H]1CN(CC(=O)N2CCC(C(=O)O)CC2)C(=O)[C@H](CC(C)C)c2ccc(Cl)cc21,2.102435961
Cc1noc2c1C(CC(C)C)C1=C(O)CC(C)(C)CC1=N2,1.239311806
C[C@H](c1ccccc1)N1C(=O)O[C@](Cc2ccccc2)(c2ncc(Cc3ccccc3)o2)C1=O,0.256761023
O=C(NCc1ccc(S(=O)(=O)c2ccccc2C(F)(F)F)cc1)c1cc2cnccc2[nH]1,1.5024178
CC(C)(C)c1cc(NC(=O)[C@@H]2CCCCN2C(=O)CC2CCOCC2)no1,2.041313715
C1C(CN1CC2=CC(=C(C=C2)C3=NC4=C(S3)C=CC(=C4)CC5=CC=CC=C5F)F)C(=O)O,2.079181246
Cc1ccc(NC(=O)Cn2nc3c(N4CC(C)CC(C)C4)nccn3c2=O)c(Cl)c1,0.8790790319999999
COc1cc(N2CCN(C3CCN(c4ccc(F)c5ccc(C(F)(F)F)nc45)CC3)CC2)c2ncccc2c1,0.477121255
CC1(C(=O)NC2CCCC2)Cn2c(cc3ccsc32)C(=O)N1c1ccc2c(c1)OCCO2,1.273049019
COCCOc1cc2ncnc(N3CCN(C(=O)Nc4ccc(Oc5ccccc5)cc4)CC3)c2cc1OCCOC,0.77815125
O=C(C(=O)N1CCN(C(=O)c2ccccc2)CC1)c1c[nH]c2c(-c3cnco3)ccc(F)c12,0.462368046
O=C(Cc1cccs1)NC1(C(=O)NC2CCCCC2)CCCCC1,0.7536396205
C[C@](O)(CSc1cc(C(F)(F)F)cc(C(F)(F)F)c1)C(=O)Nc1ccc(C#N)c(C(F)(F)F)c1,0.812378511
O=C(c1ccc(N2CCOCC2)nc1)N1CCC(NS(=O)(=O)c2cc(S(=O)(=O)c3ccccc3)ccc2C(F)(F)F)CC1,0.698952632
COCC(=O)NC1CCN(c2nc(C)c3cc(NC(=O)/C=C/c4ccc(OC(F)(F)F)cc4)ccc3n2)CC1,1.581767674
Cc1cc(C)c2c(N)c(C(N)=O)sc2n1,1.892094603
Cc1cccc(NC(=O)c2nc(C)n(-c3ccc(Cl)cc3)c2C)n1,1.73239376
c1ccc2c(c1)CC(c1nc3ccc(-c4ccncc4)cc3[nH]1)CO2,1.462368046
CCOC(=O)c1cc2n(n1)CC(C)(C(=O)NCCCOC)N(c1ccc(C)c(Cl)c1)C2=O,0.5815207855
O=C(N[C@H](Cc1c[nH]c2ccccc12)C(=O)Nc1ccncc1)c1ccc(-c2cc(F)ccc2F)cc1F,1.230397825
CCc1ccc(OCC(=O)c2cc(CC)c(OC)cc2OC)cc1,0.8874690279999999
O=C(N[C@H](Cc1c[nH]c2ccccc12)C(=O)Nc1ccncc1)c1ccc(-c2cc(C(F)(F)F)ccc2F)cc1F,1.397974751
Cc1noc(C)c1Cc1c(C(=O)N2CCC(C3CCNC3)CC2)noc1C.Cl,1.6389194740000002
CC(C)[C@@H](CO)n1cc(C(=O)O)c(=O)c2cc(Cc3cccc(Cl)c3F)cnc21,3.315766141
Clc1ccc(C2=NOC(COc3cccc(Cl)c3Cl)CC2n2cncn2)cc1,1.8433014135
O=C(Nc1c(Cl)cncc1Cl)c1ccc(OC(F)F)c(OCC2CC2)c1,1.069493576
CCOC(=O)Nc1ccc(Br)c2ccc(OCc3ccccc3)c(CCCO)c12,1.7730839745
Brc1ccccc1Cn1c(-c2ccc(Oc3ccccc3)cc2)cn2ncnc12,1.4505832125
CC(C)CCn1cc(C(=O)N2CCN(c3ccccn3)CC2)c2ccccc2c1=O,0.6011149905
CC(C1=CC2=C(C=C1)C3=C(N2)C=CC(=C3)Cl)C(=O)O,2.079181246
COc1cc(N2CCN(C3CCN(c4c(F)ccc5cccnc45)CC3)CC2)c2ncccc2c1,0.477121255
COC[C@@H](C)n1cc(Cl)nc(Nc2cc(C)c(OC)nc2C)c1=O,0.866955072
C[C@]12C=CC(=O)C=C1C1(CC1)C[C@@H]1[C@@H]2CC[C@]2(C)C(c3cccnc3)=CC[C@@H]12,8.68502e-05
Cc1cc2nc(NC(=O)N3CCN(c4cc(C(C)(C)C)cc(C(C)(C)C)c4)CC3)sc2cc1C,1.307130808
O=C(C(=O)N1CCN(C(=O)c2ccccc2)CC1)c1c[nH]c2c(-c3nnc[nH]3)ccc(F)c12,1.505122834
O=[N+]([O-])c1cn2c(n1)OC[C@H](Oc1ccc(-c3ccc(OC(F)(F)F)cc3)nc1)C2,1.656943418
C1CC(CCC1CNC2=NC3=CC=CC=C3C(=N2)N)CNS(=O)(=O)C4=CC=CC5=CC=CC=C54,0.130333768
CC(CCNCCC12CC3CC(CC(C3)C1)C2)Nc1ccnc2cc(Cl)ccc12,1.77815125
CSc1[nH]c2c(C(F)(F)F)ccc(C(F)(F)F)c2c(=O)c1C(C)=O,2.5286921415
O=C(O)c1cccc(NC(=O)c2cc(S(=O)(=O)Nc3ccc(Br)cc3)ccc2Cl)c1,1.9595438155
CCc1nc(N)nc(N)c1-c1ccc2c(c1)N(CCCOC)C(=O)C(c1ccc(F)cc1)O2,1.204174266
Cc1nc(-c2ccc(F)cc2)cc2c1sc1ccccc12,1.0720669374999998
CC(C)(C)NC(=O)Cn1c(-c2ccccc2OC(F)(F)F)cc2cc(C(C)(C)C(=O)NC(C)(C)C)ccc21,0.725545316
CCC(CC)Sc1nc2cc(Cl)c(N3C[C@@H]4C[C@H]3CN4CCO)cc2[nH]1,1.653271408
CC(C)c1nc(-c2cc3ccccc3nc2O)no1,1.3530179815
O=C(c1c(OCC2CC2)cc(=O)n2c1CCCCC2)N1CCc2ccccc2C1,1.006055283
COc1cc2c(cc1O)CC1c3c(cc(O)c(OC)c3-2)CCN1C,1.8827476765
CC(=O)OCCNc1cnc(Cl)cc1Cn1c(C(=O)c2cc(C)cc(C)c2)c(C(C)C)c(=O)[nH]c1=O,0.630446782
N#Cc1ccc(NCCNc2ncc(-c3ncc[nH]3)c(-c3ccc(Cl)cc3Cl)n2)nc1,1.51851394
c1ccc(C(CC2CCCCN2)C2CCCCC2)cc1,1.748172516
CCC(C)(C)C1CCc2c(sc(NC(=O)CC(C)CC(=O)O)c2C(N)=O)C1,3.315766141
CC(Oc1cc(-n2nc3c(c2Cl)CCCC3)c(F)cc1Cl)C(=O)NCCO,1.188193173
O=C(Nc1ccc(F)cc1F)Nc1cccnc1Oc1cccc(C(F)(F)F)c1,1.381912662
CN1CCN(C2CCN(C(=O)CC3CCC4(CC3)OOC3(OO4)C4CC5CC(C4)CC3C5)CC2)CC1,1.396236558
COc1ccccc1CC(c1ccccc1F)N1CCNCC1,2.079181246
O=S(=O)(c1ccccc1)N1CCC(n2cnc3cnc4[nH]ccc4c32)CC1,1.62324929
C1CN(CCC1NC(=O)C2=CC=CC=C2C3=CC=C(C=C3)C(F)(F)F)CCCCC4(C5=CC=CC=C5C6=CC=CC=C64)C(=O)NCC(F)(F)F,1.129367596
CC(C)CN1C(=O)CN(Cc2ccc(-c3ccc(F)c(CN4CCS(=O)(=O)CC4)n3)cc2)C1=O,1.204174266
CCOCCn1c(=O)nc(NC2CCC(O)CC2)c2nnc(-c3ccc(OC)nc3)cc21,1.954301404
CN(Cc1ccc(C(F)(F)F)nc1)c1cc(C(=O)Nc2ccccc2)ncn1,2.107042763
COc1ccncc1NC(=O)c1ccnc2[nH]c(-c3ccc(F)cc3)nc12,1.959389688
CC(Oc1cc(-c2cnn(CC(=O)NCCCN(C)C)c2)cnc1N)c1c(Cl)ccc(F)c1Cl,1.160948176
N#Cc1cc2c(cc1Sc1nc3c(N)ncnc3n1CCC1CCN(C=O)CC1)OCO2,2.119177569
COC(=O)C1=C(Nc2ccccc2F)O/C(=C\c2c[nH]c3ncccc23)C1=O,1.237330039
CC(=O)N1CCC(C(=O)N2CCC(N3CCN(C(=O)c4cc(-c5ccccc5)nc(-c5ccc6[nH]c(C)c(C)c6c5)c4)CC3)CC2)CC1,3.014736145
O=C1CN(Cc2ccc(-c3ccc(F)c(CN4CCCCC4)n3)cc2)C(=O)N1CC(F)F,1.819543936
c1ccc2c(c1)OCC(c1csc(C3COc4ccccc4O3)n1)O2,1.9274980805
O=C(CN1C(=O)CCc2ncccc21)Nc1scc(Br)c1-c1ncco1,0.974090288
CCc1cc2c(NCCO)nc(-c3ccccc3)nc2s1,1.6431748405
CN\1CC(=O)N/C1=N/C(=O)NC2=CC(=CC=C2)Cl,1.382557322
CC(C)COC(=O)N1C[C@@H]2C[C@H]1CN2C(=O)[C@@]1(C(C)C)CC[C@@H](NC2CCOCC2F)C1,1.447189051
c1cncc(CN2CCN(c3ccc(-c4nc5ccccc5o4)cc3)CC2)c1,1.700721019
Cc1nc(C(=O)Nc2cccc(F)n2)c(C)n1-c1ccc(F)cc1,1.982271233
CC(Cc1nc2c(s1)Cc1ccccc1-2)n1cc(Cl)cn1,0.584312049
COc1ccc2c3c1O[C@H]1C[C@@H](O)C=CC31C[C@H](C)N(Cc1ccc(Br)cc1)C2,1.8991181605
COc1cc2c(Nc3c(F)ccc(O)c3C)ncnc2cc1OCc1cccnc1,1.505122834
Cc1cc(C)c(C)c(OCCCN2CCOCC2)c1.O=C(O)C(=O)O,2.4886949045
Cc1ccc(-c2ccccc2CN2C[C@@H](CN(C)C)[C@@H](CO)C2)o1,1.3946318315
COCCNC(=O)c1cc(C(C)(C)C)sc1NC(=O)Nc1ccc2[nH]ncc2c1,2.079181246
Cc1ccc(-n2nc(C)c(NCc3cnn(C)c3)c2C)cc1.Cl,1.7875081245
O=S(=O)(c1ccc(Cl)s1)N1C2Cc3[nH]ncc3C1CC(c1ccccc1)C2,0.256761023
Cc1c(C(=O)NC(C(=O)O)C(C)C)c2cc(F)ccc2n1CC(C)(C)O,3.315766141
CCOC(=O)C(Cc1ccccc1)(NC(C)=O)C(=O)OCC,3.315766141
CCC(CC)[C@H](C(N)=O)[C@@H](CC(C)(C)C)C(=O)N[C@H]1N=C(c2ccccc2)c2ccccc2N(C)C1=O,0.177579777
Cc1cc(C)nc(Nn2c(-c3ccccc3)nc3ccccc3c2=O)n1,1.510145589
Nc1cc(Cl)c(Oc2ccc(Cl)nn2)c(Cl)c1,2.405424279
CN(C)CCCN(c1ccncc1)c1ccc(-c2ccc3c(C(N)=O)nn(-c4ccc5onc(N)c5c4)c3c2F)c(F)c1,1.696992623
CCc1nc2cc(Cl)ccn2c1C(=O)NCc1ccc(N2CCN(C)CC2)cc1,2.066624051
CCN(c1ccc2c(c1)OCO2)c1cc(Cl)nc(Cl)n1,1.4794572175
O=S(=O)(Nc1cccc(CO)c1O)c1ccc(-c2ccc(Br)cc2)cc1,0.845222106
CC(C)(C)[C@H](NC(=O)n1c(=O)n(CCC2(O)CCOCC2)c2ccccc21)C(N)=O,1.924279286
CC(C)(C)[C@@H](C(=O)N1CCC2=CC(=C(C=C2C1)OC)OC)NCC3=CC=NC=C3,0.350248018
COCCNC(=O)c1ccc2c(c1)CC(c1nc3ccc(-c4cn[nH]c4)cc3c(=O)[nH]1)CO2,1.62324929
NCCCn1c2c(c3ccc(N)cc3c1=O)C(=O)c1ccccc1-2,2.114010162
CCN1CCCC1CN(Cc1cccnc1)Cc1cccc(Oc2ncccn2)c1.O=C(O)CC(O)(CC(=O)O)C(=O)O,1.8894582225
O=C(Cn1c(=O)ccc2cc(OC(F)(F)F)ccc21)Nc1scc(Br)c1-c1ncn[nH]1,1.66833238
CCc1nc2ccc(Cl)cn2c1C(=O)NCc1ccc(N2CCN(c3ccc(F)cc3)CC2)cc1,2.079181246
O=C(NCCCN1CCCC1=O)c1cnc(NCc2cccc(Cl)c2)nc1NC1CCCC1,0.114010162
CC(O)(CS(=O)(=O)c1ccccc1OC(F)(F)F)C(=O)Nc1cc(C(F)(F)F)cc(C(F)(F)F)c1,2.462368046
CC(N(C)C)C1(c2ccc(Cl)c(Cl)c2)CCCCC1,1.4186893906666669
CCC(CNC(=O)CCOCC(C)C)NC(=O)CCOCC(C)C,1.1668396
Cn1c(-c2cnccn2)c(C2CCCCC2)c2ccc(C(=O)NC(C)(C)C(=O)Nc3ccc(/C=C/C(=O)O)cc3)cc21,1.447189051
CCOC(=O)c1c(NC(=O)CCC(=O)N(CC)CC)sc2c1CC(C)(C)OC2,0.599978058
CCC1=NOC(c2nc3sc(CC)cc3c(=O)[nH]2)C1,1.463486806
C1=CC=C(C=C1)C2=CC(=CC=C2)C3=C(C(=O)N(N3)C4=NC(=CS4)C(=O)O)CC5=CC=C(C=C5)C(=O)N,2.079181246
C[C@]12CCNC(=O)C=C1CC[C@@H]1[C@@H]2CC[C@]2(C)C(c3cncc(C(F)F)c3)=CC[C@@H]12,8.68502e-05
O=C(N[C@@H](Cc1c[nH]c2ccccc12)C(=O)Nc1ccncc1)c1ccc(C#Cc2ccccc2)cc1F,2.079181246
COc1cc2c(N3CCN(C(=O)Nc4ccc(OC(C)C)cc4)CC3)ncnc2cc1OCCCN1CCCCC1,2.45484486
O=S(=O)(c1ccc(C(F)(F)F)cc1)N1C2Cc3[nH]ncc3C1CC(c1ccc(-c3cncs3)cc1)C2,2.295268828
Cc1c(C(=O)Nc2cccc(Cl)n2)nn(C)c1-c1ccc(F)cc1,2.060773363
CCCNC(=O)c1cn2ncnc(Nc3cc(C(=O)NOC)ccc3C)c2c1C,1.57054366
COc1cc(C)c(S(=O)(=O)N2CCN(c3cc(-n4ccnc4C)ncn3)CC2)cc1C,1.1850414445
CCCNC(=O)C1CCN(C(=O)c2cc3ncsc3n2Cc2ccc(OC)cc2)CC1,1.513190955
COc1nn(C)cc1C(=O)N1CCN(c2nccn3nc4c(c23)CCCC4)CC1,1.553547971
Cc1nc(C2=C(O)CN(C3CS(=O)(=O)CC3O)C2=N)sc1C,1.7466467255
O=C(Nc1cnn(-c2cccc(C(=O)NCC3CCNCC3)c2)c1)Nc1ccccc1Cl,2.48427136
CCOP(=S)(OCC)OC1=CC(=C(C=C1Cl)Br)Cl,1.760799312
O=C(Nc1ccc(-c2cn[nH]c2)cc1F)C1COc2ccccc2C1,1.602081706
CCc1nc2ccc(Cl)cn2c1C(=O)NCc1ccc(N2CCC(c3ccc(OC(F)(F)F)cc3)CC2)cc1,2.079181246
CC(C)(C)c1ccc(OCCOCCOc2ccc(C(C)(C)C)cc2O)c(O)c1,1.1275578795
CCN(CC)CCCCCCNC1=CC(=CC2=C(C=CN=C12)C)OC,2.079181246
c1ccc(C(CNc2ncccn2)c2ccccc2)cc1,0.7274800515
c1ccc2c(c1)CC(CNc1nccc(-n3cccn3)n1)CO2,0.6707047235
O=C(/C=C/c1cccc2c1N(Cc1ccc(Cl)cc1Cl)C(=O)C2)NS(=O)(=O)c1ccc(Cl)c(Cl)c1,1.519134635
CCNC(=O)Nc1sc2ccccc2c1C(=O)N1CCN(C2CCN(C(=O)OC(C)(C)CF)CC2)CC1,0.472035706
CCCNC(=O)[C@H]1[C@@H]2CCC[C@H]1CN(C(=O)c1cc3sc(-c4ccccc4)nc3n1Cc1ccc(OC)cc1)C2,1.545307116
CCOC1=CC=C(C=C1)NC(=S)N2CCC(CC2)C(C3=CC=CC=C3)(C4=CC=CC=C4)O,1.447376344
CCOC(=O)c1sc(NC(=O)c2cc(OCC)c(OCC)c(OCC)c2)c(C(N)=O)c1C,2.1139915885
CN(C)C(=O)[C@@H]1Cc2ccccc2N1C(=O)CCN1CCC(c2ccccc2)CC1,1.740378482
O=[N+]([O-])c1cn2c(n1)O[C@H](COc1ccc(-c3ccc(OC(F)(F)F)cc3)nc1)CC2,1.803447796
COc1cc2c(cc1Nc1ncc(Cl)c(Nc3ccccc3S(=O)(=O)C(C)C)n1)CNCCC2,1.515256251
NC1CN(c2cc(-c3cccc(S(=O)(=O)N4CCOCC4)c3)ncn2)CC1c1cc(F)c(F)cc1F,2.255272505
O=S(=O)(c1cccc(C(F)(F)F)c1)N1[C@@H]2c3ccccc3[C@H]1Cc1n[nH]cc12,1.439986773
COc1ccc(-n2c(C)c(C)c3nc(OC)ccc32)cc1,1.130669577
CC(C)(C)Cc1nn(CCC2CC2)c(=O)c(C2=NS(=O)(=O)c3cc(NS(C)(=O)=O)ccc3N2)c1O,1.00008685
Nc1ncnc2c1nc(Sc1cc3c(cc1Br)CCC3)n2CCC1CCN(C=O)CC1,0.779639768
COc1cc(=O)n(C)cc1C(=O)Nc1cc(C)nc2ccccc12,3.315766141
CC(C)(NC(=O)COc1ccc2[nH]c(=O)c(-c3nccs3)c(COc3ccccc3)c2c1)c1ccccc1,0.991556871
O=c1[nH]c(N2CCCCC2)nc2ncc3c(c12)-c1ccccc1C3,0.9486656035
CNS(=O)(=O)CCC1=CC2=C(C=C1)NC=C2C3CCN(CC3)C.Cl,2.079181246
CS(=O)(=O)Nc1ccc2c(c1)S(=O)(=O)N=C(C1=C(O)C3CCCCCCC3N(Cc3ccc(F)cc3)C1=O)N2,2.000389541
Cc1ccc(S(=O)(=O)NNc2ccc(S(=O)(=O)N(C(C)C)C(C)C)cn2)c(Cl)c1,0.256761023
CCN1CCN(C(=O)Cn2c(-c3ccoc3)c(C3CCCCC3)c3ccc(C(=O)O)cc32)CC1,2.477121255
COc1ccc(Nc2ccc3c(C4CCN(C)CC4)c[nH]c3c2)cc1OC,2.69790644
Cn1nnc([C@@H](NC(=O)n2c(=O)n(CCN3CCOCC3)c3ccccc32)C(C)(C)C)n1,0.602081706
CCOc1ccc(Cc2nc3cc(S(=O)(=O)CC)c(Cl)cc3n2CC2CCOCC2)cc1,1.39832955
O=C(Nc1ccc(CN2CCOCC2)cc1)c1n[nH]cc1Nc1ncnc2sccc12,0.918030337
CN1CCN(c2ccc(NC(=O)c3cc(N(C)Cc4ccc(C(F)(F)F)cc4)ncn3)cc2)CC1,1.568118514
CN(C)CCN1C(=O)C2CC=C(Cl)CC2C1=O,1.4905494935
COCCOc1cc(-c2cn[nH]c2)ccc1NC(=O)[C@H]1Cc2cc(OC)ccc2CN1,1.633488655
Cl.O=C(/C=C/c1ccc2c(c1)nc(CCc1ccccc1)n2CCN1CCCC1)NO,1.77815125
Oc1nc(SCc2ccc(Cl)cc2)nc2c1CCC2,1.159906764
CCCC1(C)NC(=O)N(CC(=O)N(CC(C)C)CC(C)C)C1=O,0.7072362085
O=C(N[C@H](Cc1c[nH]c2ccccc12)C(=O)Nc1ccncc1)c1ccc(-c2ccc(C(F)(F)F)c(F)c2)cc1F,1.653212514
COC(=O)CC(c1cc(OC)c(O)c(OC)c1)c1c(O)n2ccccc2nc1=O,1.435023158
[2H][C@@H](CC(C)C)[C@H]([2H])[C@](C)(O)[C@H]1CC[C@H]2[C@@H]3C[C@H](O)[C@H]4C[C@@H](O)CC[C@]4(C)[C@H]3CC[C@]12C,2.079181246
COc1cc(C)ccc1S(=O)(=O)NC(=O)[C@@H](c1ccc2c(c1)OCO2)c1cn(C)c2cc(CO)ccc12,2.079181246
CC(C)(CC1=CC=CC=C1)N(C)C(=O)CN(CCO)CC(=O)N(C)C(C)(C)CC2=CC=CC=C2,-0.236572006
C=C(C)[C@@H]1CC[C@]2(NCCN3CCS(=O)(=O)CC3)CC[C@]3(C)[C@H](CC[C@@H]4[C@@]5(C)CC=C(c6ccc(C(=O)O)cc6)C(C)(C)[C@@H]5CC[C@]43C)[C@@H]12,2.079181246
O=C(CCc1cnnn1C1CCCCC1)c1ccccc1,1.024338273
CC(C)(C)c1ccc(NC(=O)N2CCCN(C(=O)C3CCOCC3)CC2)cc1,1.041313715
COc1cccc(CNC(=O)c2cn(CCN(C)C)c3cc(-c4cn[nH]c4)ccc23)c1,1.300986564
CC(CNc1nc(-c2ccccc2)nc2nc(-c3ccccc3)oc12)N1CCN(C)CC1,1.909873987
Cc1ccccc1Cc1c(C)nc2c(C(=O)N3CCc4c(c(-c5nncn5C)nn4C)C3)cnn2c1C,1.2624118955
CC1=CC(=C(C=C1)Cl)OCC(CNC(C)(C)C)O,0.184691431
CC(CC1=CC=CC=C1)(C2=CC=CC=C2)NC(=O)CN.Cl,2.079181246
CCOCCn1nc(CC)c2nc(N3CCNCC3)nc(Nc3ccccn3)c21,1.922687859
COc1cccc(-c2nc3cc(Cl)ccc3c3ccnn23)c1Cl,1.4773540585
CN(C)C1=CC2=C(C=C1)N=C3C=CC(=[N+](C)C)C=C3S2.[Cl-],2.079181246
O=C1OC2(CCCN(C(=O)Cc3cccc4ccccc34)C2)c2ccccc21,0.6771187925
Cn1c(=O)c2c(-c3ccncc3)c(Nc3ccccc3)oc2c2ccccc21,1.8282193485
C[C@@H]1CN(c2ccc(F)cc2C(F)(F)F)CCN1S(=O)(=O)c1ccc(C#N)cc1Cl,1.146065989
N#Cc1ccc2c(c1)N(S(=O)(=O)c1ccc(C(F)(F)F)cc1)C(C1CC1)c1c[nH]nc1-2,1.969362375
COc1ccc([C@@H]2CN(C)C[C@H]2c2nc3ccc(-c4cn[nH]c4)cc3c(=O)[nH]2)cc1,1.322219295
O=C(Nc1ccc(-c2cn[nH]c2)cc1)NC(CCO)c1cccc(F)c1,2.079181246
CC(=O)CC[C@H]1C(=O)N[C@@H](C(C)C)C(=O)N[C@@H](Cc2cccc(O)c2)C(=O)N2CCCC(N2)C(=O)O[C@H](/C(C)=C/C=C/C(=O)N2CCOCC2)C/C=C/C=C/[C@H](O)[C@H](C)[C@H]1O,1.701550717
COc1cc2ccc(C(O)(c3cnn[nH]3)C(C)C)cc2cc1OC,1.526300145
O=C1CN(Cc2ccc(-c3cccc(CN4CCCCC4)n3)cc2)C(=O)N1C1CC1,2.079181246
CN(C)CCOc1cc(-c2cn[nH]c2)ccc1NC(=O)[C@@H]1Cc2cc(Cl)ccc2CN1,1.230397825
CNc1nc(NC2CCOC2c2ccc(F)c(F)c2)ncc1Br,1.1890952575
OCCCc1cn(-c2ccccc2)c2ccccc12,1.020123424
CCN(CC)C(=O)Cn1nc(S(C)(=O)=O)nc1-c1ccccc1OC,2.3166356595
NC(=O)[C@@H](c1ncon1)[C@@H](CCC(F)(F)F)C(=O)N[C@H]1N=C(c2ccccc2)c2ccccc2NC1=O,1.599395072
CC(C)CC1=CC=C(C=C1)CC(=O)O,2.079181246
CC(C)(C)NC(=O)[C@@H]1CN(CCN1C[C@H](C[C@@H](CC2=CC=CC=C2)C(=O)N[C@@H]3[C@@H](CC4=CC=CC=C34)O)O)CC5=CN=CC=C5,0.997386384
c1ccc2c(-c3ccc4[nH]ncc4c3)csc2c1,1.127681977
CC1=CC=C(C=C1)C(=O)N2CCC3=C2C=CC(=C3)CNS(=O)(=O)C4=CC=CS4,0.713490543
CCc1ccc(N2C(=O)CN(S(C)(=O)=O)CC2(C)C(=O)NCc2ccc(F)cc2)cc1,1.1028998065
CCCS(=O)(=O)c1ccc2[nH]c(N3CCCC(c4ccccc4)C3)nc2c1,1.418086232
O=[N+]([O-])c1cn2c(n1)OC[C@@H](Oc1ccc(-c3ccc(OC(F)(F)F)cc3)cn1)C2,3.008082491
CC(=O)N1CCN(C(=O)Cn2nc(C)c(C)c2C)CC(O)C1,1.1799487860000002
Cc1cc(OC(F)F)nc(C)c1Nc1nc(Cl)cn([C@H](C)C2CC2)c1=O,1.599395072
COc1ccccc1N1C(=O)c2c(NC(C)=O)c3cc(F)ccc3n2CC1(C)C(=O)NC1CCCC1,1.166723623
CC(C)C(=O)N[C@H]1CC[C@H](Nc2ncc3ccc(=O)n(C(C)C)c3n2)CC1,1.643432935
Cc1ccn(S(=O)(=O)c2cc(C)c(C)cc2Br)n1,0.90259049
CCC(CN1CCN(C)CC1)NC(=O)Cc1csc(Nc2ccccc2F)n1.O=C(O)CC(O)(CC(=O)O)C(=O)O,1.486153597
COc1cnc(-n2cncn2)c2[nH]cc(C(=O)C(=O)N3CCc4c(cccc4-c4ccccn4)C3)c12,0.459178788
COc1ncc(NC(=O)CCCNC(=O)OC(C)(C)C)cc1C#N,1.865140812
OCC[C@H]1C[C@@H]1c1cncc(OC[C@@H]2CCN2)c1,2.270392371
OC1C2CC3CC1CC(C2)C3(Cc1nnn[nH]1)c1ccc(-c2ccccc2F)cc1,2.049307415
CC(C)CC1(C(=O)N2CCC(N(C)CC(=O)O)CC2)CCCC1,1.9838871355
O=C(NCC(F)(F)F)c1nnn(-c2ccc(NS(=O)(=O)c3cccnc3)cc2)n1,2.149222892
O=C(Nc1ccc(S(=O)(=O)c2ccccc2)cc1)Nc1cccnc1,2.396876445
CCc1cnc(N2CCC(N(C)c3ncnc4c(-c5ccc6c(c5)CN(C)C6=O)csc34)CC2)nc1,1.1298503145
Cc1c(Cl)cccc1Oc1cccn2c(C34CCC(CC3)C4)nnc12,1.271377012
CCS(=O)(=O)Nc1ccc(-n2nc(C)c(-c3ccc(Cl)cc3)cc2=O)cc1,1.538488227
Fc1ccc(Nc2ccc3c(C4CCNCC4)c[nH]c3c2)cc1F,2.552524742
O=C(C1CCCN1S(=O)(=O)c1ccc(-c2ccc(=O)[nH]n2)s1)N1CCc2ccccc21,1.1257807985
O=c1c(Br)c(OCc2ccc(F)cc2)ccn1Cc1cccc(F)c1,2.055595556
CCN(CC)CCS(=O)(=O)NC(=O)c1ccc(Nc2nc(NC3(c4ccc(Cl)cc4)CC3)nc(OCC(F)(F)F)n2)cc1,2.838644886
Cn1ccnc1CC1CCN(c2cnccn2)CC1,1.972492913
CONC(=O)[C@H]1[C@@H](O)[C@@]2(O)c3c(OC)cc(OC)cc3O[C@@]2(c2ccc(OC)cc2)[C@@H]1c1ccccc1,2.908916118
C=CCOc1ccccc1C1CC(O)=Nc2c1c(C)nn2-c1ccc(O)nn1,1.0167218765
COc1ccc(Cc2nc3c4cnn(-c5cc(Cl)ccc5Cl)c4ncn3n2)cc1,1.83821999
COc1ccc(OC)c(Nc2nc(CC(=O)NCCc3c[nH]c4ccccc34)cs2)c1,0.677243285
COc1ccc(C2=Nc3c(C(C)(C)C)nn(CCO)c3C(=O)NC2)cc1-c1cnc(N2CCCCC2)nc1,1.255272505
COc1ccc(-c2ccc(CNCCCNc3ccnc4cc(Cl)ccc34)s2)cc1,1.300986564
Cc1cscc1-c1cccnc1,1.505122834
CC1=CC(=O)N(N1C)C2=CC=CC=C2,2.079181246
O=C1/C(=C/c2c[nH]c3nc(Cl)ccc23)Oc2c1ccc(O)c2CN1CCNCC1,2.321323554
CNC(=O)c1ccc(Oc2ccc(S(=O)(=O)[C@]3(C(=O)NO)CCC4(CCNCC4)C3)cc2)cc1,2.314429641
CONC(=O)c1cn(-c2ccc3c(c2)CCC3)c2nc(Nc3ccc(C4CCN(C)CC4)cc3)ncc2c1=O,1.696992623
Oc1c(Cl)cc(Cl)c2cccnc12,1.545268513
C=Cc1cc([C@H](NC(=O)[C@@H](NC(=O)OC(C)(C)C)C(C)(C)C)C(=O)Nc2cccc(C(=O)NS(=O)(=O)c3ccc(C(F)(F)F)cc3)c2)ccc1Oc1cc(OC)nc(-c2ccccc2)n1,1.230397825
CC(=O)Nc1ccc(CCSc2nc(N3CC(C)OC(C)C3)c3c(c2C#N)CC(C)(C)OC3)cc1,1.621480119
CCCCCCCCC=CCCCCCCCC(=O)NCCOC(=O)CC(C(=O)[O-])S(=O)(=O)[O-],2.079181246
CN(C)CCC[C@@]1(C2=C(CO1)C=C(C=C2)C#N)C3=CC=C(C=C3)F,2.079181246
O=C(N[C@H](Cc1c[nH]c2ccccc12)C(=O)Nc1ccncc1)c1ccc(N2CCN(c3cc(Cl)cc(Cl)c3)CC2)cc1F,1.041313715
COc1cccc2nc(C#Cc3cccnc3)ccc12,0.654701031
Cc1nc(C)c(-c2nsc(Nc3ccc(C(=O)N4C5CCC4CN(c4ncc(C(F)(F)F)cn4)C5)cn3)n2)s1,2.113368924
COc1cccc(F)c1-c1ccc(CO[C@@H]2COc3nc([N+](=O)[O-])cn3C2)cc1,2.644415838
Cc1ccc(NC(=O)c2cccc(C(F)(F)F)c2)cc1NC(=O)c1cccc(-c2cnn(C)c2)c1,1.731739325
COCCN(C)C(=O)c1sc(-c2cccc3ccccc23)nc1C,0.736008768
C1CN(CCN1CC/C=C\2/C3=CC=CC=C3SC4=C2C=C(C=C4)C(F)(F)F)CCO,1.685204134
CC(C)(C)c1ccc(NC(=O)N2CCCN(C(=O)CC3CCCC3)CC2)cc1,0.477121255
CC(C)C(C(=O)NC1CCN(C(=O)NC(C)(C)C)CC1)N(C)C,1.75690473
COc1ccc(OC)c(-c2cc(C3=Nc4c(C(C)(C)C)nn(CCCO)c4C(=O)NC3)ccc2OC)c1,1.785472203
CS(=O)(=O)c1cccc(-c2ncnc(N3CC(N)C(c4cc(F)c(F)cc4F)C3)n2)c1,2.255272505
c1ccc(Oc2cccc(CNc3ccc4nnnn4n3)c2)cc1,1.674326428
CN1CCN(C(=O)c2cc3cc(Cl)ccc3[nH]2)CC1,1.447189051
CC(C)c1cc(C(=O)Nc2ccccn2)no1,2.079181246
N#CC1C2CC3CC1CC(C2)C3(CC(=O)N1CC(O)C1)c1ccc(F)cc1,1.038134997
O=[N+]([O-])c1cn2c(n1)OC[C@@H](OCc1ccc(-c3ccc(OC(F)F)cc3)cc1)C2,2.827458666
CCC1=C(C(=O)CCC2CCCCC2)[C@H](c2ccc(O)c(Cl)c2)NC(=O)N1,1.34246216
CC(C)[C@@H](NC(=O)CCC(C)(C)O)C(=O)N1CC[C@](O)(c2ccc(Cl)cc2)C(C)(C)C1,2.644415838
CC(C)(C)c1cc(NC(=O)N2CCCN(C(=O)C3CCOCC3)CC2)on1,2.079181246
Cc1noc(-c2ccccc2)c1CCN1Cc2ccc(/C=C/C(=O)NO)cc2C1,1.230397825
CC(C)N/C(=N\c1nccn1CC(C)(C)C)Nc1ccc(Cl)c(Cl)c1,1.307453248
Cc1ccc(-c2nc3[nH]c(CNc4ccc(F)cc4)cc(=O)n3n2)cc1,0.5456422905
CS(=O)(=O)N1CCN(Cc2cc3nc(-c4cccc5[nH]ncc45)nc(N4CCOCC4)c3s2)CC1,2.1176436435
COc1ccc2c(cc(C(=O)Nc3ccccc3OCC3CCCCO3)n2C)c1OC,1.084280571
COc1cc(-c2cc(NC(=O)C3CCCN(c4ncnc5c4nc4n5CCCCC4)C3)on2)cc(OC)c1OC,0.8513451715
CC(O)c1ccccc1-c1ccc2[nH]c(/C=C/c3ccc(C(F)(F)F)cc3)nc2c1,2.357106862
COCCOc1ccc2c(N3CCN(C(=O)Nc4ccc(Oc5ccc6[nH]ccc6c5)cc4)CC3)ncnc2c1,1.51851394
Cc1cc(C)c(S(=O)(=O)NCc2nc(N)n(S(=O)(=O)c3c(C)cc(C)cc3C)n2)c(C)c1,0.808055277
Cc1nc2sc(C(=O)NC(C)(C)C)c(N)c2c(C)c1C,0.8451995919999999
Oc1cccc(C2C[C@H]3CC[C@H](C2)N3CC(O)Cc2ccccc2)c1,1.505122834
COC(=O)N[C@H](C(=O)N1CCC[C@@H]1c1ncc(C#CC#Cc2ccc(-c3cnc([C@H]4CCCN4C(=O)[C@@H](NC(=O)OC)C(C)C)[nH]3)cc2)[nH]1)C(C)C.Cl,2.308140783
NC(=O)c1nn(-c2ccc(F)cc2)c2c1CCc1ccc(NC(=O)c3cc(N4CCN(Cc5cnn(CC(=O)NCCO)c5)CC4)ncc3Cl)cc1-2,2.079181246
CC(C)C(C)NC(=O)N(C)CC(C)(C)CN1CCOCC1,1.4315733869999998
COC(=O)c1cc(C)nc(N2C[C@H]3C[C@@H](c4ccccc4C(F)(F)F)C[C@H]3C2)n1,0.524532969
CN(c1ncnc2c(-c3ccc(S(C)(=O)=O)cc3F)csc12)C1CCN(C(=O)OC(C)(C)C)CC1,2.607886123
CCOc1cc(=O)n2c(c1C(=O)N1CCC3(CC1)OCCO3)CCCCC2,2.380481165
O=C1N=C(O)N=C(O)C1C1c2ccccc2Oc2nc(O)nc(O)c21,3.327479532
CC(=O)OCC(CCN1C=NC2=CN=C(N=C21)N)COC(=O)C,0.368556492
CC(C)(C)C1=COC(=N1)[C@@H]2COCCN2CC3=CC=C(C=C3)C(=O)O,1.907948522
Cc1nc2c(C(F)(F)F)cccc2n1-c1cccc(Oc2cccc(S(=O)(=O)CCCO)c2)c1,1.477121255
CC(C)CCn1c(N)nc2c1c(=O)nc(O)n2C,1.792157153
CS(=O)(=O)NCCOc1ccccc1-c1ccccc1,3.315766141
C[C@](O)(c1ccc(C(=O)N(C2CC2)[C@H]2CC[C@](COC(N)=O)(c3ccc(F)cn3)CC2)cc1)C(F)(F)F,2.295268828
COc1cc2c(cc1Nc1ncc(Cl)c(Nc3ccccc3S(=O)(=O)C(C)C)n1)CCC(N)C2(C)C,1.554654651
C[C@]12CC[C@H]3[C@@H](CCC4=C/C(=N/O)CC[C@@]43C)C1=CC=C2c1cccnc1,8.68502e-05
O=C(CCCc1ccc2c(c1)-c1ccccc1C2)NC1CCCNC1=O,1.656507528
CC(C)(C)c1cc(NC(=O)Cn2nnn(-c3ccccc3)c2=O)on1,1.802954212
CC1=CC(=C(C=C1)N2CCN(CC2)S(=O)(=O)N3CCCCC3)C,0.709863327
C[C@]12CCC(=O)C=C1C1CC1[C@@H]1[C@@H]2CC[C@]2(C)C(c3cccnc3)=CC[C@@H]12,8.68502e-05
O=C(CCn1nnnc1-c1ccccc1)c1ccccc1,1.22527015
Cc1ccc(Nc2nc3ccccc3n3nnnc23)cc1,0.8667762635
CC1CCCN(C1)C(C2=CC=CC=C2)C(=O)NC3=CC4=C(C=C3)OCCO4,1.125271873
CCCC1(CC(=O)N2CCN(C)CC2)CCOC(C)(C)C1,1.930407009
C[C@]1(O)CC[C@@]2(C)C(CC[C@H]3C4=CC=C(c5cccnc5)[C@@]4(C)CC[C@@H]32)C1,8.68502e-05
CCO/N=C(/c1ccc(F)c(F)c1)c1ccc(CN2CCC3(CC2)OCc2cc(F)ncc23)cn1,0.256761023
C1COCCN1C2=NC(=CS2)C3=CC=CC=C3,0.596597096
O=C(/C=C/c1cc(Cl)ccc1-n1cnnn1)N[C@@H](Cc1ccccc1)C(=O)Nc1ccc(C(=O)O)cc1,2.079181246
CC(C)(C)C1=CC=C(C=C1)C2=C(C(=O)NC(=N2)SCC(=O)NC3=CC=C(C=C3)Cl)C#N,1.284430734
O=[N+]([O-])c1ccc(C2=NOC(c3ccc(N4CCOCC4)c(F)c3)C2)o1,2.137986733
CCOc1nc(C)c(Nc2nc(Cl)cn([C@H](C)C3CC3)c2=O)cc1C,1.517117578
Cc1cc2c(cc1C(=O)N=C(N)N)C(Br)=CC(C)(C)O2,1.6411724295
CN1CCC2=CC3=C(C=C2[C@@H]1[C@@H]4C5=C(C(=C(C=C5)OC)OC)C(=O)O4)OCO3,2.013300787
Cc1cc(OCc2ccc(F)cc2F)c(Br)c(=O)n1-c1c(F)cc(OCCO)cc1F,2.350205137
CC(C)(C)OC(=O)CCc1nc(Cc2cccc3cccnc23)no1,0.6287012315
COCCNC(=O)[C@@H]1C[C@H](Oc2cccnc2)CN1C(=O)c1ccc(OC)nc1OC,1.7562117275
CCc1nn(CCO)c(CC)c1Cc1cc(Cl)cc(Cl)c1,1.255272505
OC1C2CC3CC1CC(C2)C3(Cc1nnn[nH]1)c1ccc(-c2ccncc2)cc1,1.980064192
COc1cccc(CN(C(=O)c2c[nH]c3nc(-c4cn[nH]c4)ccc23)C2CC2)c1,0.954242509
CCS(=O)(=O)c1ccc(Oc2cc3nc(-c4ccccn4)[nH]c3cc2[C@H]2CCCN2C(C)=O)cc1,1.367777572
COCCN1CCS(=O)(=O)c2c(Cl)c(F)nc(Oc3ccc(OC)cc3)c21,0.962865987
Clc1ccc2c(Nc3ccc4oc(NCCN5CCCC5)nc4c3)ccnc2c1,1.638486293
COc1cccc(-c2cc(-c3nc4c5cnn(-c6ccccc6)c5ncn4n3)n[nH]2)c1,1.83400916475
O=[N+]([O-])c1cn2c(n1)OC[C@H](OCc1ccc(-c3ccc(OC(F)F)cc3)nc1)C2,1.882797669
O=C(NCc1ccc(S(=O)(=O)c2ccccc2)cc1)c1cc2ccncc2s1,1.452268895
c1cncc(-c2ccc(C3SCCS3)o2)c1,1.963693405
COc1ccc(C(N)=O)cc1NC1C2CCOC2C12CCC2,1.747005217
O=C(C(O)c1ccc(Br)cc1)N1CCC(Nc2ccc3[nH]ncc3c2)CC1,1.559906625
CC1=NC2=C(N=C(N=C2N1C(C)C)N3CCOCC3)C4=CN=C(N=C4)N,2.079181246
CCOc1cc(=O)n2c(c1C(=O)Nc1ccccc1C(=O)OC)CCCC2,1.32505397
COC1=C(C=C(C=C1)C2=CC3=C(C=C2)C=C(C=C3)C(=O)O)C45CC6CC(C4)CC(C6)C5,1.663795122
Nc1ncnc2c1nc(Sc1cc3c(cc1Br)OCO3)n2CCc1ccccc1F,0.779639768
Cc1ccc2c(=O)c(-c3nc(-c4ccccc4C)no3)cn(CC(=O)NC3CCc4ccccc43)c2n1,0.5819336325
O=C(NCc1ccccc1OC(F)(F)F)N1CCC(Oc2ccncc2)CC1,1.531504463
C=C(C)[C@@H]1CC[C@]2(C(=O)NCCC(=O)O)CC[C@]3(C)[C@H](CC[C@@H]4[C@@]5(C)CC=C(c6ccc(C(=O)O)cc6)C(C)(C)[C@@H]5CC[C@]43C)[C@@H]12,2.05300157
CS(=O)(=O)N1CCC(n2nnc3cnc4[nH]ccc4c32)CC1,2.008600172
COc1ccc(Cl)cc1-c1ccc2c(c1)c(C#N)cn2-c1ccc(F)cc1,1.7769407975
CC(C)c1oc(C2CCCN2S(=O)(=O)c2ccc3c(c2)COC3)nc1-c1ccccc1,0.931815814
NC(=O)COc1ccc2c(c1)S(=O)(=O)N=C(c1c(O)c(-c3cccs3)nn(CC3CCCC3)c1=O)N2,1.414939939
CN1CCN(C(=O)c2ccc(-c3cnc(N)c(-c4ccc(C(F)(F)F)nc4)c3)cc2)CC1,2.079181246
O=C(c1ccccc1)N1CCN(c2nnc(-c3ccc(F)cc3)c3ccccc23)CC1,2.047664915
COC(=O)c1cccc(NC(=O)N2Cc3c(sc4c3CCCC4)-n3cccc3C2C(C)C)c1,0.8496824974999999
Cc1n[nH]c(-n2ccc3nc4ccn(CCc5ccccc5)c(=O)c4cc3c2=O)n1,2.0411550875
C[C@@H]1CCC(N2CC[C@]3(CN(C(=O)c4cc5ccc(F)cc5[nH]4)c4ccccc43)C2)CN1,1.643432935
O=C(c1cc2cc(Br)c3ncccc3c2s1)N1CCN(c2ccccc2)CC1,1.781534618
O=C(NCCc1nc(-c2ccccc2F)cs1)c1ccccc1,3.008082491
Cc1c(CO)cccc1NS(=O)(=O)c1ccc(-c2ccc(Br)cc2)cc1,1.531504463
CCC(CC)C(=O)N(Cc1ccccc1)Cc1nc(N(C)C)ncc1-c1ccccn1,0.604267271
Cc1cnc(C)n1CCNS(=O)(=O)c1cccs1,1.7884989674999998
O=C(NCCc1nc(-c2ccccc2)cs1)c1ccccc1,2.270392371
CC(=O)c1cc(C(=O)NOC(CO)CO)c(Nc2ccc(I)cc2F)n1C,1.954242509
COc1ccc2nc(NC(=O)C(CC3CCCC3)c3ccc(S(=O)(=O)NCc4ccco4)cc3)sc2n1,2.462368046
CCCOCCn1c(=O)c(NCCN2CCOCC2)nc2ccc(-c3ccc(OC)nc3)nc21,0.955731027
CCCC(C(=O)O)c1c(C)ncnc1-c1cc(F)c2c(c1C)CCCO2,3.315766141
CCCN(CC(=O)N(C)C)C(=O)CS(=O)(=O)N1CCC(C)CC1,2.0609051465
CCN1C=C(C(=O)C2=CC(=C(C(=C21)F)N3CCN[C@H](C3)C)F)C(=O)O,1.942801466
Cc1cccc(C2(CC(=O)N3CC(O)C3)C3CC4CC2CC(C3)C4O)c1,1.599395072
CCOc1ccc(Cc2nc3cc(S(=O)(=O)CC)ccc3n2CC2CCOCC2)cc1,0.983971893
CC(C)(C)CCN1C(=O)C(C2=NS(=O)(=O)c3c(OCc4ncon4)cccc32)=C(O)[C@@H]1C(C)(C)C,1.643432935
Cc1cc(NC(=O)C(O)c2cc(Cl)cc(Cl)c2)c[nH]c1=O,1.995868526
Cc1cc(NCc2ccccn2)n2ncc(-c3cccc(N)c3)c2n1,2.272891593
Cc1ccc(C)c(N2CCN(Cc3nnc(-c4cc(S(N)(=O)=O)c(SCc5ccccc5)cc4Cl)o3)CC2)c1,1.09684052
CCc1nc2cc(Cl)ccn2c1C(=O)NCc1ccc(N2CCN(c3ccc(F)cc3)CC2)cc1,2.079181246
CN(C)C(=O)Cn1cc(CN2CCN(c3cc(C(=O)Nc4ccc5c(c4)-c4c(c(C(N)=O)nn4-c4ccc(F)cc4)CC5)c(Cl)cn3)CC2)cn1,0.9029814
CC(CC1=CC2=C(C=C1)OCO2)NCC(C3=CC(=C(C=C3)O)O)O,1.26904571
CN1CCN(c2ncnc3c2oc2ccccc23)CC1,0.698952632
NCCNc1nnc(-c2ccc(F)c(F)c2Nc2ccc(I)cc2F)o1,1.602081706
c1cc2ncc(Nc3ccc4cc[nH]c4n3)cc2[nH]1,1.041313715
CC[C@@H]1C[C@@H](C(=O)NCc2cccc(N)n2)CN(Cc2nc(N3CCOCC3)oc2C)C1,0.949292401
CCN(C)C(=O)[C@H]1C[C@@H](c2ccc(CN3CCCC3)c(F)c2)C1,2.079181246
C[C@H]1CN(CCO)CCN1c1cc2[nH]c(SC(C)(C)C)nc2cc1Cl,1.765674114
O=C(COc1ccc2[nH]c(=O)c(-c3nccs3)c(CCc3ccccc3)c2c1)NCc1ccccc1,0.725545316
COC1=CC=CC=C1N2CCNCC2,2.079181246
CS(=O)(=O)c1cc(C#N)ccc1[C@@H]1C2=C(CCC2=O)N(c2cccc(C(F)F)c2)C(=O)N1C(=O)NC1CC1,2.114010162
Nc1ccc(-c2ccc(S(=O)(=O)c3cccc(N)c3)cc2N)cc1,1.2532119115
CCCCNC(=O)c1cnc2c(c1)nc(NC(=O)c1cccc(C#N)c1)n2CCCOC,2.607886123
COC(=O)C1=C(Nc2ccc(F)cc2F)O/C(=C\c2c[nH]c3ncccc23)C1=O,1.568118514
C=CC(=O)N1CCC[C@@H](n2nc(-c3cccc(C(=O)NCc4ccc(C(C)(C)C)cc4)c3)c3c(N)ncnc32)C1,0.698952632
C1=CC(OC1/C=N/NC(=O)C2=CC=C(C=C2)O)[N+](=O)[O-],2.079181246
CC(C)N1CCN(C(=O)c2ccc(CN3CCOCC3)cc2)CC1.O=C(O)/C=C\C(=O)O,1.382658248
CN1CCCC(C(=O)N[C@@H](Cc2c[nH]c3ccccc23)C(=O)Nc2ccncc2)C1.Cl,1.653212514
CNC(=O)c1ccc(-c2cc(-c3ccc(S(C)(=O)=O)cc3)cnc2N)cc1,2.544043227
C[C@H](NP(=O)(OC[C@H]1O[C@@H](n2ccc(N)nc2=O)C(F)(F)[C@@H]1O)Oc1ccccc1)C(=O)OC1CCCCC1,1.026575311
Cn1c(-c2ccccn2)c(C2CCCCC2)c2ccc(C(=O)NC(C)(C)C(=O)Nc3ccc(/C=C/C(=O)O)cc3)cc21,1.568225199
CCCC(=O)Nn1c(=S)[nH]c2cc(C)[nH]c2c1=O,2.9800016915
Cc1cc(C)c(S(=O)(=O)N2CCCCC2)c(C)c1N(C)S(C)(=O)=O,1.0396199935
C[C@]12CC[C@H]3[C@H]([C@@H]1CCC2=O)CCC4=C3C=CC(=C4)O,1.533263517
O=c1[nH]c(N2CCN(Cc3ccccc3)CC2)nc(O)c1Cc1ccccc1,1.346625341
COc1ccc2c(c1)N(C)C(=O)CN2c1nc(C)nc2ccccc12,1.34246216
COCCOc1cc2c(N3CCN(C(=O)Nc4ccc(OC(C)C)cc4)CC3)ncnc2cc1OCCN1CCCC1,2.720159303
CN1CCN(c2ccc(C(c3nnnn3Cc3ccccc3)N3CCCN(C4CCC4)CC3)cc2)CC1,1.36169007
O=C(O)CC1(c2ccc(F)cc2)CC2(CCCCC2)C1,1.696992623
O=C(Nc1cnc(-c2ccncc2F)c(-c2cnco2)n1)C1CC1,2.52642867
COC(=O)c1cccc2c1CN(c1cccc(C(=O)OC(C)(C)C)c1)C2=O,3.315766141
CN[C@@H]1CCc2ccccc2[C@@H]1c1ccc(Cl)c(Cl)c1,1.740378482
Cn1ncc(C(=O)O)c1NC(=O)c1cc(Br)nn1-c1ncccc1Cl,1.8583493735
CS(=O)(=O)c1ccc(C(CCNC(=O)c2ccc(O)nc2)c2ccc(F)cc2)cc1,2.195954973
CC(C)Oc1cc([C@@](Cc2ccccc2)(NC[C@H](O)CC(F)(F)F)c2cc(F)cc(OC(F)(F)C(F)F)c2)ccc1F,1.57054366
COC(=O)Nc1cc2c(NCc3ccc(OC)c(Cl)c3)ncnc2c(CCO)c1OC,2.102435961
O=C(NCc1ccc(S(=O)(=O)c2cccc(F)c2)cc1)c1cc2cnccc2[nH]1,1.945545984
CCS(=O)(=O)c1ccc2[nH]c(N3CCOC(c4ccc(C)cc4)C3)nc2c1,2.203640427
COc1ccc2nc(NC(=O)C(CC3CCCC3)c3ccc(S(=O)(=O)NCC(=O)O)cc3)sc2n1,1.434536969
CC(C)(C)CCn1nc(N2CCCC2)c(O)c(C2=NS(=O)(=O)c3cc(NS(C)(=O)=O)ccc3N2)c1=O,1.146065989
O=C(NC1(c2ccccc2F)CCCC1)c1cccc(N2CCCC2=O)c1,1.3616045535
CC(C)C(=O)OC[C@@H]1[C@@H](OC(=O)C(C)C)[C@H](OC(=O)C(C)C)[C@@H](OC(=O)C(C)C)CN1CCCCCCN(C(=O)NC(C)(C)C)C1CCCCC1,1.0133310805
CC(C)NC(=O)Cn1c(-c2cccc(Cl)c2)nc2ccc(OCCCN3CCOCC3)cc2c1=O,0.936300043
COc1ccc(-c2cc(-c3ccc(S(C)(=O)=O)cc3)cnc2NCCCCN)cn1,2.397974751
O=C(N[C@@H](Cc1c[nH]c2ccccc12)C(=O)Nc1ccncc1)c1ccc(-c2ccc(O)c(F)c2)cc1F,1.491389712
Cc1ccc(-c2nnc(N3CCN(C(=O)c4ccccc4)[C@@H](C)C3)c3ccccc23)cc1,1.638486293
O=C1C=C(N(Cc2ccc(Cl)nc2)C2COC2)CO1,2.3161108865
CC(C)(C1=CC=C(C=C1)C2=NC3=CC=CC=C3N=C2C4=CC=CC=C4)N,2.079181246
CCC(C(=O)Nc1c(C)cc(C)cc1C)n1nc(C)c2c(C)onc2c1=O,1.297024215
CS(=O)(=O)c1ccc(-n2cc(Cl)c(OC3CCN(c4ncc(Cl)cn4)CC3)cc2=O)c(F)c1,1.924279286
COc1ccc(C(=O)NCc2cccc(C(=O)NCCc3ccncc3)c2)cc1OC,1.00008685
Nc1nc(N2CCN(c3ccccc3Cl)CC2)nc2ccccc12,0.8195578365
O=C(Nc1ccc(F)c(-c2nc3ncccc3o2)c1)c1ccoc1,1.041313715
Cc1c(N2CCOCC2=O)cccc1S(=O)(=O)N[C@@H](CNC(=O)c1ccc(Cl)s1)C(=O)N1CCN(C)CC1,1.326326541
Cc1ccc(N(CC(O)CN2CCCCC2)S(=O)(=O)c2ccc3ccccc3c2)cc1,0.8734836755
O=S(=O)(NCCCOC1CCCCC1)c1ccc(Cl)c(-c2nnn[nH]2)c1,1.4088434159999998
Cn1cnc2c(c(Nc3ccc(I)cc3F)cc(=O)n2C)c1=O,2.300986564
COc1cc(OC)cc(N2CCN(C(=O)c3oc(C)nc3-c3ccccc3F)CC2)c1,1.340881912
CC1=C(N=NN1C2=CC=CC=C2C(F)(F)F)C3=NSC(=N3)NC(=O)C4=CC(=CC=C4)OC,2.079181246
CC1(C)CN(c2ccccc2NC(=O)Nc2ccc(OC(F)(F)F)cc2)c2c(O)ccc(-c3cccc(F)c3)c21,1.238247268
O=C(c1ccco1)N1CCN(c2nnc(-c3ccccc3)c3ccccc23)CC1,1.568118514
C[C@H](Cc1cccc(CC(=O)NC2C3CC4CC(C3)CC2C4)c1)NC[C@H](O)c1ccc(O)c(CO)c1,0.301029996
CCCc1cnc(N2CCC(C3Cc4cc(C5CCN(S(=O)(=O)CCC)CC5)ccc4O3)CC2)nc1,1.288552859
COC(=O)c1ccc2c(c1)OC(CC(=O)Nc1ccc(N)cc1)C(=O)N2,1.7434285525000002
CC1=NOC(C)(CNC(=O)c2cc(C)ccc2C)C1,1.839783969
CCCOc1cc(Cl)cc2c1n(C)/c(=N/c1ccc(OC(F)(F)F)cc1)n2Cc1ccc(C(=O)Nc2nnn[nH]2)cc1,1.72881915
O=c1c(-c2ccccc2)c2ccccn2c(=O)n1CCCCN1CC=C(c2c[nH]c3ccc(F)cc23)CC1,1.9366462805
O=C1OCc2c(-c3ccccc3)sc(-c3ccc4c(c3)OCO4)c21,1.5263785895000002
CN1CCCc2c(c3cc(F)ccc3n2-c2ccc(F)cc2)C1.Cl,2.356264067
COc1ccc2c(O[C@@H]3C[C@H]4C(=O)N[C@]5(C(=O)NS(=O)(=O)C6CC6)C[C@H]5/C=C\CCCCC[C@H](NC(=O)c5nc(C)cs5)C(=O)N4C3)cc(OC(C)C)nc2c1C,2.041313715
CNC(=O)Cn1cc(CN2CCN(c3cc(C(=O)Nc4ccc5c(c4)-c4c(c(C(N)=O)nn4-c4ccc(F)cc4)CC5)c(Cl)cn3)CC2)cn1,1.114010162
CC1=C(N(C2=C1C=C(C=C2)C(=O)OCCN(C)C)CC3=CC=CC=C3)C,1.045714059
OC12CC3CC(C1)CC(NCc1cc(C4CC4)on1)(C3)C2,2.161427901
CC(C)c1nc(CN(C)Cc2cnc(N(C)C)nc2)cs1,0.9958491305
O=C1c2[nH]nc(NS(=O)(=O)c3cccc4ccccc34)c2CCN1CC1CCNCC1,2.335854706
CC(C)[C@]1(C(=O)N2C[C@@H]3C[C@H]2CN3C(=O)C2CCCCC2)CC[C@@H](NC2CCOCC2F)C1,1.740378482
CC(C)(C)c1cc(NC(=O)[C@@H]2CCCN2CC2CC2)no1,0.845222106
O=C(Cc1cccnc1)NCCC(c1ccccc1)c1ccccc1,0.602081706
COC(=O)Nc1ccc2c(c1)NC(=O)CC/C=C/C[C@H](NC(=O)/C=C/c1cc(Cl)ccc1-n1cnnn1)c1nc-2c[nH]1,1.612762671
O=C(CNS(=O)(=O)c1cc(-c2noc(C3CCC3)n2)cs1)N1CCN(c2ccccc2)CC1,0.7811626635
C[C@H](c1ccc(F)cc1)N1C(=O)O[C@](Cc2ccccc2)(c2nc3cc(-n4cnnn4)ccc3[nH]2)C1=O,2.139479458
CC(C)(C)c1cc(O)c2o/c(=N\c3ccc(S(N)(=O)=O)cc3)c(C(N)=O)cc2c1,2.73523424
CCn1c(=O)c2sccc2n2c(CCC(=O)NCc3ccc(F)cc3)nnc12,1.453626183
COc1ccc([C@@]23Oc4cc(O[C@@H]5O[C@@H]([C@@H](O)CO)CO[C@H]5OC)cc(OC)c4[C@]2(O)[C@H](O)[C@H](C(=O)N(C)C)[C@H]3c2ccccc2)cc1,2.204174266
Cc1c(CC(=O)O)c2c(n1-c1ccc(Br)cc1)CC(C)(C)CC2=O,1.6393274945
CCc1c2c(nc3sc(C(=O)N4CCc5cc(OC)c(OC)cc5C4)c(N)c13)CC(C)(C)CC2=O,1.2748212630000002
C1=CC(=CC=C1C(=O)C2=C(C=C(C=C2Cl)CN3C(=C(N=N3)C(=O)N)N)Cl)Cl,2.079181246
COc1ccc(-c2cncc(-c3ccc(S(C)(=O)=O)cc3)c2)cn1,1.612762671
O=S1(=O)CCC(NCCCCN(C[C@H]2Cc3ccccc3CN2)[C@H]2CCCc3cccnc32)CC1,0.509280477
Br.CN(C)Cc1cc2c([nH]c(=O)c3cccc(O)c32)s1,1.477121255
CCC(C)Nc1[nH]c2cc(C)cc(C)c2c(=O)c1C(C)=O,0.675290121
C[C@]12CCCCC[C@@H]1CC[C@@H]1[C@@H]2CC[C@]2(C)C(n3ccnc3)=CC[C@@H]12,1.00008685
CCC(C)(C)C(=O)N(O)Cc1cc(F)c(F)c(F)c1,1.819543936
CC(C)N1CCc2nc(C(=O)Nc3cc(C(=O)O)ccc3CCC(=O)Nc3ccc(F)cc3)sc2C1,2.52642867
CC(=O)N1CCCC1c1cc2[nH]c(-c3ccccn3)nc2cc1Oc1ccccc1C#N,1.069493576
CC(C)(C)c1cc(NC(=O)[C@@H]2CCCCN2C(=O)C2CCCCC2)no1,1.462368046
CNS(=O)(=O)NC(=O)c1ccc2c(C3CCCCC3)c3n(c2c1)C[C@@]1(C(=O)N2C4CCC2CN(C)C4)C[C@H]1c1cc(F)ccc1-3,1.785472203
CC(C)N(C)[C@@H]1CC[C@H](N2CC[C@H](NC(=O)c3cc(F)cc(C(F)(F)F)c3)C2=O)[C@H](CS(=O)(=O)c2ccccc2)C1,1.866264587
O=C(O)c1ccc(Oc2cc(NC(=O)N3CCC(O)(c4ccc(F)cc4)CC3)cc(Oc3ccc(F)cc3)c2)cc1,1.719263563
Cc1cc(-c2ccc(SCC(=O)Nc3ccc(-c4cnccn4)cn3)cc2)ccn1,0.83238116
C=CC(=O)Nc1cccc(-c2c[nH]c3nccc(-c4[nH]c(CCCO)nc4-c4ccc(F)cc4)c23)c1,3.077203865
CN1C(=O)CCC1c1cc2[nH]c(-c3ccccn3)cc2cc1Oc1ccc(S(C)(=O)=O)nc1,1.859033917
OC1CCCC1Oc1cc(-n2nc3c(c2Cl)CCCC3)c(F)cc1Cl,1.08751367
Cc1ccc(C#N)c(NC(C)Cc2c(C)noc2C)n1,0.600164284
CC(C)OC(=O)N1CC2Cc3[nH]ncc3C(C1)N2S(=O)(=O)c1ccc(Cl)cc1,1.515256251
CC(C)CCn1nc(CC2CC2)c(O)c(C2=NS(=O)(=O)c3cc(NS(C)(=O)=O)ccc3N2)c1=O,1.278799314
CC(=O)O[C@@]12CO[C@@H]1C[C@H](O)[C@@]1(C)C(=O)[C@H](O)C3=C(C)[C@@H](OC(=O)[C@H](O)[C@@H](NC(=O)OC(C)(C)C(F)F)c4ccccc4)C[C@@](O)([C@@H](OC(=O)c4ccccc4)[C@H]21)C3(C)C,2.5797362755
CC(Cc1ccc([Si](C)(C)C)cc1)CN1C[C@@H](C)O[C@@H](C)C1,1.204577184
CCCNc1c(C(=O)OC)nc2ccc(Cl)cn12,0.4507550055
CC(C)Oc1ccc(NC(=O)[C@@H]2C[C@@H]3CC[C@@H]2N(S(=O)(=O)c2cccc(F)c2)C3)cc1,0.915560026
CN1CCN(CC1)C(=O)C2=CC(=NC3=C2C=NN3C)C4=CN=CC=C4,2.079181246
O=S(=O)(c1ccc(C(F)(F)F)cc1)N1c2ccccc2-c2n[nH]cc2C1C1CC1,1.415667609
CN(C)S(=O)(=O)c1cc(C(=O)Nc2ccc(Br)cc2)c(Cl)cc1Cl,1.343681725
COc1ccc2c(c1)[C@@H]1C[C@]1(C(=O)N1[C@@H]3CC[C@H]1CN(C)C3)Cn1c-2c(C2CCCCC2)c2ccc(C(=O)NS(=O)(=O)N(C)C)cc21,1.680384693
CC(C)=CCc1c2ccoc2c(O)c2oc(=O)ccc12,1.5893721795
CCN(Nc1c(Nc2cccc(C(=O)N(C)C)c2O)c(=O)c1=O)c1ccccc1,2.079181246
Cn1c(Cc2ccccc2)c(-c2ccccc2)c(=O)n1C,1.80765596
N#Cc1ccc(C(=O)NCCC(c2ccc(F)cc2)c2ccc(F)cc2)cc1,1.51851394
N#Cc1ccccc1Cn1c(N2CCC[C@@H](N)C2)ncc(/C=C/c2ccc(F)cc2)c1=O,2.269512944
O=C(C(F)CC1CCCCC1)N1CCC(N2CCCCC2=O)CC1,1.8056527895
O=C(c1cccs1)N1c2nc(C3CCCCC3)nn2C2(CCCCC2)[C@@H]2CCCC[C@@H]21,0.5364074249999999
COc1cccc(OC)c1-c1cc(C(=O)N[C@@H](CC(C)C)C(=O)O)nn1-c1ccnc2cc(Cl)ccc12,2.180534292
N#CCCN1CCC(n2cnc3cnc4[nH]ccc4c32)CC1,2.653212514
Cc1cc(/C=C/C#N)cc(C)c1Oc1cc(Nc2ccc(C#N)cc2)c(N)cc1C(N)=O,1.544043227
C[C@](O)(c1ccc(C(=O)N(CC(F)(F)F)C2CCCCC2)cc1)C(F)(F)F,1.069493576
CCCCCc1c(Cl)nc(NC(=O)NC(C)(C)C)c(=O)n1CC(=O)Nc1ccccc1C(=O)NS(=O)(=O)c1ccc(C(F)(F)F)cc1,1.62324929
CC(C)c1cc(C(C)C)c(S(=O)(=O)NCCCO)c(C(C)C)c1,0.7155059315
O=[N+]([O-])c1cn2c(n1)OC[C@@H](OCc1ccc(-c3ccc(OC(F)(F)F)cc3)cc1)C2,3.135258112
COc1ccc(Sc2nn(S(C)(=O)=O)c3ccccc23)cc1OC,0.9752562595
CNc1cc(C2(C(=O)Nc3cc(C(=O)Nc4ccc(Cl)c(C(F)(F)F)c4)ccc3C)CC2)ncn1,1.819543936
CC1CC(=O)N(c2cccc(Cl)c2)N=C1c1ccc(O)cc1,1.7833735705
Cl.c1ccc(-c2nnc(CNCCN3CCOCC3)o2)cc1,2.7198239425
CCCOCCn1c(=O)c(NC2CCC(O)CC2)nc2cnc(-c3ccc(OC)nc3)cc21,2.377546323
Cc1ccc2nc(-c3nnc(-c4noc5c4CC(C)CC5)o3)ccc2c1,0.595902062
O=C(Nc1cccc2ccccc12)n1c(=O)n(CCN2CCOCC2)c2ccccc21,1.041313715
c1ccc(CNc2nc3ccccc3c3nncn23)cc1,1.7337044195
CC(C)CCC1CCC(C)CC1N(C)c1ncnc2[nH]ccc12,0.845222106
CNc1nc(Nc2cccc(C(N)=O)c2)c2sc(-c3ccc(C(F)(F)F)cc3)cc2n1,2.047664915
Cc1nc2c([N+](=O)[O-])c(Cl)c(Cl)cc2n1Cc1ccc(B2OC(=O)CN(C)CC(=O)O2)cc1,1.041313715
Cc1cc(C)n(C2CCN(C(=O)c3sc4ncn(C)c(=O)c4c3C)C2)n1,1.1756756364999998
Cc1ccc(Cl)cc1N1CCN(c2ccc(C(=O)N[C@H](Cc3c[nH]c4ccccc34)C(=O)Nc3ccncc3)c(F)c2)CC1,0.954242509
CCS(=O)(=O)CCCn1c(Cn2c(=O)n(C3CC3)c3ccncc32)nc2ccccc21,1.568225199
CC(C)=CCN1CCN(c2nc3ccccc3s2)CC1CCO,0.3730677555
Clc1ccc2c(/N=C(\NCCCN3CCCCC3)c3ccccc3)ccnc2c1,1.079181246
CNC[C@@H]1Cc2ccccc2[C@@H](c2ccc(Cl)c(Cl)c2)C1,2.477121255
ClC(Cn1ncc2c(NCc3ccccc3)ncnc21)c1ccccc1,2.230480164
O=C(N[C@@H](Cc1c[nH]c2ccccc12)C(=O)Nc1ccncc1)c1ccc(N2CCN(S(=O)(=O)c3ccccc3)CC2)cc1F,0.845222106
O=C(NOC[C@H](O)CO)c1c(Nc2ccc(I)cc2F)c(F)c(=O)n2c1CCC2,2.300986564
CC(=O)N1CCC(c2[nH]nc(-c3ccc(Cl)cc3)c2-c2ccncc2)CC1,1.636507956
Cc1cc(COc2ccc([C@]3(N)CCN([C@@H](C(=O)NO)C(C)C)C3=O)cc2)c2ccccc2n1,1.975431809
O=c1n(Cc2nc3ccccc3n2CCCCO)c2cnccc2n1C1CCC1,0.748172516
Cc1c(CNS(=O)(=O)c2ccccc2)nn(-c2ccccc2)c1CC(C)C,0.543266002
CCC(CC)[C@H](C(N)=O)[C@@H](CCC(F)(F)F)C(=O)N[C@H]1N=C(c2ccccc2)c2ccccc2N(C)C1=O,0.364322463
CC(=O)Nc1cc(O)nc2nc(-c3ccc(C(C)(C)C)cc3)nn12,1.6433219885
CCc1c(C)[nH]c2cc(OC)c(Cl)cc2c1=O,1.528891002
CC(C)CNc1cc(N(C)CCNc2ccnc(N)n2)nc(N)n1,2.004235366
CCN(C(=O)OCC(=O)Nc1ccc(-c2ccc(CC(=O)O)cc2)cc1Cl)c1ccc(C(C)(C)C)cc1Cl,0.954242509
O=C(/C=C/c1ccc2c(c1)C(=O)NC1(CCN(CCc3ccccc3)CC1)O2)NO,1.731739325
Cc1c(-c2ccccc2)c(N2CC[C@H](N(C)C)C2)n2c(nc3ccccc32)c1C#N,1.22527015
Cc1cc2ccccc2n1CCNC(=O)c1ccc(N2CCOCC2)cc1,1.3506033003333335
CN[C@@H](CC(C)C)C(=O)N[C@@H]1CC[C@H]2CN(Cc3cccc(C(F)(F)F)c3)C[C@H]21,1.103130113
CC1Cc2cc(C(=O)CSc3ccc4c(c3)OCCO4)ccc2N1S(C)(=O)=O,0.531504463
O=C(O)c1cnccc1NC(=O)N1C[C@H]2C[C@@H](c3ccccc3C(F)(F)F)C[C@H]2C1,1.994238833
CC(C)CCn1nc(-c2ccn(C)c2)c(O)c(C2=NS(=O)(=O)c3cc(NS(C)(=O)=O)ccc3N2)c1=O,1.579760738
Cc1cc(NC(=O)c2cccc(-n3cc(NC(=O)Nc4ccccc4Cl)cn3)c2)ccn1,1.505122834
Cc1ccccc1C(=O)N[C@H](c1cn(C2(C#N)CC2)nn1)C1CCCCC1,1.36169007
CC12CCCC(/C=C/C(=O)NS(=O)(=O)c3cc(Cl)c(Cl)s3)=C1N(Cc1cccc(Cl)c1Cl)C(=O)C2,1.969362375
CN1CCCC2(CCN(C3CCN(c4ccc(F)c(F)c4)CC3)C2)C1=O,1.8005975589999998
COc1ccc2c(c1)[C@]1(C[C@H]1c1ccc3c(/C=C/c4ccc(CN(C)C)cc4)n[nH]c3c1)C(=O)N2,1.556302501
COc1cccc(CNC(=O)N2Cc3c(sc4c3CCCC4)-n3cccc3C2C)c1,0.7133371305
C1CN(CCN1CCOCC(=O)O)C(C2=CC=CC=C2)C3=CC=C(C=C3)Cl.Cl.Cl,2.079181246
COc1ccc(C(Nc2ccccn2)c2ccc3cccnc3c2O)cc1,1.355987592
Cc1cccc(C(O)(C(=O)NNc2ccc(Br)cn2)c2cccc(C)c2)c1,0.9685075745
C1=CC=C(C=C1)N2C3=CC=CC=C3C(C2=O)(CC4=CC=NC=C4)CC5=CC=NC=C5,0.23299611
CC1=NC(=NC=C1C2=NC3=C(C(=N2)N4CCOCC4)SC(=C3)C(C)(C)O)N,2.079181246
COc1cc(=O)[nH]cc1C(=O)N1CCCC1C1CCCCC1,1.585551263
O=c1ncn(Cc2c(F)cc(F)cc2F)c2ccc(Oc3cccnc3C(F)(F)F)cc12,2.477121255
CNC(=O)c1c(-c2ccc(F)cc2)oc2ccc(-c3cc(C(=O)NC4(c5cccnc5)CC4)ccc3C)cc12,0.145182256
COc1cccc(CN2C(=O)C(C3=NS(=O)(=O)c4cc(NS(C)(=O)=O)ccc4N3)=C(O)[C@@H]3C4CCC(CC4)[C@@H]32)c1,1.77815125
Cc1nn(C2CCS(=O)(=O)C2)c2c1C(C(C)C)CC(=O)N2,1.8469686545
c1csc(COc2ccc(CNn3cnnc3)cc2)c1,2.107668557
CC(C)(C)c1ccc(-c2ccnc(C#N)c2)cc1,1.397974751
O=S(=O)(c1ccccc1)c1nc(-c2ccccc2)oc1NCC1CCCO1,0.7514287065
N#Cc1c[nH]c(C(=O)Nc2ccc(C3CCN(CC(N)=O)CC3)cc2C2=CCCCC2)n1,1.517117578
NS(=O)(=O)c1cc(-c2nnc(/C=C/c3ccc(Cl)cc3)o2)c(Cl)cc1SCc1ccccc1,1.093491727
CCc1ccccc1NC(=O)NCCNc1nc(C)cc(N2CCCCC2)n1,0.927632904
CC1=C2C[C@H]3[C@@H](CC[C@@H]4C[C@H](NS(C)(=O)=O)CC[C@@]43C)[C@@H]2CC[C@@]2(C1)O[C@@H]1C[C@H](C)CN[C@H]1[C@H]2C,1.929521101
CC(NC(=O)c1cn(C)nc1-c1ccc2c(c1)OCCCO2)c1ccc(-n2cncn2)cc1,3.2258080165000003
Cn1nccc1NC(=O)c1cnc2c(F)cc(F)cc2c1O,1.888108149
Cn1nnnc1N1CCC(CCn2c(Sc3cc4c(cc3Br)OCO4)nc3c(N)ncnc32)CC1,0.381699759
CCc1nc2ccc(Cl)cn2c1C(=O)NCc1ccc(-c2ccc(C#N)cc2)cc1,2.079181246
C[C@H](O)CNS(=O)(=O)C1CCc2cc(Br)ccc2C1,2.263409208
CC1=CC=C(C=C1)C(=O)NC2=C(N=C(N=C2NC3=CC=C(C=C3)C)NC4=CC=C(C=C4)C)C,1.311541958
CS(=O)(=O)Nc1ccc2c(c1)S(=O)(=O)N=C(C1=C(O)[C@@H]3[C@H]4CC[C@H](C4)[C@@H]3N(Cc3ccc(F)cc3)C1=O)N2,2.160063913
O=C(NC[C@H]1CC[C@@H](COc2ccccc2)CC1)c1ccc(O)cc1,0.36169007
COc1ccc(NC(=O)c2cc3cc(C)ccc3n2C)c(OC)c1,1.7276995215
CS(=O)(=O)c1ccccc1OC1CCN(C(=O)NCc2ccc(Cl)cc2Cl)CC1,0.602081706
CN[C@H]1Cc2ccccc2[C@H](c2ccc(Cl)c(Cl)c2)C1,2.477121255
COCCCn1cnnc1C(C)NC(=O)c1cnn[nH]1,1.984446506
O=c1[nH]c2cc(-c3cccc(Cl)c3)ccc2c2[nH]c(-c3c(F)cccc3Cl)nc12,2.834228116
Cc1cc(N2CCC(C(=O)NC(C)(C)C)CC2)nc(Nc2ccc(C#N)c(C(F)(F)F)c2)n1,2.0772224765
C[C@@H]1C[C@H]2[C@@H]3CCC4=CC(=O)C=C[C@@]4([C@]3([C@H](C[C@@]2([C@H]1C(=O)CO)C)O)F)C,1.758230408
CC(C)(C)c1cc(NC(=O)[C@@H]2CCC(=O)N2c2ccc(C#N)cc2)on1,1.959136831
Cc1c(Br)c2ccccc2n1CC(=O)n1ncc(C#N)c1N,1.4663598295
Cn1nnc2cc(C(c3nnnn3Cc3ccccc3)N3CCCN(C4CCC4)CC3)ccc21,1.431363764
Cc1ccc(-n2ncc3c(C(C)C)nn(CC(=O)NC(C)(C)C)c(=O)c32)cc1C,2.244449746
c1ccc(CN(Cc2ccc3ccccc3c2)C2CNC2)cc1,0.773065702
CCc1nn(CCO)c(CC)c1Oc1cc(Cl)cc(C#N)c1,1.826204423
CCOC(=O)C1CCN(C(=O)CCC(=O)N2CCCn3nc(-c4cn(C)c5ccccc45)cc32)CC1,0.6297404515
C1COCCC1N2C3=NC=NC(=C3C(=N2)COC4=CC(=CC=C4)Cl)N,1.60129931
COc1ccc2c(c1)C[C@H](C(=O)Nc1ccc(-c3cn[nH]c3)c(F)c1OCCN(C)C)NC2,1.857332496
CCN(CC)S(=O)(=O)c1ccc(OC)c(NC(=O)CCCOc2ccc(Cl)c(C)c2)c1,1.0971235275
Cc1cccc(-c2ccc3c(c2)[nH]c(=O)c2nc(-c4c(F)cccc4Cl)[nH]c23)c1,0.900093901
N#Cc1ccc(S(=O)(=O)N2c3ccccc3-c3n[nH]cc3C2C2CC2)cc1,0.936300043
N#Cc1ncc(Br)cc1NC(=O)C(F)(F)F,3.315766141
CCN1CCN(c2nc(C)nc3c2nc(-c2ccccc2Cl)n3CCOC)CC1.Cl,1.249321963
CCOc1cc(=O)n2c(c1C(=O)NCc1ccc(F)cc1Cl)CCCC2,0.6785541235
COc1ccc(-n2c(-c3ccc(OCCN(C)C)cc3)nn(Cc3ccccc3)c2=O)cc1,1.441876498
CN1CCN(Cc2ccc(C(c3nnnn3Cc3ccccc3)N3CCCN(C4CCC4)CC3)cc2)CC1,1.869114327
CCC(CC)CC1(O)CCN(C(=O)Nc2cc(Oc3ccc(F)cc3)cc(Oc3ccc(C(N)=O)cc3)c2)CC1,0.862457337
CCOC1=CC=C(C=C1)NC(=O)CC(C)O,2.079181246
c1ccc(C(Cc2ccccc2OCC2CC2)N2CCNCC2)cc1,1.924279286
CCCOc1ccccc1CC(c1ccccc1)N1CCNCC1,1.662776714
Cc1cc(-c2nc(C)c3sc4cc(OCc5ccc6ccccc6n5)ccc4n23)ccn1,1.142473713
Cc1nc2ncc(-c3cccc(N(C)C)c3)cc2[nH]1,2.1953880505
Cc1cccc(CNc2ncc(C(=O)NCCCN3CCCC3=O)c(NC3CCCC3)n2)c1,0.9029814
CCc1nnc(NCc2ccccc2F)c2cc3sc(C)cc3n12,1.884010859
COC(=O)[C@@H](OC(C)(C)C)c1c(C)nc2c(c(C)c(C)n2CC2CCO2)c1-c1ccc2c(c1)CCCO2,0.767053039
CN1CCN(C(=O)N2Cc3c(NC(=O)c4cccc(Oc5ccccc5)c4)n[nH]c3C2(C)C)[C@@H](Cc2ccccc2)C1,0.725545316
[2H]C([2H])([2H])Oc1ncc(-c2cc3c(C(=O)NC)c(-c4ccc(F)cc4)oc3nc2CCC(F)(F)F)cc1C(=O)NC(c1ncon1)(C([2H])([2H])[2H])C([2H])([2H])[2H],1.77083729
COc1ccc(C2C(C(=O)N3CCN(c4ccccc4)CC3)CCC(=O)N2c2ccc3c(c2)OCO3)cc1,1.2083980995
Cc1ccc(NC(=O)N2Cc3c(sc4c3CCCC4)-n3cccc3C2c2cccs2)cc1Cl,1.296848083
Cl.OC1(Cc2cccc(Br)c2)CCNCC1,1.6701607625
CN(C)C(=O)c1ccc(C(F)(F)F)cc1,2.114010162
C=CCNC(=O)/C=C/C=C(\C)[C@@H]1C/C=C/C=C/[C@H](O)[C@H](C)[C@@H](O)[C@@H](CCC(C)=O)C(=O)N[C@@H](C(C)C)C(=O)N[C@@H](Cc2cccc(O)c2)C(=O)N2CCCC(N2)C(=O)O1,1.378361557
N[C@@H](CC(=O)N1CCC[C@H]1CNC(=O)CC(F)(F)F)Cc1cc(F)c(F)cc1F,2.079181246
COCCOC(=O)c1c(C)[nH]c(C(=O)N2CCOc3ccc(S(C)(=O)=O)cc32)c1C,3.315766141
COc1cc(=O)n(C)cc1C(=O)NC(c1cccnc1)C1CCOCC1,3.315766141
CCN(CC)C(=O)C1CN2CCC3=CC(=C(C=C3C2CC1OC(=O)C)OC)OC,2.079181246
N#Cc1ccccc1N1CCN(C(=O)COCc2ccccc2)CC1,1.142473713
CN(C(=O)c1cc2c(s1)-c1ccsc1CC2)C1CCCCC1,0.7103238555
Nc1nccc(-c2ccc3nc(C4COc5ccc(F)cc5C4)oc3c2)n1,1.959136831
O=C1NCCNC1Cc1ccc(-c2cccc(F)c2F)cc1,1.959808496
COc1cc2c(Br)c(O)c(Br)cc2cc1Cc1ccccc1,1.5288156485
Cn1c(-c2cccnc2)c(C2CCCCC2)c2ccc(C(=O)NC(C)(C)C(=O)Nc3ccc(/C=C/C(=O)O)cc3)cc21,1.397974751
COc1ccc2c(O[C@@H]3C[C@H]4C(=O)N[C@]5(C(=O)NS(=O)(=O)C6CC6)C[C@H]5/C=C\CCCCC[C@H](NC(=O)c5ncc(C)s5)C(=O)N4C3)cc(OC(C)C)nc2c1C,1.963693405
CCN(CC)CCN/C(C)=N\c1ccnc2cc(Cl)ccc12,1.414939939
COC[C@H]1C[C@@H](C(=O)NC[C@H]2CCCO2)CN(Cc2nc(N3CCOCC3)oc2C)C1,2.079181246
CCCNC(=O)C1CC12CN(C(=O)c1cc3sc(Br)cc3n1Cc1ccc(OC)cc1)C2,1.290034611
O=C(N[C@@H](Cc1c[nH]c2ccccc12)C(=O)Nc1ccncc1)c1ccc(Nc2ccccc2)cc1F,1.447189051
COc1ccc2c(O[C@@H]3C[C@H]4C(=O)N[C@]5(C(=O)NS(=O)(=O)C6CC6)C[C@H]5/C=C\CCCCCCC(=O)N4C3)cc(-c3csc(NC(C)C)n3)nc2c1,2.068351124
CC(C)Cc1csc2nc(O)n3nc(-c4ccco4)nc3c12,1.6909699085
CCCCCC(=O)O[C@@]1(CC[C@@H]2[C@@]1(CC[C@H]3[C@H]2CCC4=CC(=O)CC[C@]34C)C)C(=O)C,0.269512944
O=C(CC1(c2ccc(F)cc2)C2CC3CC1CC(F)(C3)C2)N1CC(O)C1,0.855136771
CCOC(=O)Cn1c(=O)n(-c2cccc(O)c2)c2ncnc(N)c21,1.8552174975
Cc1cc(Nc2ccc(Cl)c(C(F)(F)F)c2)n2ncnc2n1,2.114010162
CCS(=O)(=O)CCNC(=O)NC(C)c1ccc(C)s1,2.653796608
O=S(=O)(NC1CCN(CCCO)CC1)c1cc(S(=O)(=O)c2ccccc2)ccc1C(F)(F)F,0.477121255
CC(C)NC[C@H](COC1=CC=CC2=CC=CC=C21)O,1.679052497
CC1=CN=C(N=C1NC2=CC(=CC=C2)S(=O)(=O)NC(C)(C)C)NC3=CC=CC(=C3)CN4CCOCC4,1.290257269
COCCCNc1nnc(-c2ccc(F)c(F)c2Nc2ccc(I)cc2F)o1,1.544043227
COc1ccc2[nH]cc(CCN3C(=O)c4[nH]nc(-c5ccco5)c4C3c3cccc(O)c3)c2c1,0.839634015
C[C@H](O)C(=O)N1CCC(CCn2c(Sc3cc4c(cc3Cl)OCO4)nc3c(N)ncnc32)CC1,1.38619617
O=C(Nc1ncc(-c2ccccc2)s1)N1CCCN(C(=O)C2CCOCC2)CC1,1.36169007
C#Cc1ccc(Nc2c(C(=O)NOC[C@H](O)CO)c3c(n2C)C(=O)CCC3)c(F)c1,2.300986564
CC(CCc1ccccc1)NC(=O)c1noc(-c2ccc[nH]c2=O)n1,3.315766141
CC(C)Cc1nc2c(C(F)(F)F)cccc2n1-c1cccc(Oc2cccc(S(C)(=O)=O)c2)c1,1.477121255
CC1(C)CC=C(c2cc(CCN3CCOCC3)ccc2NC(=O)c2ncc(C#N)[nH]2)CC1,1.222238291
C/C(=C\c1nn(CCC(C)C)c(=O)c(C2=NS(=O)(=O)c3cc(NS(C)(=O)=O)ccc3N2)c1O)C(F)(F)F,1.00008685
O=C(NCc1ccc(S(=O)(=O)N2CCCCC2)cc1)c1cc2cnccc2s1,1.039851917
CCS(=O)(=O)c1ccc2[nH]c(Oc3ccc(OC(F)(F)F)cc3)nc2c1,2.444489242
O=S(=O)(Nc1ccc(-c2ccc(Cl)cc2Cl)cc1)c1cccc(CO)c1,2.300986564
CCC1c2cccn2-c2sc3c(c2CN1C(=O)NCCCOC)CCCC3,0.7689736975
CC(=O)O[C@@]12CO[C@@H]1C[C@H](O)[C@@]1(C)C(=O)[C@H](O)C3=C(C)[C@@H](OC(=O)[C@H](O)[C@@H](NC(=O)OC(C)(C)C(F)(F)F)c4ccccc4)C[C@@](O)([C@@H](OC(=O)c4ccccc4)C12)C3(C)C,1.884173265
CCn1c(=O)n(Cc2cc(-c3ccccc3)no2)c2ccccc21,1.0858837785
CCn1c(CCC(=O)Nc2ccc(C)cc2C)nnc1CCC1CCCCC1,0.831522791
CS(=O)(=O)c1ccc(-c2cnc(N)c(-c3cccc(C(F)(F)F)c3)c2)cc1,2.397974751
O=C(NCCc1nc(-c2cccc(F)c2)cs1)c1ccccc1,2.160063913
CS(=O)(=O)Nc1ccc2c(c1)S(=O)(=O)N=C(c1c(O)c3cccn3n(Cc3ccc(F)cc3)c1=O)N2,2.440509454
CCS(=O)(=O)c1ccc2[nH]c(N3CCOC(c4ccc(Cl)cc4)C3)nc2c1,2.573554287
CC(C)OC(=O)C1=CN(C(=O)c2ccc(CCN3CCOCC3)cc2)CC(C)(C)c2c1[nH]c1cc(F)ccc21,1.414939939
CCN(Cc1cccc(OCc2noc(-c3ccccc3F)n2)c1)C1CCN(C2CC(C)C(C)C2)C1,1.414939939
c1cc2ccn(-c3ccc4ccnc(N5CCOCC5)c4c3)c2cn1,0.6253303215
CN1CCc2nc(C(=O)NC3CN(C(=O)OC(C)(C)C)CCC3NC(=O)c3cc4cc(Cl)ccc4[nH]3)sc2C1,0.64738297
COc1ccc2c(O[C@@H]3C[C@H]4C(=O)N[C@]5(C(=O)NS(=O)(=O)C6CC6)C[C@H]5/C=C\CCCCC[C@H](NC(=O)c5ccn(C)n5)C(=O)N4C3)cc(OC(C)C)nc2c1C,1.886377907
O=C(NCCC(c1ccc(F)cc1)c1ccc(F)cc1)c1ccnc(OCC(F)(F)F)c1,2.143077284
O=C1NCCN1C(=O)N1CCCC(Oc2cccnn2)C1,2.1933652395000003
O=C(O)c1ccc(Nc2nc(NC3(c4ccc(Cl)cc4)CC3)nc(OCC(F)(F)F)n2)cc1,1.774373492
O=C(COc1ccccc1F)NC[C@H]1CC[C@H](c2ncc(Cl)cc2-c2ccncc2)CC1,0.8395272935
CC(N)C1(c2ccc(-c3ccccc3)cc2)CCCCC1,2.394416656
COc1ccc(CN2Cc3c(Cl)ccnc3C2=O)cc1OC,0.53264009
COc1ccc2nc3cc(Cl)ccc3c(N/C(=N/CCCN3CCCCC3)c3ccccc3)c2n1,0.954242509
C1=CC(=C(C=C1Cl)Cl)CO/N=C(\CN2C=CN=C2)/C3=C(C=C(C=C3)Cl)Cl,1.741466762
CS(=O)(=O)Nc1ccc2c(c1)S(=O)(=O)N=C(C1=C(O)[C@@H]3CCCC[C@@H]3N(Cc3ccc(F)cc3)C1=O)N2,2.270392371
O=C1Nc2ccccc2[C@]12C[C@H]2c1ccc2c(/C=C/c3ccc(CN4CCOCC4)cc3)n[nH]c2c1,1.653212514
COc1cc(=O)n(C)cc1C(=O)N1CCN(S(=O)(=O)C2CC2)CC1,2.3059044235
Cc1ccc(S(=O)(=O)C(C#N)c2nc3ccccc3nc2N2CC(C)OC(C)C2)cc1C,0.8457633975000001
Cc1ccc(NC(=O)c2cccc(C(F)(F)F)c2)cc1NC(=O)c1cncc(-c2cnn(C)c2)c1,1.320450123
CCOC(=O)CCN(CCN1C[C@H](C)C[C@@](C)(O)[C@H](O[C@@H]2O[C@H](C)C[C@H](N(C)C)[C@H]2O)[C@@H](C)[C@H](O[C@H]2C[C@@](C)(OC)[C@@H](O)[C@H](C)O2)[C@@H](C)C(=O)O[C@H](CC)[C@@](C)(O)[C@H](O)[C@H]1C)C(=O)Nc1ccc2ccccc2c1,2.079181246
CS(=O)(=O)c1ccc(OC2CCN(C(=O)NCc3ccc(Cl)cc3Cl)CC2)cc1,1.431363764
CC[C@H](C)C(=O)O[C@H]1C[C@H](C=C2[C@H]1[C@H]([C@H](C=C2)C)CC[C@@H]3C[C@H](CC(=O)O3)O)C,0.848189117
O=C1COc2ccc(NC(=O)C3CCN(c4cc(F)c(F)c(F)c4)CC3)cc2N1,1.770130041
CNC(=O)c1ccc(CC2CCN(CCCN(C(=O)C3CCN(S(C)(=O)=O)CC3)c3ccc(Cl)c(Cl)c3)CC2)cc1,1.871573656
COc1cc(CNC(C)(C)C)cc(Br)c1OCc1cccs1.Cl,0.792154961
C[N+]1=C2C=C(NCCc3ccc(O)cc3)C(=O)c3[nH]cc(c32)CC1.O=C([O-])C(F)(F)F,2.544043227
CN(CC(=O)N[C@H]1C2CC3CC1C[C@](C(N)=O)(C3)C2)S(=O)(=O)N(C)c1c(Cl)cc(Cl)cc1Cl,1.124641826
CC(C)c1ccccc1NC(=O)N1CCC[C@H]2C(=O)NC[C@H]21,1.8849948625
CS(=O)(=O)CC[C@H](NC(=O)c1ccsc1)c1cn(C2(C#N)CC2)nn1,1.77815125
Cc1cccc(NC(=O)c2nn(C)c(-c3ccccc3)c2C)n1,1.819543936
CCCc1ncc(C(O)c2ccc(OCC)cc2)n1C,1.1390266555
C=C[C@@H]1C[C@]1(NC(=O)[C@@H]1C[C@@](OC)(c2ccc(-c3ccccc3OC)cc2)CN1C(=O)[C@@H](NC(=O)OC1CCCC1)C(C)(C)C)C(=O)NS(=O)(=O)C1CC1,1.633488655
CNC(=O)c1cccc(-n2c(C)cc(OCc3ccc(F)cc3F)c(Br)c2=O)c1C,2.427586006
Cn1c(=O)cc(N2CCC[C@@H](N)C2)n(Cc2cc(F)ccc2Cl)c1=O,2.300986564
O=C1C[C@H](n2nc(-c3ccc(F)cc3)oc2=S)[C@H]2CO[C@@H]1O2,0.8784010005
CCC(CO)Nc1ncc2cc3ccccc3nc2c1C#N,1.391780512
O=C(NC[C@H]1CC[C@@H](COc2ccccc2)CC1)c1cc(F)c(O)c(F)c1,1.114010162
O=[N+]([O-])c1cn2c(n1)OC[C@@H](OCc1ccc(OC(F)(F)F)cc1)C2,2.330049909375
O=C(/C=C/c1cccc2c1N(Cc1ccc3ccccc3c1)C(=O)C2)NS(=O)(=O)c1cc(F)c(F)cc1F,1.837282561
CCOC(=O)C1=C(c2ccccc2)c2cc3c(cc2C1=O)OCO3,0.935437305
CC(C)(C)c1ccc(NC(=O)Nc2cccnc2Oc2ccccc2C(C)(C)C)cc1,1.104646419
CCC(=O)N1CCN(c2cc(-n3cnc(C)c3C)nc(C)n2)CC1,2.441928376
COc1ccc(-c2ccc(Oc3cccc4c3CCCC4)c(NC(=O)Nc3ccccc3)c2)cc1C(=O)O,1.49224112
CS(=O)(=O)NCC(=O)N1Cc2ccccc2C(c2ccccc2)C1,2.774992918
CC(C)(C)[C@H](NC(=O)n1c(=O)n(CCC2CCOCC2)c2ccccc21)C(N)=O,1.176091259
CC1=C(C=CC(=C1)C(=O)NC2=CC=C(C=C2)S(=O)(=O)NC3=NC4=CC=CC=C4N=C3NC5=CC(=CC(=C5)OC)OC)OC,2.079181246
O=C(/C=C/c1cccc2c1N(Cc1ccc(Cl)cc1Cl)C(=O)C2(F)F)NS(=O)(=O)c1ccc(Cl)c(Cl)c1,1.821928355
CC(C)CCn1nc(-c2cccs2)c(O)c(C2=NS(=O)(=O)c3ccccc3N2)c1=O,1.079181246
CN(C)CCNc1nc2cc(Nc3ccnc4cc(Cl)ccc34)ccc2o1,3.315766141
CC1CC(=O)N(Cc2ccc(Br)cc2)c2ccccc2N1,0.9859883
CCN1CCCC1CNc1cc(C)nc2c(-c3ccccc3)c(C)nn12,1.528234791
Cc1cc(C)cc(-n2nc(C(=O)N(CC(N)=O)CC(C)C)cc2C)c1,1.3640991775
CC1(C)CN(c2ccccc2NC(=O)Nc2nc3ccc(Cl)nc3s2)c2c(O)ccc(-c3ccc(F)cc3)c21,1.381912662
CS(=O)(=O)c1nc2c(n1-c1ccccc1)C(=O)C(c1ccccc1)S(=O)(=O)N2Cc1ccccc1,0.7213985494999999
COC(=O)c1c(C)nc2n(CCN3CCOCC3)c3ccccc3n12.Cl.Cl,1.239354811
COC(=O)c1csc(S(=O)(=O)Nc2cc(Br)ccc2C(=O)N2CCCCC2)c1OC,0.256761023
CCS(=O)(=O)NCc1cncc(-c2cc3ccc(Cl)nc3n2C)c1,1.322219295
COc1ccccc1-n1c(=O)n(Cc2cccc(C)c2)c(=O)c2c(C)cc(C)nc21,0.6530062395
CC(C)Oc1nnc(SCc2nc3c(=O)n(C)c(=O)n(C)c3[nH]2)s1,2.0316653945
O=[N+]([O-])c1cn2c(n1)OC[C@@H](OCC#Cc1ccc(-c3ccc(OC(F)(F)F)cc3)cc1)C2,2.758215442
COc1ccc(S(=O)(=O)N[C@H]2CC[C@@H](N3CCC(c4ccccc4OC(C)C)CC3)CC2)cc1OC,1.079181246
CCCn1ccc2cc(-c3cnc(OC)c(F)c3)cc(Cl)c2c1=O,0.782703643
COC(=O)/C(=C(/F)OCC(=O)N(C)c1ccc(F)cc1)c1ccc(OC)cc1,1.079837278
CC(C)Oc1ccccc1-n1nc(C2CCN(S(C)(=O)=O)CC2)cc1-c1ccc(Cl)cc1,0.606612384
Cc1nc(NC(=O)c2nc(C)n(-c3ccc(F)cc3)c2C)ccc1F,1.77815125
CS(=O)(=O)N1CCN(Cc2cn3cc(-c4cccc5[nH]ncc45)nc(N4CCOCC4)c3n2)CC1,1.452268895
Cc1nnc(C)n1/N=C/c1ccc(OCC(N)=O)cc1,2.399562701
CCOC(=O)c1cn(-c2nc(Cl)ncc2Cl)cc1C(=O)OCC,0.5787376879999999
CC12CCCC(/C=C/C(=O)NS(=O)(=O)c3cc(Cl)cc(Cl)c3)=C1N(Cc1ccc(Cl)cc1Cl)C(=O)C2,1.765674114
C1C=CCC2C1C(=O)N(C2=O)C3=NNC(=N3)C4=CC=CC=C4,2.014620274
CC(=O)c1cc(C(=O)NOCCO)c(Nc2ccc(I)cc2F)n1C,1.556302501
CC(C)CC(N(C)C)C1(c2ccc(Cl)c(Cl)c2)CCCCC1,1.255272505
CC1CCC(NS(=O)(=O)CC(=O)Nc2cc(-c3ccsc3)nn2C)CC1,1.191919368
CCCCCOC(=O)C[C@H](NP(=O)(CO[C@@H](CF)Cn1cnc2c(=O)[nH]c(N)nc21)Oc1ccccc1)C(=O)OCCCCC,0.300986564
COc1c(C)cnc(Cn2cnc3c(Cl)nc(N)nc32)c1C,2.440509454
Cc1nc(C2CCN(C(=O)[C@@H]3CNC[C@H]3c3ccc(F)cc3F)CC2)n(-c2cc(Cl)ccc2Cl)n1,1.581767674
CC(NC(=O)c1cc2cnccc2[nH]1)c1ccc(S(=O)(=O)N2CCCCC2)cc1,1.285001889
CC(=O)c1cc(C(=O)N2CC[C@@H](O)C2)c(Nc2ccc(I)cc2F)n1C,1.146065989
Nc1ncc(Br)cc1S(=O)(=O)N1CCC(Oc2ccncc2)C1,1.6534357345
O=C(N[C@@H](Cc1ccc(Cl)c(Br)c1)C(=O)O)c1ccc(Br)cc1NS(=O)(=O)c1cccc2nsnc12,1.322929341
CC(Oc1ccc(Cl)cc1Cl)C(=O)NCCc1ccccc1,1.4345748875000002
CCOC(=O)COc1ccc(-c2noc(-c3ccc(OCc4ccc(Br)cc4)cc3)c3cccc2-3)cc1,2.92098808
Cl.O=C(N[C@@H](Cc1c[nH]c2ccccc12)C(=O)Nc1ccncc1)c1ccc(N2CCN(Cc3ccc(F)cc3)CC2)cc1F,0.602081706
CCO[C@H]1CN(Cc2ccc3[nH]ccc3c2)C[C@@H]1O,2.678189879
CC(C)(C)c1csc(NNC(=O)c2ccc(Br)cc2)n1,1.40670908
COC(=O)C(O)c1c(C)nc2[nH]c3c(c2c1Cl)CCCC3,1.61758004
COC(=O)C1COCCN1C(=O)CSc1ccc(C(C)C)cc1,1.602081706
CCN(C)CC1(c2ccc(Cl)c(Cl)c2)CCCCC1,1.819543936
NC1CN(c2cc(-c3ccc(C(=O)O)cc3)ncn2)CC1c1cc(F)c(F)cc1F,2.255272505
COc1cccc2c1C(NC[C@]1(c3ccccc3)CC[C@H](O)CC1)=NS2(=O)=O,1.818147574
CCCN(c1nc2nc(C)c(Cl)c(C)n2n1)S(=O)(=O)c1ccccc1,1.3659745989999998
COc1cc(OC)cc(-c2cnc([C@@]3(Cc4ccccc4)OC(=O)N([C@H](C)c4ccccc4)C3=O)[nH]2)c1,1.39161967
COc1cc(/C=C/C(=O)O)cc(S(=O)(=O)N(C)CCO)c1OC,2.1283036685
CCCCCCN/C(=N\C1=NC(=O)C(=O)N1C(C)C)Nc1ccc(Cl)c(Cl)c1,0.894426838
O=C(N[C@H](Cc1c[nH]c2ccccc12)C(=O)Nc1ccncc1)C1CCCCC1,0.812779707
C[C@@H]1CN(c2ccncc2F)C[C@@]1(O)C1CCC1,1.1102382844999998
Cc1nc(-c2ccnnc2)n2c1sc1cc(OCc3ccc4ccccc4n3)ccc12,1.538360034
CCOCC1=C2C=CC=NC2=C(C(=C1)CN3CCN(CC3)C4=CC=CC(=C4)C(F)(F)F)O,1.101059355
O=C(O)c1ccc(OC2CCN(C(=O)NCc3ccc(Cl)cc3Cl)CC2)cc1,2.436162647
CC12CCCC(/C=C/C(=O)NS(=O)(=O)c3cccs3)=C1N(Cc1ccc(Cl)cc1Cl)C(=O)C2,1.922687859
CO/N=C(/C1=CSC(=N1)NC(=O)CCl)\C(=O)O,1.056523724
COc1ccc(CCC(=O)N2CCOCC2)cc1,1.602081706
Clc1ccc2c(NCCCNCc3ccncc3)ccnc2c1,0.954242509
O=C1COc2c(Cl)cc(Cl)cc2N1Cc1nnc(CCc2ccc(Cl)cc2)n1CCC(F)(F)F,0.810242493
CS(=O)(=O)N1CCC(C(=O)N(CCCN2CCC(Cc3ccc(F)cc3)CC2)c2ccc(Cl)c(Cl)c2)CC1,1.539277263
CC(=O)O[C@@H]([C@H]1C[C@@H](C)[C@H]2[C@H](O1)[C@H](O)[C@@]1(C)[C@@H]3CC[C@H]4C(C)(C)[C@@H](O[C@H]5CNCCO5)CC[C@@]45C[C@@]35CC[C@]21C)C(C)(C)O,1.074095697
CN1CCc2nc(C(=O)NC3CN(C(=O)NC(C)(C)C)CCC3NC(=O)c3cc4cc(Cl)ccc4[nH]3)sc2C1,0.79518459
c1ccc2c(c1)oc1c(N3CCN(Cc4ccc5c(c4)OCO5)CC3)ncnc12,1.885862692
Fc1cc(OC(F)(F)C(F)F)cc([C@@](Cc2ccccc2)(Nc2nc3cc(F)ccc3[nH]2)c2ccc(Cl)cn2)c1,1.077533397
CN(C)CC1(c2ccc(Cl)c(Cl)c2)CCCCC1,1.397974751
Cc1csc(NC(=O)c2nn(C)c(-c3ccc(F)cc3)c2C)n1,2.086288629
N=C(N)c1ccc(Oc2cc(Oc3ccc(C(=N)N)cc3)cc(C(=O)N[C@H]3CC[C@H](N)CC3)c2)cc1,1.930951504
COc1ccc(C(=O)NCc2cccc(C(=O)Nc3ccc(CO)cc3)c2)cc1OC,1.612762671
CC(=O)N1CCN(S(=O)(=O)c2ccc(OCc3cc(C)nc4c3CCCC4)cc2)CC1C(=O)NO,2.095846449
CONC(=O)c1ccc(C)c(Nc2ncnn3cc(C(=O)N[C@@H](C)c4ccccc4)c(C)c23)c1,1.32428471
CCOC(=O)C1=CC=C(C=C1)NC2=NC3=NON=C3N=C2NC4=CC=CC(=C4C)C,1.031004281
Cc1cnc(NCCc2cccc3ccccc23)c(=O)n1CC(=O)NCCONC(=N)N,1.588854111
CCN1CCN(CC1)C(=O)C2CN3C=CC=C3C(=O)N2CC(C)C,2.079181246
O=c1n(Cc2nc3ccccc3n2CCCC(F)(F)F)c2cnccc2n1C1CC1,0.968482949
CCc1c2nc(-c3cc(S(=O)(=O)N4CCN(CC)CC4)cnc3OCCOC)[nH]c(=O)c2nn1CCN1CCOCC1,1.681241237
COc1ccc2nc3cc(Cl)ccc3c(N/C(=N/CCCN(C)C)c3ccccc3)c2n1,1.255272505
COc1ccc2c(c1)CCCCN2c1nc(C)nc2ccccc12,1.395361345
CS(=O)c1nc(-c2cccs2)cc(-c2ccccc2)c1C#N,0.7756887125
Cc1n[nH]c(-c2ccc(O)cc2O)c1Oc1ccc(Cl)cc1,1.3572059125
CCOc1ccc(S(=O)(=O)Nc2cnc3ccccc3c2)cc1,1.6680883089999998
Cn1c(-c2cnco2)c(C2CCCCC2)c2ccc(C(=O)NC(C)(C)C(=O)Nc3ccc(/C=C/C(=O)O)cc3)cc21,1.079181246
COc1cc2c(cc1-c1c(C)noc1C)ncc1[nH]c(=O)n([C@H](C)c3ccccn3)c12,2.369215857
Cc1nn(C(C)C(=O)N(C)Cc2cnn(C)c2)cc1Br,2.0516304025
COc1cccc(CNc2sc3c(c2C#N)CCN(C(=O)c2ccc(F)cc2)C3)c1,0.993260054
Cn1ncc2c(-n3cc(Br)cn3)ncnc21,1.806564826
COC(=O)c1c(SC)nn2c(=S)[nH]cnc12,1.833986076
CCCC1=NC(=C2N1N=C(NC2=O)C3=C(C=CC(=C3)S(=O)(=O)N4CCN(CC4)CC)OCC)C.C(C(=O)O)C(CC(=O)O)(C(=O)O)O,2.079181246
O=c1cc(O)c2sc3nc(-c4cccs4)cc(-c4ccc(F)cc4)c3c2[nH]1,2.4737759605000003
CC1(C)CN(c2ccccc2NC(=O)Nc2ccc(OC(F)(F)F)cc2)c2c(O)cc(F)c(-c3cc(F)nc(F)c3)c21,1.381912662
CN(c1ncnc2[nH]ccc12)C1CCCCC1(C)C,0.698952632
C1CN(c2nc(N3CCOCC3)c3nn[nH]c3n2)CCO1,1.831705762
Cc1ccc(C)c(-n2nnnc2SCc2nc3cc(C(F)(F)F)ccc3c(=O)[nH]2)c1,1.6967456815
Cc1nc(C2CCN(C(=O)[C@@H]3CNC[C@H]3c3ccc(F)cc3F)CC2)n(-c2ccc(F)c(Cl)c2)n1,1.464644118
O=C(NCc1nc(-c2ccc[nH]c2=O)no1)c1ccc2[nH]c(=O)oc2c1,1.939060816
CC1c2c[nH]nc2-c2cc(F)ccc2N1S(=O)(=O)c1cn(C)cn1,1.879504297
CC(=O)O[C@H]1C[C@H]2[C@@H](CC[C@@H]3CC4(CC[C@@]32C)OOC2(CCC(C)CC2)OO4)[C@@H]2CC[C@H]([C@H](C)CCC(=O)NCCN(C)C)[C@@]12C,2.041313715
Cn1cc(S(=O)(=O)[C@H]2CC[C@@](CNC(=O)c3ccc(Cl)cc3Cl)(CC3CC3)CC2)nn1,1.500375969
O=C(O)c1ccccc1NC(=O)N1CCC(c2ccccc2C(F)(F)F)CC1,0.773065702
CC(C)[N+]1(C)C2CCC1CC(OC(=O)C(CO)c1ccccc1)C2.O.[Br-],2.951175959
C(=C/CN(C[C@H]1Cc2ccccc2CN1)[C@H]1CCCc2cccnc21)\CNCC1CCOCC1,1.371930348
O=C(c1ccc2nncn2c1)N1CC(c2ccccc2)C2(CCC2)C1,2.4890332795
C1CCC(C(C[C@@H]2CCCCN2)C2CCCCC2)CC1,1.812779707
CCOC(C(=O)Nc1ccnc2ccccc12)c1ccc(Cl)c(Cl)c1,1.431363764
CC1=CC(=NC(=N1)N2C(=C(C(=N2)C)SC3=CC=C(C=C3)F)N)C,1.315476294
COc1cc(NC(=O)c2cccc(-n3ncc4cc(Nc5ccccc5)ccc43)c2)cc(OC)c1OC,1.107142106
O=S(=O)(c1ccc(Cl)cc1)N1C2Cc3[nH]ncc3C1CC(c1nc3ccccc3[nH]1)C2,1.731739325
CCCNC(=O)c1cn(-c2cc(-c3nc(C(C)(C)C)no3)ccn2)cn1,1.7139175139999998
CC(C)c1nc2c(Cl)cccc2n1-c1cccc(Oc2cccc(S(C)(=O)=O)c2)c1,1.477121255
COc1c(C)c2c(c(OC)c1C/C=C(\C)CCC(=O)N1CCOCC1)C(=O)OC2,0.921379262
C/C(=N/c1ccnc2cc(Cl)ccc12)NCCc1ccncc1,1.672079377
Cc1nc(-c2cccc(F)c2)c(C(=O)N2CCN(c3cc(Cl)cc(Cl)c3)CC2)o1,2.178455676
CC12CCCC(/C=C/C(=O)NS(=O)(=O)c3cc(F)c(F)cc3F)=C1N(Cc1cccc(Cl)c1Cl)C(=O)C2,1.464644118
CCS(=O)(=O)c1ccc2[nH]c(OCCc3ccccc3)nc2c1,2.215178146
O=C(c1ccc2cccnn12)N1C[C@@H](Cc2ccccc2)[C@H](O)C1,1.3820759960000002
Cc1ccc(-c2c(=O)n(CCCCN3CC=C(c4c[nH]c5ccc(Cl)cc45)CC3)c(=O)n3ccccc23)cc1,1.951344824
CCC1=CC(=C(C(=C1O)C(=O)NC[C@@H]2CCCN2CC)OC)Cl.Cl,1.13289977
COc1cc(N)ccc1-c1nc2snc(C3CCCCC3)c2c(=O)[nH]1,1.741016769
CC(C)C[C@H](NC(=O)OCc1ccccc1)C(=O)N[C@@H](C[C@@H]1CCNC1=O)C(O)S(=O)(=O)[O-].[Na+],2.69790644
Cc1noc(-c2ccc3c(c2)c2c(n3CCCOc3cc(F)cc(F)c3)CCCC2)n1,1.740378482
Fc1cccc(C(Cc2ccccc2OC(F)F)N2CCNCC2)c1,2.068185862
CCC1CCCCC1N(C)c1ncnc2[nH]ccc12,0.698952632
CCOc1nc(NC(=O)C2(NC(=O)c3ccc4c(C5CCCC5)c(-c5ccccn5)n(C)c4c3)CCC2)ccc1/C=C/C(=O)O,1.602081706
COc1ccc2c(c1)CCC(N1CCCCC1)C2O,1.327524179
O=c1[nH]nc2c3scc(-c4ccc(F)cc4)c3ncn12,2.7036508945
CCCc1ccc(-c2ccc(/C=C/C(=O)O)cc2)nc1,0.9806652875
CCSc1nc2cc(OC)ccc2[nH]1,1.146065989
CCc1c(C(=O)NNc2oc(C(C)C)nc2C#N)cnn1C(C)(C)C,0.7697019464999999
COC(=O)c1c(OC)cc2c(c1C)Oc1c(Cl)c(O)c(Cl)c(C)c1C(=O)O2,1.922117366
COc1cc(NC(=O)C2COc3ccccc3C2)c(F)cc1-c1cn[nH]c1,1.114010162
CC(=O)c1ccc(N2CCC(CC(=O)Nc3nc4cc(C)ccc4o3)CC2)cc1,1.515256251
O=C(c1ccccc1F)N1CCC(CCc2ccc(F)cc2F)CC1,3.014736145
C[C@H]1[C@H](N(C2CC2)S(=O)(=O)c2cccc(C(F)(F)F)c2)CN1C(=O)c1ccc(S(C)(=O)=O)cc1Cl,1.151004252
CC(C)CCn1cc(C(=O)Nc2cccc3[nH]ccc23)c2ccccc2c1=O,1.3479594700000002
CC(C)(CCN(C[C@H]1Cc2ccccc2CN1)[C@H]1CCCc2cccnc21)CNCC1CCOCC1,0.9518841
CC(=O)CC(c1ccccc1)c1c(O)c2ccccc2oc1=O,2.531329421333333
C[C@@H]1N(S(=O)(=O)c2ccc(C(F)(F)F)cc2)[C@H](C2CC2)c2cn[nH]c2C1(F)F,1.859033917
O=S1(=Nc2ccc(C(F)(F)F)cc2)CCOCC1,2.114010162
COc1ccccc1Oc1cc2nc(-c3ccccn3)[nH]c2cc1C1CCCN1C(C)=O,1.163487332
O=C(NC1CCCC1)C1(Cc2ccccn2)CCOCC1,2.211578709
C[C@H](Cc1cccc(CC(=O)NCc2ccc(OC(F)(F)F)cc2)c1)NC[C@H](O)c1ccc(O)c(CO)c1,1.176091259
CC(C)(C)Nc1oc(-c2ccc(S(=O)(=O)N3CCOCC3)o2)nc1C#N,2.570277029
CCOC(=O)N[C@H]1CC[C@](CNC2=NS(=O)(=O)c3cccc(OC)c32)(c2ccccc2)CC1,1.064242671
CCCN(Cc1ccc(CCn2ccc(OCc3ccc(F)cc3)cc2=O)cc1)C(C)C,0.810242493
CC1(n2nnc3cnc4[nH]ccc4c32)CCN(CCC#N)CC1,2.459392488
CC[C@H](C)NC(=O)N[C@@H](C(=O)N1CC[C@](O)(c2ccc(Cl)cc2)C(C)(C)C1)C(C)C,1.98471824
O=c1n(Cc2nc3ccccc3n2CCCCO)c2cnccc2n1CC(F)(F)F,1.114010162
CN1CCC(Nc2ccc3ncc(-c4ccc(Nc5ncc(F)cc5F)cc4)n3n2)CC1,2.047626596
CC1(COC2CCN(c3ccc(F)cc3)CC2)CCn2cc([N+](=O)[O-])nc2O1,1.275120284
N[C@@H](CC(=O)N1CCC[C@H]1CNC(=O)C1CCC1)Cc1cc(F)c(F)cc1F,1.579760738
CCOC(=O)C1=C2CN(C(=O)C3=C(N2C=N1)C=CC(=C3)F)C,2.079181246
NS(=O)(=O)c1cc(-c2nnc(CN3CCN(c4ccccc4)CC3)o2)c(Cl)cc1SCc1ccccc1,1.29666519
[2H]C([2H])([2H])Oc1ccc(-n2nc3c4ccc(OC)cc4[nH]cc-3c2=O)cn1,2.752862697
Cc1cc(CN2CCN(Cc3cc(C)c(O)c(C)c3)CC2)cc(C)c1O,1.694594839
COc1cc(OC2CCC(C)(C)CC2)c(F)cc1CNC(=O)[C@@H]1CCCN1,2.00008685
NC(=O)c1cccc2cc(CN3CCN(c4ccccc4Cl)CC3)oc12,1.950759137
CCCOCCn1c(=O)c(NCCN2CCOCC2)nc2cnc(-c3ccc(OC)nc3)nc21,1.137784202
CCC(C)c1ccc(-c2c(C)sc(N)c2C#N)cc1,1.3532301945
CCCS(=O)(=O)N1CC=C(c2ccc3c(c2)CC(C2CCN(C(=O)OC(C)C)CC2)O3)CC1,0.478609772
Cl.Nc1c2c(nc3ccccc13)N(C1CCCCC1)CC2,1.7034659605
C1CC2=NC3=C(CN2C1)C=C(C=C3)Br,1.861048749
Clc1ccccc1/C=C/c1nnc(-c2ccccc2Cl)o1,1.710363867
COC(=O)[C@H]1[C@@H](O)[C@@]2(O)c3c(OC)cc(O[C@@H]4O[C@@H]([C@H](O)CO)CO[C@H]4OC)cc3O[C@@]2(c2ccc(OC)cc2)[C@@H]1c1ccccc1,1.98686127
Cc1nc(N2CCN(C(=O)C3CCC3)CC2)nc2ccc(NC(=O)COc3ccc(OC(F)(F)F)cc3)cc12,1.5024178
O=c1[nH]c2cc(-c3ccccc3)ccc2c2[nH]c(-c3c(F)cccc3Cl)nc12,2.834228116
CCCCCN1C=C(C2=CC=CC=C21)C(=O)OC3=CC=CC4=C3N=CC=C4,0.696356389
O=[N+]([O-])c1cn2c(n1)OC[C@H](NCc1ccc(OC(F)(F)F)cc1)C2,2.377546323
C[C@]12CCC(=O)C=C1C1CC1[C@@H]1[C@@H]2CC[C@]2(C)C(c3cncc(F)c3)=CC[C@@H]12,8.68502e-05
CC1=C2C[C@H]3[C@@H](CC[C@@H]4CN(C)C(=O)CC[C@@]43C)[C@@H]2CC[C@@]2(C1)O[C@@H]1C[C@H](C)CN[C@H]1[C@H]2C,1.662776714
CCC(C)(CC)Sc1nc2cc(Cl)c(N3CCN(CCO)CC3)cc2[nH]1,1.308644046
COc1ccc(-c2cc(-c3ccc(S(N)(=O)=O)cc3)cnc2N)cn1,2.397974751
Cl.N#Cc1c(-c2ccc(C(F)(F)F)cc2)cc(NCCN2CCCCC2)n2c1nc1ccccc12,1.578662127
O=C(Nc1nc(-c2ccccn2)cs1)c1ccncc1,1.525627378
N#Cc1c(-c2cccs2)cc(=O)[nH]c1SCC(=O)c1ccc(Br)cc1,1.887340799
Cc1cc(C)cc([C@@H](CC(C)C)NC(=O)c2cc(COc3cccnc3C)ccc2CCC(=O)O)c1,1.43070933
OCCN(CCO)c1ncnc2c1oc1ccc(Cl)cc12,1.7289116455000002
COC1(c2nnc3c(Oc4cccc(Cl)c4C)cccn23)CCCCCC1,0.177579777
CN[C@@H]1Cc2ccccc2[C@H](c2ccc(Cl)c(Cl)c2)C1,2.477121255
CS(=O)(=O)C1=CC=CC(=C1)CNC2=NC(=NC=C2C(F)(F)F)NC3=CC4=C(C=C3)NC(=O)CC4,2.079181246
C=Cc1cc(C(NC(=O)OC(C)(C)C)C(=O)Nc2cccc(C(=O)NS(=O)(=O)c3ccc(C(F)(F)F)cc3)c2)ccc1Oc1cc(OC)nc(-c2ccccc2)n1,2.068185862
COc1ccc(C2=NOC(c3ccc(-c4nnn[nH]4)cc3)C2)cc1,1.09125388425
O=C(/C=C/c1cccc2c1N(Cc1ccc(Cl)cc1Cl)C(=O)C2(F)F)NS(=O)(=O)c1cccc(Cl)c1,1.70892291
Cc1nc(C(=O)N2CCCCC2CNC(=O)c2cccc3occc23)c(-c2ccc(F)cc2)s1,1.77815125
CS(=O)(=O)c1ccc(F)cc1C(=O)N1CCC(N(C2CC2)S(=O)(=O)c2cccc(C(F)(F)F)c2)CC1,1.538360034
CC(C)(C)C1=NN(C(=C1)C(=O)NC(CC2=CC(=CC=C2)Cl)C(=O)NCC#N)C,1.828466547
C[C@H](O)c1ccccc1S(=O)(=O)c1ccc(/C=C/c2ccc(F)cc2)cc1,1.114637614
c1ccc2c(c1)ccc1nnc(-c3c[nH]c4ccccc34)n12,1.7296922245
Cc1oc(-c2ccccc2)nc1CN1CCC[C@@H](C(=O)NC[C@H]2CCCO2)C1,1.064383104
CC1(C)CN(c2ccccc2NC(=O)Nc2ccc(OC(F)(F)F)cc2)c2c(O)cc(F)c(-c3ccc(F)cc3)c21,1.34291389
COCCN1CCN(c2nc(SCCc3ccccc3)c(C#N)c3c2COC(C)(C)C3)CC1,0.557791018
c1ccc(-c2nc(-c3csc(-c4ccccc4)n3)cs2)cc1,3.315766141
O=C(NOCCO)c1c(Nc2ccc(I)cc2F)c(F)c(=O)n2c1CCCC2,2.045322979
C=C[C@@H]1C[C@]1(NC(=O)[C@@H]1C[C@@H](n2cnc(-c3ccccc3)c2)CN1C(=O)[C@@H](NC(=O)OC1CCCC1)C(C)(C)C)C(=O)NS(=O)(=O)C1CC1,2.344352969
CN1C(=O)c2ccccc2[S@+]([O-])c2ccc(C(=O)NCCc3cccs3)cc21,1.421603927
CN(c1ccc(C(=O)Nc2cnc3ccccc3c2)cc1)C1CCCCC1,0.875061263
C1=CC(=CC=C1CCN)O,2.079181246
O=S(=O)([O-])c1ccc(-c2cnc(-c3ccc(-c4ncc(-c5ccc(S(=O)(=O)[O-])cc5)o4)cc3)o2)cc1.[Na+].[Na+],2.0761949475
O=S(=O)(c1ccc(C(F)(F)F)nc1)N1C2Cc3[nH]ncc3C1CC(c1ccccc1)C2,1.320450123
CCOCCOCCOCCCCCCC(=O)NC12CC3CC(CC(C3)C1)C2,1.562287429
CCN(CC)CCNc1c2c(nc3cc(-c4cccc(F)c4)nn13)CCCC2,0.5369629204999999
CC(Oc1cccnc1N)c1nnc2ccc(Cl)nn12,2.4412361395
O=S(=O)(c1ccc(C(F)(F)F)cc1)N1c2cc(-c3cncnc3)ccc2-c2n[nH]cc2C1C1CC1,1.200896496
CS(=O)(=O)N1CC2Cc3[nH]ncc3C(C1)N2S(=O)(=O)c1ccc(Cl)cc1,2.076516327
CCN(CC)CCNC1=C2C(=C(C=C1)CO)SC3=CC=CC=C3C2=O,1.95583201
Cc1cc2occ(CC(=O)N3CCOC4(CCCOC4)C3)c2cc1C(C)C,1.3944547435
Cc1c(Nc2ccc(I)cc2F)c2c(=O)n(CCO)cnc2n(C)c1=O,2.300986564
CN1CCc2c(n(C)c3cc(-n4ccc(OCc5ccccc5)cc4=O)ccc23)C1,3.00008685
O=C(O)c1ccc(CN(c2ccccn2)S(=O)(=O)c2ccccc2)cc1,2.798795779
C[C@H](c1ccc(F)cc1)N1C(=O)O[C@](Cc2ccccc2)(c2nc3cc(C(F)(F)F)ccc3[nH]2)C1=O,2.251494747
CC1=C2C[C@H]3[C@@H](CC[C@@H]4CCCC[C@@]43C)[C@@H]2CC[C@@]2(C1)O[C@@H]1C[C@H](C)CN[C@H]1[C@H]2C,2.300986564
CCn1ncc(Cl)c1-c1nc2c3cnn(C)c3ncn2n1,3.4568833275
O=S(=O)(c1ccc(Cl)c(Cl)c1)N1CCN(c2ccccc2C(F)(F)F)CC1,0.477121255
CC(C)(C)OC(=O)Nc1cccc(C(=O)NCc2c(F)cccc2F)n1,3.315766141
CN1C[C@H]2CCCC[C@@]2(Cc2ccc(Cl)c(Cl)c2)C1,2.082857149
O=C(NCC1(O)CCCCCC1)c1cc(-c2c[nH]cn2)ccc1Cl,1.929521101
O=C(Nc1ccc(-c2cn[nH]c2)cc1)N(CCO)Cc1ccccc1,2.079181246
CC(C)n1c(C(O)c2nc3ccccc3n2C)nc2ccccc21,1.66938097
O=C(Nc1cc2cc[nH]c(=O)c2cc1Cl)C(NC1CC1)c1ccccc1,1.322219295
NC1CN(c2ncccn2)CC1c1ccc(Cl)cc1Cl,2.255272505
O=C(NCc1cccnc1)Nc1ccc(S(=O)(=O)N2CC3CCC(C2)O3)cc1,2.396876445
c1ccn2c(-c3noc(C4CCn5c(cnc5C5CCCCC5)C4)n3)cnc2c1,1.320328982
CSc1nc2c(Cc3ccccc3)cccn2c(=N)c1S(=O)(=O)c1ccccc1,0.740378482
CCCn1ccc2cc(-c3ccc(N(C)C)nc3)cc(Cl)c2c1=O,0.76846358
CC(C)COc1cc(=O)n2c(c1C(=O)NC1CCCCC1)CCCCC2,1.0722122280000002
CC(=O)N1CCC(C(=O)N2CCN(c3cc(Cl)ccc3C)CC2)CC1,2.231784827
CN(C)CCN(Cc1ccncc1)Cc1c(F)cccc1Cl.O=C(O)CC(O)(CC(=O)O)C(=O)O,3.038851
Cc1cc(NC(C)c2cc(C)n(C)n2)cc(C)c1Cl,1.020419765
CC(C)(C)[C@@H](CO)NC(=O)n1c(=O)n(CCN2CCOCC2)c2ccccc21,0.698952632
CC(=O)c1cc(C(=O)NOCCCO)c(Nc2ccc(I)cc2F)n1C,1.633488655
CC(C)(C)OC(=O)NC1CCN(c2nccn3c(=O)[nH]nc23)CC1,1.4211119135
CN1CCC2(CC1)Oc1ccc(/C=C/C(=O)NO)cc1C(=O)N2Cc1ccccc1,1.515256251
COc1ccccc1OC[C@@H](O)CO,2.891429137
Cc1cc(C)n(-c2cccc(-c3cnc4n3CCOC4)c2)n1,1.431075339
CC1(C)CN(c2ccccc2NC(=O)Nc2ccc(OC(F)(F)F)cc2)c2c(O)ccc(-c3ccc(F)cc3F)c21,1.517117578
CC1=CC=CC=C1C(C(=O)NC2CCCCC2)N(C3=CC(=CC=C3)F)C(=O)CNC4=CC=C(C=C4)C#N,0.411619706
Cc1ccc(S(=O)(=O)N2CCC(C(=O)NC3CCCC3)CC2)c(C)c1,1.146065989
Cc1ccc2ncc(-c3ccc(CN(C)C)cn3)cc2c1,2.143138247
COc1cnc(-c2cc(CO)[nH]n2)c2[nH]cc(C(=O)C(=O)N3CCc4c(cccc4-c4ccccn4)C3)c12,0.606612384
COc1cc(-c2nc3ncccn3c2NC2CCCC2)cc(OC)c1OC,0.969335866
CN(C)c1cncc(-c2cccc(-n3cccn3)c2)n1,0.704863522
CC(C)COC(C)C(=O)NCCNC(=O)C(C)C,2.2481623305
O=C1COc2c(Cl)cc(Cl)cc2N1Cc1nnc(-c2ccc(Cl)cn2)n1CCC(F)(F)F,1.111272488
CCOC(=O)C1SC2(C(F)(F)F)CC1(O)C(C)(C)CO2,2.3531514295
C=C(C)[C@@H]1CC[C@]2(C(=O)NCc3ccc4c(c3)OCO4)CC[C@]3(C)[C@H](CC[C@@H]4[C@@]5(C)CC[C@H](OC(=O)CC(C)(C)C(=O)O)C(C)(C)[C@@H]5CC[C@]43C)[C@@H]12,1.080669764
COC(=O)c1ccc(NC(=O)C2CCN(S(=O)(=O)c3ccc(C)cc3C)CC2)cc1,0.568225199
CN(C)CCOc1cc(-c2cn[nH]c2)c(F)cc1NC(=O)[C@H]1Cc2ccccc2CN1,1.653212514
COc1ccc2[nH]c(SCCCC(=O)O)nc2c1,2.079181246
Cn1c(N)c(C(=O)Cn2cc(C(F)(F)F)cc(Cl)c2=O)c(=O)n(C)c1=O,1.6940744135
CC1CN(c2nc(SCCc3ccc(NC(=O)OC(C)(C)C)cc3)c(C#N)c3c2COC(C)(C)C3)CC(C)O1,1.896644974
CNCCc1c[nH]c2c1C(=O)C1=C(NC=CS1(=O)=O)C2=O.Cl,2.00008685
O=c1c(-c2ccc(Cl)cc2)c2ccccn2c(=O)n1CCCCN1CC=C(c2c[nH]c3ccc(F)cc23)CC1,1.780523446
Cc1cc(-c2ccc(Cl)c(C(=O)NCC3(O)CCCCCC3)c2)nn1C[C@H](O)CN.Cl,2.079181246
CN1CCN(CC1)C2CCC(CC2)N3C=C(C4=C(N=CN=C43)N)C5=CC=C(C=C5)OC6=CC=CC=C6,1.767749367
C1C2=C(C=CN=C2OCC(=O)N1CC3=CC(=CC(=C3)C(F)(F)F)C(F)(F)F)C4=CC=CC=C4F,0.397940009
C[C@]12CC[C@H]3[C@@H](CC[C@H]4CC(=O)CC[C@@]43C)C1=CC=C2c1cccnc1,8.68502e-05
CCC[C@@H](C(=O)OCC)N[C@@H](C)C(=O)N1[C@H]2CCCC[C@H]2C[C@H]1C(=O)O,2.079181246
O=C1CCc2cc(C(=O)NC[C@H]3CC[C@@H](CCOc4ccccc4)CC3)ccc2N1,0.924279286
CCNc1nc(NC(C)(C)C)nc(Oc2ccc(=O)n(CC)n2)n1,1.6002909855
CCC1(C)C(=O)N(C)c2cnc(-n3ccnc3-c3ccc(F)cc3)nc2N1CCC(F)(F)F,1.069493576
O=C(c1csc(-c2ccsc2)n1)N(Cc1ncc[nH]1)c1cccc(F)c1,0.841205112
CS(=O)(=O)Nc1ccc2c(c1)S(=O)(=O)N=C(C1=C(O)[C@@H]3C4CCC(CC4)[C@@H]3N(Cc3ccc(F)cc3)C1=O)N2,2.440509454
CS(=O)(=O)N1CCC[C@H]1C(=O)N[C@H]1C[C@H](c2cc(=O)[nH]c(C3CC3)n2)C1,3.315766141
CCCSP(=S)(OCC)OC1=CC=C(C=C1)SC,2.079181246
COc1cccc2onc(NCC(C)(C)c3ccccc3)c12,0.416064654
COc1ccc(-c2ccc(Oc3cccc4c3CCCC4)c(NC(=O)Nc3ccccc3Cl)c2)cc1C(=O)O,1.36210736
CC[C@H]1C[C@H](C(=O)NCc2cccc(C)n2)CN(Cc2nc(-c3ccccc3)oc2C)C1,0.477121255
CC(=O)Nc1cccc(N2CCN(CCCCNS(=O)(=O)c3ccc(C)cc3)CC2)c1,1.591064607
CC(C)(C)c1cc(NC(=O)[C@@H]2CCCCN2C2CCCC2)no1,0.698952632
O=C(CN1C(=O)CCc2ccccc21)Nc1scc(Cl)c1-c1ncn[nH]1,1.71333248
Cn1cc(Cc2cccc(-c3cccc4c3OCO4)c2)c2cc(NC(=O)C(C)(C)C)ccc21,1.5024178
CCN1CC[C@@](NC(=O)c2ccc3c(C4CCCCC4)c(-c4ccccn4)n(C)c3c2)(C(=O)Nc2ccc(/C=C/C(=O)O)cc2)C1,1.785472203
Cc1nn(C)c(-c2nc(-c3ccc(Br)o3)no2)c1Cl,0.886912728
CCc1nc2cc(Cl)ccn2c1C(=O)NCc1ccc(-c2ccc[nH]2)cc1,2.079181246
O=C(NO)C(CCN1C(=O)c2ccccc2C1=O)S(=O)(=O)c1ccc(-c2ccc(Cl)cc2)cc1,1.079181246
COc1ccc2c(c1)C[C@@H](c1nc3ccc(-c4cn[nH]c4)cc3c(=O)[nH]1)CO2,0.300986564
COc1ccc2c(c1)CC(c1nc3ccc(-c4ccnc(N)n4)cc3o1)CO2,1.531504463
COc1ccc2c(c1)CC(C(=O)Nc1ccc(-c3cn[nH]c3)cc1)CO2,1.462368046
CC(C)(C(F)(F)F)S(=O)(=O)c1ccc2[nH]c(N3CCOC(c4ccccc4)C3)nc2c1,1.612512523
Cc1ccncc1-c1cccc2c1ncn2-c1cscn1,1.818147574
CS(=O)(=O)Nc1ccc2c(c1)S(=O)(=O)N=C(C1=C(O)[C@@H]3[C@H]4CC[C@H](C4)[C@@H]3N(CC3CCCCC3)C1=O)N2,1.643432935
O=C([C@H]1CNCC[C@@]12OCc1cc(F)c(F)cc12)N(Cc1cccc(C(F)(F)F)c1Cl)C1CC1,1.77815125
CC(C)(C)c1cc(NC(=O)[C@@H]2CCCN2C2CCOCC2)no1,0.845222106
COCCCN1CCC(CC1)NC(=O)C2=CC(=C(C3=C2OCC3)N)Cl,2.079181246
COc1cc(-c2cn[nH]c2)cc2c(=O)[nH]c([C@H](N)Cc3cccc(F)c3)nc12,1.556302501
COc1ccc(CNc2c3c(nc4ccc(C#N)cc24)CCN(C(C)=O)C3)cc1Cl,0.77815125
O=C1c2ccccc2CN1C(c1cccc(F)c1)c1nc2cncnc2[nH]1,1.6426327475
O=S(=O)(c1ccc(Cl)cc1)N1C2Cc3[nH]ncc3C1CC(/C=C/C(F)(F)F)C2,0.868713578
CCCCNC1=C2C=NN(C2=NC(=C1C(=O)OCC)C)CC,0.767155866
CCOc1nc(NC(=O)C(C)(C)NC(=O)c2ccc3c(c2)c(C)c(-c2ccc(F)cn2)n3C2CCCCC2)cnc1/C=C/C(=O)O,1.973220247
COC(=O)[C@@H]1C[C@H](C(=O)OC)CN(c2ccnc(N3C[C@H](C(=O)OC)C[C@H](C(=O)OC)C3)n2)C1,1.5063955705
CC(=O)NCCOC(=O)c1ccc(Cl)c(S(=O)(=O)N(C)C)c1,1.1319192139999998
O=C(N[C@H](Cc1c[nH]c2ccccc12)C(=O)Nc1ccncc1)c1ccc(-c2cccc(F)c2)cc1F,1.255272505
CCc1nc2ccc(Cl)cn2c1C(=O)NCc1ccc(N2CCC(c3ccc(F)cc3)CC2)cc1,1.796435559
CONC(=O)c1cn(-c2ccc3c(c2)CCC3)c2nc(Nc3ccc(CCN4CCOCC4)cc3)ncc2c1=O,0.375625404
NCC1(c2ccc(Cl)c(Cl)c2)CCCCCC1,1.819543936
Cc1ccccc1-c1nc2ccccc2cc1CN(C(=O)CCNC(=O)OC(C)(C)C)c1ccnc(S(C)(=O)=O)n1,1.4913592105
CS(=O)(=O)c1cc(F)cc(C[C@H](NC(=O)c2c(Cl)cc3c(c2Cl)CCN(C(=O)c2ccc4ccoc4c2)C3)C(=O)O)c1,2.607886123
CCCOc1sc(C(=O)N2[C@H]3CC[C@H]2CC(c2cc(CN)ccc2F)C3)c(C)c1Br,0.71709465
COCCCNC(=O)c1nc(CC(=O)Nc2ccc3cc[nH]c3c2)no1,1.9168617615
O=C(NCc1ccc(S(=O)(=O)c2ccc(N3CCOCC3)nc2)cc1)c1cnc2nccn2c1,2.139479458
COCCN(Cc1ccc(C)c(Br)c1)S(=O)(=O)c1ccc2[nH]c(=O)ccc2c1,0.7416026845
Cc1cccc(-n2nc(-c3cnn(C)c3C)c(Cl)c2-c2cnn(C)c2C)c1,0.667349062
O=S(=O)(c1ccc(C(F)(F)F)cc1)N1c2cc(-n3ccnc3)ccc2-c2n[nH]cc2C1C1CC1,1.595614978
COc1cc(Cl)cc2c1n(C)/c(=N/c1ccc(OC(F)(F)F)cc1)n2Cc1ccc(C(=O)Nc2nnn[nH]2)cc1,1.384763635
CC(C)CC[C@]1(C)CN(C2CC2)C(=O)C(C2=NS(=O)(=O)c3cc(NS(C)(=O)=O)ccc3N2)=C1O,0.740378482
CC1(c2ccc(-c3ccc(C#N)cn3)cc2)CC1,1.544043227
O=C(c1cccnc1)N1CCc2nc(-c3cc4cc(F)ccc4[nH]c3=O)[nH]c2C1,2.707052496
C1=CC=C(C=C1)C2=CC=C(C=C2)S(=O)(=O)NC(CCC(=O)O)C(=O)O,2.17700492
Cn1c(-c2c(N)n(C3CCCC3)c3nc4ccccc4nc23)nc2ccccc21,3.315766141
CCCNC1=Nc2ccccc2S(=O)(=O)N1CCC,0.9536648495
CC(=O)c1ccc(Nc2nc3ccc(C)cc3n3cnnc23)cc1,1.7777402815
CC(C)/C(=N/c1ccnc2cc(Cl)ccc12)NC1CCN(Cc2ccccc2)CC1,1.397974751
CN[C@@H](CC(C)C)C(=O)N[C@H]1CC[C@@H]2CN(S(=O)(=O)c3ccc(C(F)(F)F)cc3)C[C@@H]21,1.533467769
C1CCC(CC1)C(=O)N2CC3C4=CC=CC=C4CCCN3C(=O)C2,1.31868927
CCCCS(=O)c1[nH]c2c(C(C)C)cccc2c(=O)c1C(C)=O,1.0203305625
O=C(NS(=O)(=O)CCN1CCOCC1)c1ccc(Nc2nc(NC3(c4ccc(Cl)cc4)CC3)nc(OCC(F)(F)F)n2)cc1,1.445566604
COc1ccccc1-n1nc(C2CCN(C(C)=O)CC2)cc1-c1ccc(Cl)cc1,1.118493723
Fc1ccc(-c2cc3nc4c(c(NCC5CCCO5)n3n2)CCCC4)cc1,0.9390426555
O=C(CCn1nnnc1-c1ccc2c(c1)OCO2)c1ccccc1,0.974090288
O=C1Nc2ccc(F)cc2C1CCCCN1CCN(c2ccc(Cl)cc2)CC1,1.704643842
N#Cc1cc(Cl)cc2c1OCC(=O)N2Cc1nnc(CCc2ccc(Cl)cc2)n1CCC(F)(F)F,0.634151234
CCCOCCn1c(=O)c(NCCN2CCOCC2)nc2ncc(-c3ccc(OC)nc3)cc21,1.083733639
CN1CCN(C(=O)Nc2ccc(C[C@H](NC(=O)/C=C/c3cc(Cl)ccc3-n3cnnn3)C(=O)Nc3ccc(C(=O)O)cc3)cc2)CC1,2.079181246
CCC1(CCCCN2CCN(c3ccc(Cl)cc3Cl)CC2)C(=O)Nc2ccccc21,1.514160018
Cc1nn(C)c2c1N(C(=O)OC(C)(C)C)CC(C)N2C(=O)c1cc(Cl)cc(Cl)c1,1.151821715
Oc1cc(O)c2sc3nc(-c4ccccc4Cl)ccc3c2n1,3.315766141
CS(=O)(=O)c1c(-c2ccccc2)c2cc(OCC(=O)NCc3ccc(Cl)c(Cl)c3)ccc2[nH]c1=O,0.256761023
O=C(N[C@@H]1C[C@H]2CCN(C2)C1)c1cc2ccoc2cn1,2.079181246
CCOC(=O)C(C)Oc1ccc2c(c1)S(=O)(=O)N=C(c1c(O)c(-c3cccs3)nn(CCC(C)C)c1=O)N2,1.397974751
CCOC(OCC)c1cc2c(N)nc3ccccc3c2o1,1.6400352325
COc1ccc(CC(=O)Nc2ccsc2-c2cnccn2)cc1,0.256761023
O=C(Nc1ccc2oc(-c3ccccc3)nc2c1)N1CCCCC1,2.201729674
CC(C)c1nn(C)c(Cl)c1CNCc1ccccc1CO.Cl,1.8012247785
O=c1[nH]c(C2CC2)nc2ccc(-c3cn[nH]c3)cc12,2.51851394
Cc1cc(C)cc([C@@H](CC(C)C)NC(=O)c2cc(COc3ccc(F)cc3F)ccc2CCC(=O)O)c1,1.382658248
O=C(O)CC1(c2ccc(F)cc2)C2CC3CC(C2)CC1C3,1.445566604
N#Cc1ccccc1Cn1c(N2CCC[C@@H](N)C2)nc2ccc(Br)cc2c1=O,2.05300157
O=S(=O)(c1ccc(Cl)c(Cl)c1)N1CCN(c2ncccc2C(F)(F)F)CC1,0.698952632
C1CCC(C(CC2CCCCN2)C2CCCC2)CC1,2.176091259
C1CN(CCN1CCNC(=O)C2=CC=C(C=C2)F)C3=C4C(=CC=C3)OCCO4,1.534026106
COC1=C(C=C(C=C1)CCNC2=NC(=NC3=CC=CC=C32)SCC4=CC=CC=C4Cl)OC,0.851258349
O=S(=O)(c1ccc(C(F)(F)F)nc1)N1C2Cc3[nH]ncc3C1CC(c1nc(C(F)(F)F)cs1)C2,2.251494747
CC(C)N1CCN(C(=O)Cn2c(-c3ccoc3)c(C3CCCCC3)c3ccc(C(=O)O)cc32)CC1,2.477121255
Cl.O=C(c1cc(S(=O)(=O)Nc2ccccc2F)c(F)cc1Cl)N1CCN2CCC[C@@H]2C1,2.607886123
COc1cc(NS(=O)(=O)c2ccc(NC(=S)NC(=O)/C=C/c3ccc(F)cc3)cc2)ncn1,1.656943418
O=c1[nH]nc(-c2ccnc(NC3CCCCC3)c2)n1-c1ccc2ccccc2c1,1.568118514
CCOC(=O)C1=CN=CC=C1,0.974511693
CC(C)(C(=O)O)c1ccc(CN2CCC(COC(=O)c3c4n(c5ccccc35)CCCO4)CC2)cc1,0.779639768
C[C@]12CCNC(=O)C=C1CC[C@@H]1[C@@H]2CC[C@]2(C)C(n3cncn3)=CC[C@@H]12,8.68502e-05
COc1ncc(-c2cc(C3=Nc4c(C(C)(C)C)nn(CCCO)c4C(=O)NC3)ccc2OC)c(OC)n1,2.079181246
C1CC(CCC1NCC2=C(C(=CC(=C2)Br)Br)N)O,2.041392685
COc1nc2c(cc1Cc1cccc(Cl)c1F)c(=O)c(C(=O)O)cn2[C@H](CO)CC(C)C,2.396876445
COC(=O)C1(C)Cc2ccc(Cl)cc2C(=O)O1,0.256761023
CC(Cc1nnc(CN2C(=O)COc3c(Cl)cc(Cl)cc32)n1CCC(F)(F)F)c1ccccc1,0.841443718
Cn1cnc2ccc(-c3ccccc3Cl)c(CN)c21,2.300986564
CN1CCN(CC1)C(=O)CC2=CC=CN2C3=CC=C(C=C3)F,2.079181246
Cc1c(-c2cccnc2)n(C)c2ccccc12,1.079181246
CN(C)C1=C(C(=NC(=N1)CC2=CC=C(C=C2)NC(=O)C3=CC4=CC=CC=C4C=C3)Cl)CC(=O)O,2.079181246
CCOc1cc(=O)n2c(c1C(=O)NC1CCc3ccccc31)CCCCC2,1.168988571
COc1ccc(Cl)cc1NC(=O)c1[nH]c(C)c(C(C)=O)c1C,1.7995328415
C1CN(CCC1N2C3=CC=CC=C3NC2=O)CCCC(=O)C4=CC=C(C=C4)F,2.079181246
COc1cccc(OCc2nc3c(OC)cc(-c4cn[nH]c4)cc3c(=O)[nH]2)c1,1.591064607
CC1(C)C(=O)N(c2ccc(C#N)c(C(F)(F)F)c2)C(=S)N1c1ccnc(S(N)(=O)=O)c1,2.533198121
CC(C)c1ccc(-c2cnc3ccnn3c2N)cc1,1.142473713
CNC(=O)N1C(=O)N(c2cccc(C(F)(F)F)c2)C2=C(C(=O)CC2)[C@H]1c1ccc(C#N)cc1S(C)(=O)=O,2.114010162
COc1ccc2c(c1)CC(c1nc3ccc(-c4cn[nH]c4)cc3c(=O)[nH]1)CO2,1.230397825
Cc1ccc(O)c(C(=O)Nc2ncc(Cl)s2)c1,1.355913422
Clc1nn2c(-c3ccccc3)nnc2c2ccccc12,0.681015742
CC(C)CCn1nc(CC2CCCC2)c(O)c(C2=NS(=O)(=O)c3cc(NS(C)(=O)=O)ccc3N2)c1=O,0.863441829
N=c1c2c(-c3ccccc3)c(-c3ccccc3)n(Cc3ccccc3)c2ncn1CCO,1.92240061
COCCn1cc(C(=O)N2CCC(c3cc(CN)ccc3F)CC2)c2c(C(=O)N(C)C)cccc21.Cl,1.539277263
CC1(C)C=C(N(Cc2ncc[nH]2)c2ccc(Cl)cc2Cl)c2ncccc2O1,0.477592973
CN1CCc2nc(C(=O)Nc3cc(C(=O)O)ccc3CNC(=O)c3ccc(Cl)s3)sc2C1,1.783298428
CS(=O)(=O)NCCN1CCc2c(nc3c(N4CCOCC4)nc(-c4cnc(N)nc4)cn23)C1,3.014736145
Cc1ccc(-c2[nH]c(=O)ccc2-c2ccc(OCc3ccc4ccccc4n3)cc2)cc1,1.990947703
CC1=CC(=O)N(Nc2nc(-c3nccs3)nc3sc(C)cc23)C1=O,1.207025795
CCN(CC)S(=O)(=O)c1ccc(NC(=O)C(C)N(c2ccc(C)c(C)c2)S(C)(=O)=O)cc1,1.959255476
C1CC2CC1C3C2SC4=C(C3C5=CN=CC=C5)SC(=O)N4,1.211383945
CC1CC(=O)N(c2ccc(-c3cccc(C#N)c3)cc2)N=C1c1ccc(O)cc1,1.1820273223333333
CC1=NOC2(C1)CCN(C2)CC3=CC=C(C=C3)C#N,2.079181246
COc1ccc([C@H]2Oc3cc(OC)cc(OC)c3C[C@H]2O)cc1,0.765805632
CC(C)Oc1ccccc1CC(c1ccccc1)N1CCNCC1,1.662776714
CC(=O)NC[C@H]1CN(c2cc(F)c(N3CC[Si](C)(C)CC3)c(F)c2)C(=O)O1,1.762204121
Cc1oc(-c2cccc(F)c2F)nc1CN(C)CC1CCCNC1,2.5059345265
Cc1nc2c(c(C)c1CNC(=O)COC1CCCCC1)c(=O)[nH]n2C,1.6433268985
Cc1ccc(-c2n[nH]c3c2C(c2cccnc2)N(c2ccc(Cl)cc2)C3=O)cc1,1.218237777
O=C(C1CC(=O)N(C2CCCC2)C1)N1CCC(c2nnc3n2CCNC3)CC1,1.806253597
CC[C@H]1C[C@@H](C(=O)NCC2CCOCC2)CN(Cc2nc(-c3ccccc3)oc2C)C1,0.635483747
Cc1nn(-c2ncnc3[nH]cnc23)c2c1C(c1cccc(OC(C)C)c1)CC(=O)N2,0.6861318605
CC(C)Oc1ccccc1NS(=O)(=O)c1cccc(S(=O)(=O)C2CCS(=O)(=O)C2)c1,1.2071049185
CS(=O)(=O)Nc1ccc2c(c1)S(=O)(=O)N=C(C1=C(O)[C@@H]3C4CCC(CC4)[C@@H]3N(Cc3cccc(F)c3)C1=O)N2,2.512332468
CCOCCOCCOC1CCC(NC(=O)NC23CC4CC(CC(C4)C2)C3)CC1,2.644415838
Cc1ccc(NC(=O)c2cc3ccccc3n2C)c(OCC(=O)N(C)C)c1,1.536119851
Cn1cc(S(=O)(=O)c2ccc(NC(=O)NCc3cccnc3)cc2)cn1,1.945545984
O=C(Cc1ccc(Cl)s1)NC(CO)c1c(F)cccc1F,1.3058904385
COC(=O)Nc1ccc(-c2nc([C@H](CC(=O)N3CCN(C)CC3)NC(=O)/C=C/c3cc(Cl)ccc3-n3cnnn3)[nH]c2Cl)cc1,1.397974751
O=C(O)/C=C/c1ccc(NC(=O)Cc2c[nH]c3ccccc23)cc1,2.6239214750000004
COc1cccc(CNC(=O)c2c[nH]c3cc(-c4cn[nH]c4)ccc23)c1,1.397974751
Cc1cc(C)c(-c2n[nH]cc2-c2nc3ccccc3s2)c(O)c1,1.428337201
COc1ccc(CNc2ccc(C(=O)N3CCN(Cc4ccc(OC)c(OC)c4OC)CC3)cc2S(=O)(=O)Nc2cccc(OC)c2)cc1,1.147417293
CCCn1c(=O)c2ccc(C(=O)NC3CCCC3)cc2n2c(=O)n(Cc3ccc(C)cc3)nc12,1.7711141174999998
Cc1nc(C2CCN(C(=O)[C@H]3CN(C(C)(C)C)C[C@@H]3c3ccc(F)cc3F)CC2)n(-c2ccc(Cl)c(C)c2)n1,1.22527015
C#Cc1ccc2c(c1)C(c1ccccc1F)=NCc1c(C(=O)OCC)ncn1-2,0.8134695442857142
O=S(=O)(c1ccc(Cl)cc1)N1C2Cc3[nH]ncc3C1CC(/C=C/Cl)C2,0.868713578
O=C(C1CCN(C2=NS(=O)(=O)c3ccccc32)CC1)N1CCCc2ccccc21,0.938733623
CNC(=O)COc1ccc2c(c1)S(=O)(=O)N=C(c1c(O)c(-c3cccs3)nn(CCC(C)C)c1=O)N2,1.300986564
C1CCC(NCC2CCC3(CC2)OOC2(CCCCC2)OO3)CC1,1.201397124
CCN(CC)CCCNc1oc(-c2ccco2)nc1S(=O)(=O)c1ccc2c(c1)OCCO2,1.3803176979999998
C[C@]12CCC(=O)C=C1C=C[C@@H]1[C@@H]2CC[C@]2(C)C(c3cccnc3)=CC[C@@H]12,8.68502e-05
NC(C(=O)Nc1cc2cc[nH]c(=O)c2cc1Cl)c1ccccc1,2.079181246
CCOCCn1nc(CC)c2nc(N3CCNCC3)nc(Nc3ccc(C)cn3)c21,2.251494747
CS(=O)(=Nc1ccc(C(F)(F)F)cc1)c1ccncc1,1.748172516
CCC1(CC)NC(=O)N(Cc2cc3ccc(C)c(C)c3nc2Cl)C1=O,0.9534732395
Cc1ccc(CCCNC(=O)c2cc(C(C)(C)C)c(O)c(C(C)(C)C)c2)cc1C,1.861997034
Cc1cccc(CNC(=O)C2CCCN(Cc3nc(-c4ccccc4)oc3C)C2)n1,0.760422483
CCOc1ccc(Cc2nc3cc(SCC)c(Cl)cc3n2CC2CCCCC2)cc1,1.806012767
O=C(NC[C@H]1CC[C@@H](CCOc2ccccc2)CC1)c1cn[nH]c1,1.643432935
Cc1cn(Cc2ccc(Cl)cc2Cl)c2c(-c3cc(NS(=O)(=O)c4cc(Cl)c(Cl)s4)no3)cc(F)cc12,1.437540761
CC1(C)CCN(C(=O)c2cc(C#N)cs2)c2cc(Br)ccc21,1.601572532
c1ccc(Cn2nnnc2C(c2ccc3cc[nH]c3c2)N2CCCN(C3CCC3)CC2)cc1,1.00008685
O=C1COc2c(Cl)cc(Cl)cc2N1Cc1nnc(COc2ccc(Cl)cc2)n1CCC(F)(F)F,0.841443718
Cc1cc(=O)c(Oc2ccc(Cl)cc2F)c(-c2ccc(S(C)(=O)=O)cc2)o1,0.868713578
O=C(C1=Cc2ccccc2OC=C1)N1CCCCC1c1ccccn1,1.5143948965
CCN(CC)C(=O)C(c1ccccc1)C1CCN(c2ccc(NC(=O)c3c(C)noc3C)cc2F)CC1,0.548944261
COC[C@@H]1C[C@@H](C(=O)NCC2CCOCC2)CN(Cc2nc(-c3ccncn3)[nH]c2C)C1,1.190275657
COC[C@H]1C[C@H](C(=O)NCc2cccc(C)n2)CN(Cc2nc(-c3ccccc3)oc2C)C1,0.477121255
Clc1ccc(-c2nc3cnc4ccccc4c3s2)cc1,1.302852225
CC(C)(C)c1ccc(C(O)CCC(=O)N[C@@H]2C=C[C@H](CO)C2)cc1,1.0291308995
CS(=O)(=O)Nc1ccc2c(c1)S(=O)(=O)N=C(C1=C(O)[C@@H]3C4CCC(CC4)[C@@H]3N(Cc3cccc(F)c3F)C1=O)N2,2.160063913
CCCN(C)c1nn(CCC(C)C)c(=O)c(C2=NS(=O)(=O)c3cc(NS(C)(=O)=O)ccc3N2)c1O,0.9029814
COc1ccc2c(c1)[C@@H]1C[C@]1(C(=O)N1C3CCC1CN(C)C3)Cn1c-2c(C2CCCCC2)c2ccc(C(=O)NS(=O)(=O)C3CCC3)cc21,1.848189117
CC(=O)O[C@H]1C[C@H]2[C@@H]([C@H](OC(C)=O)C[C@@H]3CC4(CC[C@@]32C)OOC2(CCC(C(=O)NCCN(C)C)CC2)OO4)[C@@H]2CC[C@H]([C@H](C)CCC(=O)NCCN(C)C)[C@@]12C,2.079181246
N#Cc1ccccc1Cn1c(N2CCC[C@@H](N)C2)ncc(F)c1=O,2.300986564
CC(C)(C)CCN1C(=O)C(C2=NS(=O)(=O)c3cc(NS(C)(=O)=O)ccc3N2)=C(O)C2CCCCC21,1.204174266
CCc1n[nH]c(CC)c1Oc1cc(C#N)cc(C#N)c1,2.079181246
Cc1nc(-c2ccccc2)nc2sc3c(=O)[nH]cnc3c12,1.1659808545
CCCNC(=O)[C@H](CC(C)C)NC(=S)NCCC,1.7188143695
O=C(NC1CCN(Cc2cccc3c2OCO3)CC1)c1cc2ccccc2o1,1.2742893830000002
N#Cc1nnc2ccccc2c1Oc1ccc2ncccc2c1,1.4822114810000002
C/N=c1/c(S(=O)(=O)c2ccccc2)c(SC)nc2ccccn12,0.447189051
Cc1cc(OCc2ccc(F)cc2F)c(Cl)c(=O)n1-c1c(F)cccc1F,2.015319874
CC1=C(C(=O)NN1)C(C2=CC(=C(C=C2)OC(=O)C3=CC=CC=C3F)OC)C4=C(NNC4=O)C,0.26245109
O=C(Nc1ccc(C(F)(F)F)nc1)c1ccc(C2(C(F)(F)F)CC2)cc1,2.607455023
O=C(CCN1C(=O)c2ccccc2N2C(=O)c3ccccc3C12)NCC1CCOCC1,1.2449982005
CCC1=C(C(=C(C=C1O)O)C(=O)C2=CC(=C(C=C2)OCCN3CCOCC3)OC)CC(=O)N(CCOC)CCOC,1.616685521
O=C(N[C@@H](C(=O)O)c1ccccc1)c1cc(-c2ccc(-c3ccncc3)cc2)cs1,1.995635195
N#Cc1c[nH]c(C(=O)Nc2ccc(C3CCN(C(=O)Cc4c[nH]cn4)CC3)cc2C2=CCCCC2)n1,1.774373492
O=C(COc1ccc(Cl)cc1Cl)Nc1nc2n(n1)C(c1ccccc1)CC(=O)N2,1.3289447165
COC(=O)c1c(=O)n(Cc2ccc(C(C)(C)C)cc2)c(=O)n2c(-c3ccc(Cl)cc3)c(-c3ccc(Cl)cc3)oc12,2.3732898675
CC[C@@H](C)NC1=C(C=C(C(=C1)C(=O)NC2C[C@@H]3CCC(C2)N3C4=NC=C(C=C4)C(=O)C5CC5)C)C(=O)N,2.079181246
N#CCC(=O)N1CCC(n2cnc3cnc4[nH]ccc4c32)CC1,2.079181246
CC(=O)N1CCCC(NC(=O)c2ccc3c(C4CCCCC4)c(-c4ccccn4)n(C)c3c2)(C(=O)Nc2ccc(/C=C/C(=O)O)cc2)C1,2.408273893
COC(=O)c1cc2c(c(N(C)C)c1)OC(C)(C)C=C2,0.448573173
CC(=O)NC[C@]1(c2ccccc2)CC[C@H](N(C(=O)c2ccc([C@](C)(O)C(F)(F)F)cc2)C2CC2)CC1,2.295268828
O=S(=O)(Nc1cccn2c(C3CCC3)nnc12)c1ccc2c(c1)OCCO2,1.6586769705000002
CC(C)N(c1ccc(Oc2ncccc2C(F)(F)F)cc1C(=O)O)C(=O)[C@H]1CC[C@H](C)CC1,1.838849091
CC1=CC(=O)N(Nc2nc(-c3cccs3)nc3sc(C)c(C)c23)C1=O,1.265661442
COc1ccc2[nH]cc(CCNC(=O)CCC(=O)N3Cc4cccn4-c4ccccc43)c2c1,0.7279429934999999
CCOCCn1nc(CC)c2nc(N3CCNCC3)nc(Nc3cc(C)ccn3)c21,1.715368522
CN1CCN(c2ccc(/C=C/c3n[nH]c4cc([C@@H]5C[C@@]56C(=O)N(C)c5ccccc56)ccc34)cn2)CC1,1.431363764
CCOC(=O)c1ncn2c(N)c(C(N)=O)nnc12,1.8403546845
O=C1/C(=C/c2c[nH]c3ccccc23)Oc2c1ccc(O)c2CN1CCNCC1,2.596298824
OCC1O[C@@H](Oc2cc(O)cc(C3c4c(/C=C/c5ccc(O)cc5)cc(O)cc4OC3c3ccc(O)cc3)c2)C(O)[C@H](O)[C@@H]1O,3.315766141
O=S(=O)(c1cn[nH]c1)N1CCCC(c2cnccn2)C1,1.6051665764999998
CNC(=O)Nc1cc(S(=O)(=O)C(C)C(=O)O)c(Cl)cc1F,3.315766141
CN1CCc2nc(C(=O)N[C@@H]3C[C@@H](C(=O)N(C)C)CC[C@@H]3NC(=O)c3cc4cc(Cl)ccc4[nH]3)sc2C1,0.875120158
CC(C)OC(=O)C1=CN(C(=O)c2cccc(OCCCN3CCCCC3)c2)CC(C)(C)c2c1[nH]c1ccccc21,0.698952632
COc1cccc(CN(CCN(C)C)C(=O)c2cn(C)c3cc(-c4cn[nH]c4)ccc23)c1,0.9029814
O=C(NCC(c1ccccc1)c1ccccc1)c1cccnc1,0.602081706
CCOC(=O)C1=CC=C(C=C1)OCCN2C[C@@H]([C@H]([C@@H]([C@H]2CO)O)O)O,2.079181246
COC(=O)Nc1ccc(-c2nc([C@H](Cc3ccccc3)NC(=O)NCc3cc(Cl)ccc3-n3cnnn3)[nH]c2Cl)cc1,8.68502e-05
O=C(c1ccccc1)c1ccccc1Nc1cccc2c1N(c1ncccn1)CC2,0.577587314
C1=CC(=NC(=C1)NS(=O)(=O)C2=CC=C(C=C2)C3=CC=C(C=C3)C#N)N,2.079181246
COc1cccc(OCc2nc3ccc(-c4cn[nH]c4)cc3c(=O)[nH]2)c1,1.230397825
Cc1cc(C)cc([C@@H](CC(C)C)NC(=O)c2cc(Nc3cc(F)cc(F)c3)ccc2CCC(=O)O)c1,1.719263563
CC1=C(C(=CC=C1)C)NC(=O)C2=CC=CC=C2C(=O)O,2.079181246
CCC1(CC2C3=CC(=C(C=C3CCN2CC1CC(C)C)OC)OC)O,2.079181246
CCCN1C(=O)C2(C(C(=O)c3ccc4c(c3)CC(C)O4)=C(O)C(=O)N2CC2CCCO2)c2ccccc21,2.004421163
C=CC(=O)NCc1coc(-c2c(N)ncnc2Nc2ccc(Oc3ccc(C)nc3)c(C)c2)n1,1.591064607
CCn1nc(C2CCCCN2C(=O)NC(C)C)c2c1CCOC2,1.749211753
COc1cccc(CN(CCN2CCCC2)C(=O)Nc2ccc(-c3cn[nH]c3)cc2)c1,1.397974751
OCC1CCCN(CCCC2CCCc3ccc(OCc4noc(-c5ccc(Cl)cc5)n4)cc32)C1,1.34246216
CC(C)CCn1c(=O)c(C2=NS(=O)(=O)c3cc(N(C)S(C)(=O)=O)ccc3N2)c(O)c2cccn21,1.842393921
COc1cnc(N2CCC[C@@H](N)C2)n(Cc2ccccc2C#N)c1=O,2.300986564
COc1cc(C(=O)Nc2nonc2NCc2ccc(-c3cc(Cl)cc(F)c3-c3noc(C)n3)cc2F)on1,1.924989333
CC(C)(C)CN1CCC2(CC1)CN(c1ccccc1Nc1nnc(-c3ccc(OC(F)(F)F)cc3)s1)c1c(O)ccc(Cl)c12,2.838644886
CC(C)OC(=O)C1=CN(C(=O)c2ccc(OCCN3CCCC3)cc2)CC(C)(C)c2c1[nH]c1ccccc21,1.34246216
O=C1C2=Nc3ccccc3CN2c2ccc(Cl)cc21,1.816286247
CN1C[C@H]2CCC[C@@]2(c2ccc3ccccc3c2)C1,1.278799314
CS(=O)(=O)N(CCCCCCN1C[C@H](O)[C@@H](O)[C@H](O)[C@H]1CO)C1CCCCC1,2.960769542
Cc1cc2ccccc2n1CCNC(=O)/C=C/c1ccc(OCCO)c(OCCO)c1,1.530553949
CCN(CC)c1ncc(CNc2ccc(F)cn2)s1,1.083468115
Cc1ccc(NC(=O)Nc2cccnc2Sc2ccccc2C(C)(C)C)cc1,0.796026054
CN1CCN(CC1)CCCN2C3=CC=CC=C3SC4=C2C=C(C=C4)C(F)(F)F.Cl.Cl,1.352568386
CC(C)C[C@@H]1NC(=O)[C@H](Cc2nc(Br)[nH]c2Br)NC1=O,1.6891248765
Cc1c(-c2noc(-c3cnn(C)c3C)c2Cl)cnn1C,0.5250280405000001
c1ccc2cc(NC3=NC[C@@]4(CN5CCC4CC5)O3)ncc2c1,2.229931241
CN(C)C1(CNC(=O)C(O)c2ccccc2Cl)CCCCC1,2.3043645625
Cc1cccc(S(=O)(=O)N2Cc3ccc(/C=C/C(=O)NO)cc3C2)c1,1.176091259
CS(=O)(=O)Nc1ccc2c(c1)S(=O)(=O)N=C(C1=C(O)[C@@H]3C4CCC(CC4)[C@@H]3N(CC(F)(F)F)C1=O)N2,0.77815125
N[C@@H](CC(=O)N1CCC[C@H]1CNC(=O)C1CC1)Cc1cc(F)c(F)cc1F,2.079181246
CCOC(=O)c1c(=O)n2cccnc2c2c(C)cccc12,0.7236434485000001
Cc1cc(COc2ccc(S(=O)(=O)N3CCN(C(=O)c4ccccc4)C(C(=O)NO)C3)cc2)c2c(n1)CCCC2,1.806012767
O=C(NOCCO)c1cc(CN2CCCC2=O)c(F)c(F)c1Nc1ccc(I)cc1F,2.267124775
Cn1c(=O)cc(Nc2ccc(I)cc2F)c2c(=O)n(C[C@@H](O)CCO)cnc21,2.300986564
O=S(=O)(c1ccc(C(F)(F)F)nc1)N1[C@@H](C2CC2)C(F)(F)c2[nH]ncc2[C@H]1C1CC1,1.783298428
Cc1nn(C)c(C)c1CN(C)S(=O)(=O)c1c(C)n[nH]c1C,1.3667423815
Cc1cccc(NC(=O)c2oc3ccccc3c2NC(=O)c2cc(-c3ccc4c(c3)OCCO4)on2)c1,1.501015038
COc1cc(C(F)(F)F)cc2c1n(C)/c(=N/c1ccc(OC(F)(F)F)cc1)n2Cc1ccc(C(=O)Nc2nnn[nH]2)cc1,1.340881912
O=C(Nc1ccc2nc[nH]c(=O)c2c1)c1cc(-c2ccc(Br)s2)n[nH]1,1.778591085
O=c1ccc(-c2ccc(OCc3ccc4[nH]ccc4n3)cc2)c(-c2ccccc2)[nH]1,0.955731027
CC(=O)Nc1ccc(Cl)c(C(=O)N(C)C(CO)C(C)(C)C)c1,2.009524454
CNCc1cccc(Br)c1OCCS(C)(=O)=O.Cl,1.680633635
CN1O[C@H](COc2ccc(OC(F)=Cc3ccccc3)cc2)C[C@@]1(Cn1cncn1)c1ccccc1,1.8592580425
CC(=O)N1CCC(CC1)CC2=CC=C(C=C2)C(=O)O,2.079181246
O=C(NCc1cc(-c2ccco2)on1)NCC12CC3CC(CC(C3)C1)C2,0.575892713
CN1Cc2cc(-c3cccc([C@H](O)CO)n3)ccc2Oc2ccc(C(F)(F)F)cc21,3.012537144
O=C(c1cccnc1Cl)N1CCCCC1c1ccccc1,1.6674332175
CC(C)C(=O)SCC(=O)NCCCCCn1ccc2cc(Cl)c(Cl)cc21,0.4779089386
CCC(CC)(CC)S(=O)(=O)Cc1csc(C(C)(C)C)n1,0.5214287449999999
CC1=CC=C(C=C1)S(=O)(=O)NC2=CC=CC=C2N3CCCCC3,0.482158695
CCS(=O)(=O)c1ccc2[nH]c(Oc3ccc(-c4ccccc4)cn3)nc2c1,2.259941727
Cc1sc2nc(O)n3nc(-c4ccncc4)nc3c2c1C,1.153313593
COc1ccc2nc(NC(=O)C(CC3CCCC3)c3ccc(S(=O)(=O)NCc4cccs4)cc3)sc2n1,1.403154851
CCOc1nc(NC(=O)C(C)(C)NC(=O)c2ccc3c(C4CCCC4)c(-c4cncnc4)n(C)c3c2)ccc1/C=C/C(=O)O,1.838849091
CCc1nc(-n2nc(C)cc2C)c2cc(C)sc2n1,1.753427997
CCCOc1ccc(S(=O)(=O)n2nc(C)cc2C)cc1C,0.7230741199999999
O=C(Nc1nc(-c2ccccc2)cs1)[C@@H]1CCCCN1C(=O)N1CCS(=O)(=O)CC1,2.079181246
CC(C)[C@@H](NC(=O)NC1CCCC1)C(=O)N1CC[C@](O)(c2ccc(Cl)cc2)C(C)(C)C1,2.201729674
Cc1ccc(-c2cc(Cl)cc3c2OC(C(F)(F)F)C(C(=O)O)=C3)cc1,1.083733639
Cc1ccc2[nH]c(SCc3ccccn3)nc2c1,1.495572087
Cl.c1ccc2c(c1)CNC(c1ccc3c(c1)OCO3)c1cccn1-2,1.265617485
O=C(Cc1csc(COc2ccccc2)n1)NCCc1c[nH]c2ccccc12,1.014711001
Cn1c2c(c3cc(S(=O)(=O)c4c[nH]c5ccccc45)ccc31)C1CCC(C2)N1,2.2714727075
NS(=O)(=O)c1cc(-c2nnc(/C=C/c3cccc(Cl)c3)o2)c(Cl)cc1SCc1ccccc1,1.324323619
COC[C@@H]1C[C@@H](C(=O)NC[C@H]2CCCO2)CN(Cc2nc(-c3ccccc3)oc2C)C1,0.62324929
CCNC(=O)N[C@H]1CC[C@@]2(C)[C@@H](CC[C@@H]3[C@@H]2CC[C@]2(C)C(=O)CC[C@@H]32)C1,1.387425423
COc1ccc(Nc2nc(NCc3ccccc3)c3ccccc3n2)cc1,1.812779707
NC(=O)Cn1cc(CN2CCN(c3cc(C(=O)Nc4ccc5c(c4)-c4c(c(C(N)=O)nn4-c4ccc(F)cc4)CC5)c(Cl)cn3)CC2)cn1,1.763442969
Cc1ccc(C(=O)COC(=O)c2ccc(Cn3ccccc3=O)o2)s1,1.3310813695
Clc1ccc(CN(CC2CNC2)c2ccccc2)cc1,0.936300043
C[C@]12CCC(=O)C=C1CC[C@@H]1[C@@H]2CC[C@]2(C)C(c3cnccn3)=CC[C@@H]12,8.68502e-05
OC1CCOc2c(NCCc3ccccc3F)cccc21,1.433565282
Cn1c(C(=O)c2ccc(Cl)cc2)cnc1OCCCN1CCCCC1,2.255272505
N#Cc1ccc(F)cc1Cn1c(N2CCC[C@@H](N)C2)ncc(Br)c1=O,2.300986564
CC1(CCN(CC1)C2=C3C=C(C=C(C3=NC=C2C(=O)N4CCN(CC4)C(=O)N5CCCC5)F)F)C#N,1.434888121
CC(=O)N(C1=CC=CC=C1OC)/N=C\2/C(=O)C3=CC=CC=C3S2,0.85971658
CC1=NN2CCCN(C2=C1C3=CC=CC=C3OC4=CC=CC=C4)CC5=CC=C(C=C5)C(=O)O,0.791690649
CCC(=O)NC/C=C\CN(C)C[C@H]1O[C@@H](n2cnc3c(N)ncnc32)[C@H](OC(C)=O)[C@@H]1OC(C)=O,1.875061263
CC(C)(C)NCC(COC1=CC=C(C=C1)NC(=O)NC2CCCCC2)O,2.079181246
O=S(=O)(c1cccc2cccnc12)n1ncc2c(Cl)ncnc21,1.5334836345
CNc1nc(NCCCN(C)C)c2sc(-c3ccc(OC)nc3)cc2n1,2.257726561
Cc1cc(C2CCN(C(=O)[C@@H]3CN(C(C)(C)C)C[C@H]3c3ccc(F)cc3F)CC2)n(-c2cc(Cl)ccc2Cl)n1,1.237330039
CSC1CC2CCC(C1)N2C(=O)c1cc(C2CC2)on1,1.245101444
CN(C)CCCNC(=O)c1cc(S(=O)(=O)N(C)C)c(Cl)cc1Cl,3.315766141
Cc1nc(-c2cc(C(=O)OCc3cc(F)cc4c3OCOC4)n(C)c2)cs1,0.957737173
N=S1(=Nc2ccc(C(F)(F)F)cc2)CCCCC1,2.041313715
COc1ccc(OC)c(NC(=O)C2C3CC4OC(=O)C2C4C3)c1,3.315766141
CC(C)(C)C(=O)N1CC(C(=O)NC2CCCC2)C2(CCOCC2)C1,1.880404402
N#CC1(n2cc([C@@H](NC(=O)c3ccco3)C3CCCCC3)nn2)CC1,1.690213806
O=C(CS)NCCCCNc1c(Cl)cc(Cl)c2cccnc12,1.475299694
O=C(COc1ccc2c3ccccc3n(C(=O)c3cccc4ccccc34)c2c1)N1CCCC1,0.7415383035
CC[C@@H]1C(=O)N(C)c2cnc(-n3ccnc3-c3ccc(F)cc3)nc2N1c1ccnn1C,1.839228615
COc1cc(OC)c2c(c1)C(=O)NN1C(=O)OC(C)(C)C21C,1.433074206
NS(=O)(=O)c1cc(-c2nnc(CN3CCC(Cc4ccccc4)CC3)o2)c(Cl)cc1SCc1ccccc1,1.338416648
CC(C)N1CCN(C2CCc3ccc(OCc4noc(-c5ccc(Cl)cc5)n4)cc32)CC1,1.114010162
O=C(N[C@H](Cc1c[nH]c2ccccc12)C(=O)Nc1ccncc1)c1ccc(-c2ccc(OCc3ccc(F)cc3F)c(F)c2)cc1F,1.397974751
COc1nc(C)c(Nc2nc(Cl)cn([C@H](C)C3CC3)c2=O)cc1C,1.243910547
O=C(Nc1nc(-c2ccccc2)ns1)[C@@H]1CCCCN1C(=O)N1CCS(=O)(=O)CC1,2.041313715
CC(C)(C)OC(=O)NCCS(=O)(=O)NC(=O)c1ccc(Nc2nc(NC3(c4ccc(Cl)cc4)CC3)nc(OCC(F)(F)F)n2)cc1,1.91975519
CC1(C)C(=O)N(c2ccc([N+](=O)[O-])cc2C(F)(F)F)C(=S)N1c1cc(C(F)(F)F)cc(C(F)(F)F)c1,1.854427506
Clc1ccccc1CNc1ncnc2c1cnn2CC(Cl)c1ccc(Br)cc1,2.927097733
Nc1nc(NC2CCCNC2)c2sc(-c3ccc(C(F)(F)F)cc3)cc2n1,1.748498267
CCN(CC)CCCOC(=O)C1(c2ccc(F)cc2)CCCC1.Cl,2.001724672
CCN[C@H]1C[C@@H](S(=O)(=O)C2C1=CC(S2)S(=O)(=O)N)C,2.01924095
COC(=O)Nc1nc2cc(C(=O)c3ccccc3C(=O)OC(C)C)ccc2[nH]1,1.445369819
COC1=CC(=C(C=C1)C(=O)C2=CC=CC=C2O)O,0.949390007
O=C1CN(Cc2ccc(-c3cccc(CN4CCCCC4)n3)cc2)C(=O)N1C1CCC1,1.462368046
CS(=O)(=O)NCCOCCOCCCCCNC(=O)NC12CC3CC(CC(C3)C1)C2,1.680706944
Cc1cc(CCC#N)cc(C)c1Oc1cc(Nc2ccc(C#N)cc2)c(N)cc1C(F)(F)F,1.745839601
Cc1ccc(-c2cn3c4c(sc3n2)C(=O)C(C)(C)CC4)cc1,0.9108747275
COc1cc(=O)n(C)cc1C(=O)Nc1cc(C)on1,2.2215571375
Brc1ccc2c(c1)C1CC(c3ccco3)=NN1C(c1ccncc1)O2,1.509556265
c1ccc2cc(-c3nn[nH]c3-c3ccncc3)ccc2c1,1.403613846
FC(F)(F)c1cccnc1-c1ccc2[nH]c(/C=C/C3CCCCC3)nc2c1,1.818147574
CONC(=O)c1cn(-c2ccc3c(c2)CCC3)c2nc(Nc3ccc(CCS(=O)(=O)NC(C)=O)cc3)ncc2c1=O,1.599395072
N[C@H]1CCC[C@@H](c2ccncc2NC(=O)c2ccc(F)c(-c3c(F)cccc3F)n2)C1,2.029302594
CCOc1cc(C(F)(F)F)cc2c1n(C)/c(=N/c1ccc(OC(F)(F)F)cc1)n2Cc1ccc(C(=O)Nc2nnn[nH]2)cc1,1.586031884
COc1ccc2c(c1)cc(C(=O)Nc1c(C)cccc1C)n2C,1.349031719
CNC(=O)c1ccc(COc2ccc(S(=O)(=O)C3(C(=O)NO)CCC4(CCNCC4)C3)cc2)cc1,2.756379803
CNC(=O)c1nc(-c2cccs2)[nH]c(=O)c1O,2.257726561
CC1=NN2C(=N1)C3=CC=CC=C3N=C2NNC(=O)CCC(=O)N4CCN(CC4)C5=CC(=CC=C5)Cl,1.038620162
COc1cncc(C2=CC[C@H]3[C@@H]4CCC5=CC(=O)N(C)CC[C@]5(C)[C@H]4CC[C@]23C)c1,8.68502e-05
CCCCOC(=O)c1ccc(NC(=O)c2c(OCC)cc(=O)n3c2CCCC3)cc1,1.475711222
Nc1ncc(-c2ccc(C(=O)N3CCOCC3)cc2)cc1-c1ccc(C(F)(F)F)cc1,2.269512944
COc1cc(OC)cc(N2CCN(C(=O)c3oc(C)nc3-c3ccccc3)CC2)c1,1.352942622
NC(=O)O[C@H](CCN1CCN(c2ccccc2)CC1)c1ccccc1,1.792251572
COc1ccc(-n2ccc3cc(NC(=O)N4CCCCC4)ccc32)cc1Cl,1.6534772395
CC(C)/C(=N/c1ccnc2cc(Cl)ccc12)NCCCN1CCCCC1,1.462368046
COc1ccc(Nc2nnc(-c3ccc(C)c(S(=O)(=O)NCc4ccccn4)c3)c3ccccc23)cc1C(N)=O,0.7138603944999999
O=[N+]([O-])c1cn2c(n1)OC[C@H](OCc1ccc(-c3ccc(OC(F)(F)F)cc3)cn1)C2,1.600643018
CCC(C)(C)C(=O)N(O)Cc1ccccc1,2.107142106
Cn1nc(C(=O)N2CCOCC2)cc1C(=O)Nc1ccc(F)cc1OC(F)F,1.6483372775
Nc1ncnc2c1nc(Sc1cc3ccoc3cc1Br)n2CCC1CCN(C=O)CC1,1.614648101
COc1cc(OC)cc(-c2nnc([C@@]3(Cc4ccccc4)OC(=O)N([C@H](C)c4ccccc4)C3=O)[nH]2)c1,1.839228615
C=C[C@@H]1C[C@]1(NC(=O)[C@@H]1C[C@@H](c2csc(-c3cc(OC)ccc3OC)n2)CN1C(=O)[C@@H](NC(=O)OC1CCCC1)C(C)(C)C)C(=O)NS(=O)(=O)C1(C)CC1,1.755874856
CS(=O)(=O)c1ccc(-n2cc(Cl)c(OC3CCN(c4ncc(C(F)(F)F)cn4)CC3)cc2=O)c(F)c1,2.079181246
COc1cc(-c2cccc3[nH]c(-c4ccc5[nH]ccc5c4)nc23)cc(OC)c1OC,1.705007959
COc1ccc(-n2nc3c4ccc(OC)cc4[nH]cc-3c2=O)cc1,2.389161237
CC1(/C=C/c2nc3cc(-c4ccccc4C(F)(F)F)ccc3[nH]2)CCC(F)(F)CC1,2.357106862
O=C(O)c1cc(Cl)cc2c1OCC(=O)N2Cc1nnc(CCc2ccc(Cl)cc2)n1CCC(F)(F)F,2.607886123
Nc1ncnc2c1c(-c1ccc(Cl)cc1)nn2CC(Cl)c1ccccc1,2.414398919
O=C1CN(Cc2ccc(-c3cccc(CN4CCCCC4)n3)cc2)C(=O)N1CC(F)(F)F,1.995635195
C1=CC=C(C=C1)CCSC2=C(C=CC=N2)C(=O)O,1.930770217
COP(=O)(N)SC,1.712312909
CC(C(=O)Nc1ccc2c(c1)CCC2)n1nc(-c2ccc3c(c2)OCCO3)ccc1=O,1.010971917
COc1ccc2[nH]cc(CCNC(C)=O)c2c1,1.864511081
CC1=C2C[C@H]3[C@@H](CC[C@@H]4c5c[nH]nc5CC[C@@]43C)[C@@H]2CC[C@@]2(C1)O[C@@H]1C[C@H](C)CN[C@H]1[C@H]2C,1.431363764
O=C(Cn1ncc2ccccc2c1=O)NCCn1nc2c(cc1=O)CCCCC2,1.3692938415
O=C(CN1C(=O)CCC1=O)N1CC(S(=O)(=O)C2CCCCC2)C1,1.692628371
NC(=O)Cc1csc(NC(=O)CCNC2=NS(=O)(=O)c3ccccc32)n1,2.053560223
CCCS(=O)(=O)CCCOc1cc2ncnc(N3CCN(C(=O)Nc4ccc(OC(C)C)cc4)CC3)c2cc1OC,2.477121255
CCCOc1ccc2c(c1)C(O)CC1(CCNCC1)O2,1.815012648
CCN(CC)CCCCN/C(=N\c1ccnc2cc(Cl)ccc12)C(C)C,1.740378482
Cc1ccc(NC(=O)c2ccc(F)c(-n3cc(NC(=O)Nc4ccccc4Cl)cn3)c2)cn1,1.698952632
CCCOc1sc(C(=O)N2CCC(c3cccc(CN)c3)CC2)c(C)c1Br,1.012464116
COc1cccc(C(=O)Nc2ccc(NC(=O)c3ccco3)cc2)c1,1.079181246
NC(=O)COc1ccc2c(c1)S(=O)(=O)N=C(c1c(O)c(-c3cccs3)nn(Cc3ccccc3)c1=O)N2,1.36169007
N#CCCO[C@H]1CC[C@H](n2nnc3cnc4[nH]ccc4c32)CC1,2.541579244
CCc1ncc(CN(C)c2ccc(-n3ccc(C)n3)nn2)s1,1.305469429
CCc1nc2cc(Cl)ccn2c1C(=O)NCc1ccc(N2CCC(C(F)(F)F)CC2)cc1,0.812779707
CC1=CC(=CN=C1C2=CC(=NC=C2)C)CC(=O)NC3=NC=C(C=C3)C4=NC=CN=C4,1.561459171
COC1=NC(=C(C=C1)C(=O)NC2CCN(CC2)C3=CC(=O)N(N=C3)CC4CC4)OC,2.079181246
Cc1cc(-c2c[nH]c(=O)c(NC(=O)[C@H](Cc3ccccc3)NCc3cscn3)c2)ccn1,0.955731027
Cc1cc(C(C)(C)C)cc(C)c1CS(=O)(=O)CCn1cccn1,0.6223516315
O=C1CC(c2ccccc2Cl)CC2=C1C(c1ccc3c(c1)OCO3)Nc1ccccc1N2,0.7668345745
CN1C(=O)CC(c2ccc(NC(=O)c3nc(C#N)c[nH]3)c(C3=CCCCC3)c2)CC1=O,0.606612384
COc1ccc2nc(NC(=O)C(CC3CCCC3)c3ccc(S(=O)(=O)N(C)Cc4ccccc4)cc3)sc2n1,1.418334442
COc1ccc(-c2ccc(Oc3cccc4c3CCCC4)c(NC(=O)Nc3cccc(C)c3)c2)cc1C(=O)O,1.599395072
Fc1cc(F)cc(-c2cc3cc(-c4ccccc4)[nH]c3cn2)c1,1.966559696
N#Cc1ccccc1Cn1c(N2CCC[C@@H](N)C2)nc2c(Cl)cc(Cl)cc2c1=O,1.80631567
O=C(NCc1ccccc1OC(F)(F)F)c1ccc(OCCC(F)(F)F)nc1,1.892094603
CC(C)CCC1(CN2CCCC2=O)C(=O)N=C(O)N=C1O,2.5377324095
O=C(NC1CCS(=O)(=O)C1)c1ccc(Br)cc1,3.315766141
O=S(=O)(c1ccc(C(F)(F)F)nc1)N1C(C2CC2)c2cn[nH]c2C(F)(F)C12CC2,1.844136021666667
COC(=O)c1ccc(CNC(=O)c2ccc(Cl)s2)c(NC(=O)c2nc3c(s2)CN(C)CC3)c1,1.379676948
Fc1ccccc1-c1ccc2[nH]c(C3=NOC4(CCCCC4)C3)nc2c1,1.468424729
Cc1c(-c2ccccc2)c(N2CC[C@H](N(C)C)C2)c2[nH]c(C(C)(C)C)nc2c1C#N,1.124641826
Cc1cc2c(cc1S(=O)(=O)N(C)CC1OC3CCCCC3c3sccc31)NC(=O)CO2,2.13892037
CS(=O)(=O)c1ccc(C(=O)N2CC(N(C3CC3)S(=O)(=O)c3cccc(C(F)(F)F)c3)C2)c(C(F)(F)F)c1,2.223717855
COc1ccc(CN2C(=O)c3cccc(N4CCN([C@H](C)c5ccccc5)CC4)c3C2=O)cc1OC,1.462368046
O=C(Nc1cc(Oc2ncccn2)c(Cl)cc1F)Oc1ccccc1,1.3311850355
Cc1cccc(Nc2sc(-c3ccccc3)cc2C(N)=O)n1,1.380211242
O=C(c1ccc(I)cc1NS(=O)(=O)c1cccc2nccnc12)N1CCOCC1,1.609674042
O=C(Cc1nc(N2CCOCC2)cc(=O)[nH]1)N1CCc2c(Br)cccc21,0.987396073
CCNC(=O)c1ccc(NC2C3CC4CC(C3)CC2C4)c(NCc2ccncc2)c1,1.204174266
CS(=O)(=O)Nc1ccc(CCNC(=O)c2ccnc3[nH]c(-c4ccoc4)nc23)cc1,1.616078032
CC(C)(C)OC(=O)NC(CC(=O)N1CCCCCN1C(=O)c1cccc(C#N)c1)Cc1ccccc1F,1.4050254015
CC(C)COc1cc(NC(=O)C2(NC(=O)c3ccc4c(C5CCCC5)c(-c5ccccn5)n(C)c4c3)CCC2)ccc1/C=C/C(=O)O,2.477121255
COc1ccc2c(O[C@@H]3C[C@H]4C(=O)N[C@]5(C(=O)NS(=O)(=O)C6CC6)C[C@H]5/C=C\CCCCC[C@H](NC(=O)c5cnn(C)n5)C(=O)N4C3)cc(OC(C)C)nc2c1C,2.00008685
Cn1c(-c2ccoc2)c(C2CCCCC2)c2ccc(C(=O)NC(C)(C)C(=O)Nc3ccc(/C=C/C(=O)O)cc3)cc21,1.462368046
O=C(Nc1cc(C(F)(F)F)on1)N1CCCN(C(=O)c2ccc(C(F)(F)F)cn2)CC1,0.954242509
COc1cc(=O)n(C)cc1C(=O)NCCc1ccc(S(N)(=O)=O)cc1,1.842633161
Cc1cc(=O)n2nc(CN(C(=O)CC(C)C)c3ccc(F)cc3)nc2[nH]1,2.525324861
CC1=CC=C(C=C1)N2C(=C3C(=NN=C(C3=N2)N4CCCC(C4)C(=O)NCC5=CC=C(C=C5)OC)C)C,0.742725131
O=C(Nc1ccccc1OCc1cscn1)c1cc(Cl)c[nH]1,0.622008118
CC(=O)CC[C@H]1C(=O)N[C@@H](C(C)C)C(=O)N[C@@H](Cc2cccc(O)c2)C(=O)N2CCCC(N2)C(=O)O[C@H](/C(C)=C/C=C/C(=O)N2CCCCO2)C/C=C/C=C/[C@H](O)[C@H](C)[C@H]1O,1.0253878
COCC[C@H](CC1(C(=O)NCCCc2ccc(F)cc2)CCCC1)C(=O)O,2.079181246
CN1CCC(CC1)COC2=CN=C(N=C2)C3=CC=CC(=C3)CN4C(=O)C=CC(=N4)C5=CC=CC(=C5)C#N,2.079181246
Cc1ccc(-c2nnc(CCc3nnc(-c4ccncc4)n3-c3ccccc3Cl)o2)cc1,0.845222106
C1COCCC1CNC(=O)C2=CN=C(N=C2C(F)(F)F)NC3=C(C=C(C=C3)Cl)Cl,1.581152892
CCN(CC)Nc1c(Nc2cccc(C(=O)N(C)C)c2O)c(=O)c1=O,2.079181246
COCCn1c(C(=O)OC)cc2c(=O)n(C)c(=O)n(C)c21,0.256761023
N#Cc1csc(NC(=O)Cn2c(=O)ccc3cc(C(F)(F)F)ccc32)c1-c1cscn1,1.261257433
Cn1c(-c2cccc(N)n2)c(C2CCCCC2)c2ccc(C(=O)NC(C)(C)C(=O)Nc3ccc(/C=C/C(=O)O)cc3)cc21,1.959136831
COc1cc(/C=C/C(C)=O)ccc1O,1.358366183
Cc1cc(-c2cccc3cc[nH]c23)c(C#N)c2c1NC(C)(C)[C@H](O)[C@H]2C,1.114010162
CC(C)c1ccccc1N1CCC(C(=O)Nc2ccc3c(c2)NC(=O)CO3)CC1,1.056904851
O=C(Nc1cnc(-c2ccncc2)c(-c2ccncc2)n1)C1CC1,2.211302473
COCCCn1c(C(=O)Nc2cc(Cl)ccc2OC)cc2c(=O)n3ccccc3nc21,1.2199951164999998
Nc1nccc(-c2ccc3nc(C4COc5ccccc5C4)[nH]c3c2)n1,1.643432935
CC(=O)N1CCCC1c1cc2[nH]c(-c3ccccn3)nc2cc1Oc1ccc(S(C)(=O)=O)cc1,1.879504297
Cn1c(-c2cnccn2)c(C2CCCC2)c2ccc(C(=O)NC3(C(=O)Nc4ccc(/C=C/C(=O)O)cc4)CCC3)cc21,1.982271233
Cc1ccc(S(=O)(=O)Nc2cccc(NS(=O)(=O)c3ccc(C)cc3)c2-n2ccc3cccnc32)cc1,1.0421760075000002
CC(=O)n1cc(C(=O)NOCCO)c(Nc2ccc(I)cc2F)c1C,0.9029814
Fc1ccc2nc(-n3cncn3)c(-c3ccc(Cl)cc3Br)c(Cl)c2c1,2.379927084
O=S(=O)(c1ccc(C(F)(F)F)cc1)N1C(C2CC2)c2cn[nH]c2C(F)(F)C1C1CC1,1.879504297
Cn1c(CN2CCN(C(=O)c3ccccc3)CC2)nc2cc(NC(=O)c3ccccc3[N+](=O)[O-])ccc21,3.315766141
c1ccc(C2CC(c3cccs3)Nc3ncnn32)cc1,1.497319296
COc1cc2c(cc1Nc1ncc(Cl)c(Nc3ccccc3S(=O)(=O)C(C)C)n1)CCNCC2,2.396876445
CCOc1cc(CNCCCN2CCOCC2)cc(Br)c1OCc1ccccc1Cl.Cl,0.92316564
COc1ccncc1CNCCCNc1ccnc2cc(Cl)ccc12,1.77815125
CS(=O)(=O)c1cccc(Oc2cccc(-n3cnc4c(C(F)(F)F)cccc43)c2)c1,1.477121255
O[C@@H]1COC[C@H]1Nc1nc(Nc2cc(Cl)cc(Cl)c2)ncc1-c1ccc(F)cc1,1.681241237
O=C(O)c1cc(F)ccc1NC(=O)N1C[C@H]2C[C@@H](c3ccccc3C(F)(F)F)C[C@H]2C1,1.568118514
CC(=O)c1ccc(N2CCC(CC(=O)Nc3nc4cc(C)cc(C)c4o3)CC2)cc1,1.137784202
COc1ccccc1CNC(=O)c1cc2c(s1)CS(=O)(=O)C2,1.998172392
CS(=O)(=O)Nc1ccc2c(c1)S(=O)(=O)N=C(C1=C(O)C3(CCCC3)CN(Cc3ccc(F)cc3)C1=O)N2,1.447189051
CC12CC3CC(C)(C1)CC(NC(=O)NCc1cc(-c4cccc(F)c4)no1)(C3)C2,0.575892713
COc1cc(N2CCN(C3CCN(c4ccc(F)c5cccnc45)CC3)CC2)c2ncccc2c1,0.77815125
COc1cccc([C@@H](C)NC(=O)c2cc3ccc(-c4cn[nH]c4)nc3[nH]2)c1,1.77083729
C[C@H]1CN(CC[C@@]1(C)C2=CC(=CC=C2)O)CC[C@@H](C3CCCCC3)O,0.829303773
CC(=O)c1c(Cl)c(C(=O)NOC[C@H](O)CO)c(Nc2ccc(I)cc2F)n1C,1.716020047
CN(C)S(=O)(=O)CCCS(=O)(=O)N(C)Cc1ccc(Br)cc1,1.471524683
CN[C@H]1CC[C@@H](c2ccc(Cl)c(Cl)c2)c2ccccc21,2.079181246
O=C(N[C@H](Cc1c[nH]c2ccccc12)C(=O)Nc1ccncc1)c1ccc(N2CCN(c3cccc(C(F)(F)F)c3)CC2)cc1F,0.9029814
O=c1cc(-c2ccc(F)cc2)ncn1C1CCCC1,0.8219884885
CCCc1nc(C#N)c(NCc2ccc3c(c2)OCO3)o1,0.8189059445
CC(C)CC(O)(c1cccc(C(F)(F)F)c1)c1nc(-n2ccc(NC(=O)c3cscn3)cc2=O)c[nH]1,1.204174266
CCc1c(N2CCOCC2=O)cccc1S(=O)(=O)N[C@@H](CNC(=O)c1ccc(Cl)s1)C(=O)N1CCC(O)CC1,1.793271116
CC1(C)OC(=O)C2(Cc3ccccc3N3CCC(c4ccccc4)CC32)C(=O)O1,0.5793097475
CCOC(=O)C(C1=C(C2=CC=CC=C2OC1=O)O)C3=C(C4=CC=CC=C4OC3=O)O,1.011570444
Nc1nccc(-c2ccc3nc(C4COc5ccc(C(=O)NC6CC6)cc5C4)[nH]c3c2)n1,1.897737025
Cc1cccc(NC(=O)c2nc(C)n(-c3ccc(C(F)(F)F)cc3)c2C)n1,2.477121255
Cn1cc(-c2cccc3ccccc23)cc1C(=O)N1CCC(CO)CC1,1.402383042
OC1C2CC3CC1CC(C2)C3(Cc1nnn[nH]1)c1cccc(-c2ccccc2)c1,1.517117578
CC(C)OC(=O)C1=CN(C(=O)c2cccc(OCCN3CCOCC3)c2)CC(C)(C)c2c1[nH]c1ccccc21,0.477121255
Cn1c(-c2nccs2)c(C2CCCCC2)c2ccc(C(=O)NC(C)(C)C(=O)Nc3ccc(/C=C/C(=O)O)cc3)cc21,1.462368046
CC(C)(O)CCCn1c(Cn2c(=O)n(C3CC3)c3ccncc32)nc2ccccc21,1.114010162
Cc1nc(N2CCN(C)CC2)c2nc(-c3ccccc3C)n(C3CCOCC3)c2n1.Cl,1.083733639
CC(C)S(=O)(=O)c1ccccc1Nc1c(Cl)cnc(Cl)c1Cl,1.58897136
O=[N+]([O-])c1cn2c(n1)OC[C@@H](OCc1ccc(-c3ccc(Cl)c(C(F)(F)F)c3)cc1)C2,2.69790644
CN1C=C(C=N1)C2=C3C=NNC(=O)C4=C3C(=CC(=C4)NC(=O)[C@@H](C5CCCCC5)N)N2,2.009153332
N#Cc1c[nH]c(C(=O)Nc2ccc(C3CC(=O)NC(=O)C3)cc2C2=CCCCC2)n1,1.696992623
Cn1cnc2cc(Br)c(-c3ccccc3Cl)c(CN)c21,2.245463313
Clc1nc2cccnc2n2nc(-c3ccco3)cc12,0.8031543345000001
O=S(=O)(c1ccc(C(F)(F)F)cc1)N1C2Cc3[nH]ncc3C1CC(c1ccc(-n3ccnc3)cc1)C2,2.1714668715
COc1cc2[nH]c(C)c(/C=C/C(=O)OC(C)(C)C)c(=O)c2cc1Cl,1.780317312
O=C1c2[nH]ncc2C(C2CC2)N(S(=O)(=O)c2ccc(C(F)(F)F)cc2)C1C1CC1,1.715368522
COc1cc(=O)n2c(c1C(=O)Nc1cccc3c1CCCC3)CCCC2,1.1271721975000002
Cl.Nc1ccc(CCNC[C@H](O)c2ccccc2)cc1,1.824562364
Cc1cccc(/N=c2/ncc3c([nH]2)CC(c2ccc(F)cc2)CC3=O)c1,0.937634855
CC(C)C1CC(C(=O)Nc2ncc(SCc3ncc(C(C)(C)C)o3)s2)CCN1,1.2336816065
Cn1c(-c2ccccn2)c(C2CCCC2)c2ccc(C(=O)NC3(C(=O)Nc4ccc(/C=C/C(=O)O)cc4)CCC3)cc21,1.929521101
c1ccc(C2CCCN2Cc2ccc3occc3c2)nc1,1.6792923265000002
CC1=C(C=C(C=C1)NC(=O)CCC(=O)N/N=C/C2=CC=C(O2)[N+](=O)[O-])C,1.626792932
Cl.O=c1n(C(CO)CO)c2ccccc2n1C1CCN(C[C@H]2[C@H]3CC[C@H](C3)C23CC3)CC1,1.415667609
CCCNC(=O)C1CCN(C(=O)c2cc3ccccc3n2Cc2ccc(OC)cc2)CC1,0.424848982
COCCn1c(-c2ccccc2Cl)nc2c(N3CCN(C(C)=O)CC3)nc(C)nc21.Cl,1.296830995
O=C(/C=C/c1cccc2c1N(Cc1ccc(Cl)cc1Cl)C(=O)C2)NS(=O)(=O)c1ccc(F)c(F)c1,1.532157228
Nc1c(-c2ccc([C@H]3CC[C@H](CC(=O)O)CC3)cc2)cnc2ccnn12,3.135258112
CCOC(=O)C(CC)c1cc(C#N)c(C#N)cc1O,1.5165472445
CN(C(=O)c1ccc(C(=O)c2ccccc2)cc1)c1ccccc1,0.5962276904999999
O=C(NCc1ccc(S(=O)(=O)N2CCCCC2)cc1)c1ccc2nccn2c1,1.568118514
CC(C)(C)OC(=O)NCCNC(=O)Cc1cc(=O)oc2cc(O)ccc12,3.315766141
CC12CC3CC(C)(C1)CC(NC(=O)NCc1cc(-c4ccco4)on1)(C3)C2,0.553834649
O=C(N[C@@H](Cc1c[nH]c2ccccc12)C(=O)Nc1ccncc1)c1ccc(-c2ccc(Cl)cc2)cc1F,1.544043227
C[C@H]1CN(c2nnc(-c3ccncc3)c3ccccc23)CCN1C(=O)c1ccccc1,2.295268828
Cc1noc(C)c1Cc1nc(-c2c(Cl)nc3sccn23)no1,1.0022223745
CC(C)CCn1nc(C2=CCCC2)c(O)c(C2=NS(=O)(=O)c3cc(NS(C)(=O)=O)ccc3N2)c1=O,1.748172516
CCC1(C(=O)Nc2cc(CN3CCOCC3)c(C)cn2)CCCCC1,0.256761023
Nc1ncnc2nc(-c3ccc(N4CCOCC4)nc3)cc(-c3cccc(Br)c3)c12,2.223717855
CC1(C)C(=O)N(c2ccc(C#N)c(C(F)(F)F)c2)C(=S)N1c1ccccc1,1.66833238
O=C(NCCc1ccc(F)nc1)c1ccnc2[nH]c(-c3ccc(F)cc3)nc12,1.120305912
Cn1ncc2c(NNC(=O)c3ccc(O)cc3)ncnc21,2.195166362
O=C(NCc1ccc(S(=O)(=O)c2ccc(N3CCOCC3)nc2)cc1)c1cc2cnccc2[nH]1,1.859033917
COc1ccc(-c2cc(-c3ccc(S(C)(=O)=O)cc3)cnc2N)cn1,2.448675408
C[C@]1(F)CCC[C@H]1Nc1c(C(N)=O)cnn2cccc12,1.300986564
O=[N+]([O-])c1cn2c(n1)OC(COC1CCN(c3ccc(F)cc3)CC1)CC2,1.574177305
O=c1[nH]c(C2COc3ccccc3C2)nc2ccc(-c3cn[nH]c3)cc12,1.819543936
CC1=C(C(=CC=C1)C)NC(=O)[C@H]2CCCCN2C,2.079181246
Fc1cc(-c2cc[nH]/c(=N/c3ccc(-n4cnc(N5CCOCC5)n4)cc3)n2)cc(N2CCOCC2)c1,1.414973348
CC(=O)Nc1ccc(C(F)(F)F)cc1,1.77815125
CCCN(CCCNc1ccnc2cc(Cl)ccc12)Cc1ccc(C)o1,1.16625187
COc1cccc(CNC(=O)c2c[nH]c3nc(-c4cn[nH]c4)ccc23)c1,1.176091259
Cc1ccc(N(CCO)C(=O)Nc2ccc(-c3ncnc4[nH]cc(C)c34)cc2)cc1,1.748172516
CC1=C2C[C@H]3[C@@H](CC[C@@H]4C[C@@H](O)CC[C@@]43C)[C@@H]2CC[C@@]2(C1)O[C@@H]1C[C@H](C)CN[C@H]1[C@H]2C,1.300986564
C1=CC(=C(C=C1C#N)F)C(=O)NC2=CC(=C(C=C2)Cl)C3=NC4=C(O3)C=CC(=C4)Cl,1.188365926
CC(=O)N1CC(c2nc(C)c3sc4cc(OCc5ccc6ccccc6n5)ccc4n23)C1,1.77815125
NCc1ccc(C(=O)NC(c2ccc(Cl)cc2)c2nc3ccc(-c4cn[nH]c4)cc3c(=O)[nH]2)cc1,2.62324929
Nc1ncnc2c1c(-c1cccc(OCc3ccccc3)c1)cn2[C@H]1C[C@H](CN2CCCC2)C1,2.3023947715
CCC(C)S(=O)(=O)NC(=O)c1ccc2c(C3CCCCC3)c3n(c2c1)CC1(C(=O)N2C4CCC2CN(C)C4)CC1c1cc(OC)ccc1-3,1.255272505
CC(C)N1C(=O)C(=O)N=C1/N=C(\NOCc1ccccc1)Nc1ccc(Cl)c(Cl)c1,1.109578547
Cc1cccc(NC(=O)C2ON=CC2C(=O)N2CCOCC2)c1,2.8745753255
CCCNC(=O)[C@@H]1CCCN1C(=O)c1cc2sc(Br)cc2n1Cc1ccc(OC)cc1,1.260023661
O=c1c2ccc(Cl)cc2ncn1CCS(=O)(=O)c1cc(Cl)ccc1Cl,1.941726909
Cc1cc(=O)c(Oc2ccc(Br)cc2F)c(-c2ccc(S(C)(=O)=O)cc2)o1,0.991556871
CN1CCC(Nc2ccc3ncc(-c4cnc(Nc5ncccc5F)nc4)n3n2)CC1,3.13747588
C[C@H]1CN(c2nnc(-c3ccc(Cl)cc3)c3ccccc23)CCN1C(=O)c1ccccc1,2.295268828
CCc1nc(N)nc(N)c1-c1ccc2c(c1)N(CCCOC)C[C@H](C)O2,1.505122834
CN1CCN(CC1)CCCOC2=CC3=NC(=CC(=C3C=C2OC)NC4=CC(=C(C=C4Cl)Cl)OC)C#N,1.202488317
CCc1nn(CCO)c(C(F)(F)F)c1Cc1cc(Cl)cc(Cl)c1,1.505122834
CCS(=O)(=O)c1ccc2[nH]c(N3CCOC(c4ccc(OC)cc4)C3)nc2c1,1.994238833
COC1=C(C=NC=C1)C(=O)NC(=O)NC2=CC(=C(C=C2)C3=CC=CC=C3)C(F)(F)F,2.079181246
CNCC1(c2ccc(-c3ccccc3)cc2)CCCCC1,1.875061263
Cn1nc(-c2ccncc2)cc1NC(=O)[C@H](Cc1ccccc1)NCC(=O)O,2.295268828
C[C@](O)(c1ccc(C(=O)N(C2CC2)[C@H]2CC[C@](CCC(N)=O)(c3ccccn3)CC2)cc1)C(F)(F)F,2.295268828
CCCn1ccc2cc(N3CCOCC3)cc(Cl)c2c1=O,1.126759158
CCOC(=O)C(C)n1nc(-n2cccn2)ccc1=O,0.256761023
Cc1noc(-c2ccc3c(c2)c2c(n3CCCSc3cc(F)cc(F)c3)CCC(F)(F)C2)n1,0.9029814
CC(CO)Oc1cc(-n2nc3c(c2Cl)CCCC3)c(F)cc1Cl,1.183887616
COCCCc1ccc(Cl)c(CN(C(=O)[C@@H](CN)Cc2ccc(OCCOc3c(Cl)cc(C)cc3Cl)cc2)C2CC2)c1,3.0705129025
CC(C)(C)c1cc(NC(=O)[C@@H]2C[C@@H](O)CN2C2CCCCC2)on1,1.944581364
CN1CC2CCC(C1)N2C(=O)[C@]12C[C@H]1c1cc(F)ccc1-c1c(C3CCCCC3)c3ccc(C(=O)NS(=O)(=O)C4(F)CC4)cc3n1C2,2.079181246
N#C/N=C(\NCc1ccc(S(=O)(=O)c2ccccc2)cc1)Nc1ccncc1,2.707052496
N#CCCN[C@H]1CC[C@H](n2cnc3cnc4[nH]ccc4c32)CC1,2.477121255
CC1c2cccn2-c2sc3c(c2CN1C(=O)NC1CCCC1)CCCC3,0.654701031
CC(C)Oc1ccc(C(=O)O)cc1NC(=O)c1cccn1C,1.986354478
CC(C)(C)c1cc(NC(=O)[C@@H]2CCCCN2C(=O)N2CCSCC2)no1,0.698952632
O=c1c(Br)c(OCc2ccc(F)cc2F)ccn1Cc1cccc(F)c1,1.628360154
Cc1ccc(C)c(NC(=O)N2CCc3[nH]cnc3C2)c1,2.7388890605
N#CC1(n2cc([C@H](CC3CCCCC3)NC(=O)c3ccsc3)nn2)CC1,1.00008685
CCOCCOC(=O)C(C)Oc1ccc(Oc2ncc(Cl)cc2Cl)cc1,0.4727384835
CCCCCSc1nc2cc(OC)ccc2[nH]1,0.568225199
CCOc1cc(Cl)cc2c1n(C)/c(=N/c1ccc(OC(F)(F)F)cc1)n2Cc1ccc(C(=O)Nc2nnn[nH]2)cc1,1.680706944
Cc1cc(C)cc([C@@H](CC(C)C)NC(=O)c2cc(COc3ccc(C)nc3)ccc2CCC(=O)O)c1,1.308644046
O=C(NCc1ccc(S(=O)(=O)N2CCCCC2)cc1)c1cc2ccncc2s1,0.823296078
Cl.NC1CCN(c2nc3c(cc2F)c(=O)c(C(=O)O)cn3-c2ccc(F)cn2)C1,2.239796794
CC(C)CCN(C)C1CCN(S(=O)(=O)c2ccc(C3CCCCC3)cc2)CC1.Cl,1.6324472060000002
CON(Cc1cc(C(=O)NOCCO)c(Nc2ccc(I)cc2F)c(F)c1F)C(C)=O,1.80631567
COc1cc2c(N3CCN(C(=O)Nc4ccc(OC(C)C)cc4)CC3)ncnc2cc1OCCN1CCCCC1,1.929521101
Cc1nc2c(N)ncnc2n1[C@@H]1O[C@H](CN(C)C/C=C\CNC(=O)OCc2ccccc2)[C@@H](O)[C@H]1O,1.380211242
CCOC(=O)C1(C(=O)OCC)Cc2ccccc2C(C)(c2ccccc2)C1,1.0075511895
O=c1[nH]c(C2COc3ccc(F)cc3C2)nc2ccc(-c3cn[nH]c3)cc12,2.155275293
O=C(Nc1ccc(Oc2cccnc2)c(C(=O)NCc2ccc(Cl)c(Cl)c2)c1)OCc1ccccc1,0.654701031
Cc1cnc(N)nc1OCC(C)(C)C,1.477121255
O=[N+]([O-])c1cn2c(n1)OCC(COc1ccc(-c3ccc(F)cc3)nc1)C2,2.107042763
CCn1cc(N(CC(C)C)C(=O)c2nncc3ccccc23)cn1,2.39610182
COC(=O)c1nccnc1C1=NC(C)(C(C)C)C(=O)N1,1.7389872975
CC(=O)c1cccc(NC(=O)c2ccc(C(C)(C)C)cc2)c1,1.2067585900000002
CC(=O)NCCn1c(-c2ccccc2Cl)nc2c(N3CCN(C)CC3)nc(C)nc21.Cl,0.256761023
CC(C)(C)n1cc(Nc2cccc(F)c2C#N)cn1,1.3087215575000002
N#CC1(n2cc([C@H](CCc3ccccc3)NC(=O)c3ccsc3)nn2)CC1,1.114010162
OC1C2CC3CC1CC(C2)C3(C#Cc1ccccc1)Cc1nnn[nH]1,1.734181218
CCC(C)(C)C(=O)N(O)Cc1cc(F)cc(F)c1F,1.823474229
CCCn1nccc1-c1csc(S(=O)(=O)Nc2ccccc2)c1,0.4641141995
CCOc1cccc(CNC(=O)c2c(OCC(C)C)cc(=O)n3c2CCCCC3)c1,0.654701031
Cn1c(-c2cccnc2)c(C#N)c2ccccc21,1.00008685
CCCOC(c1ccc(Cl)cc1Cl)C(SC(C)(C)C)n1cnc(C)c1,1.514160018
COc1ccc(C)cc1NS(=O)(=O)c1cn(C)nc1C,2.1556045260000003
COc1ccccc1CNc1ncc(C(=O)NCCCN2CCCC2=O)c(NC2CCCC2)n1,1.146065989
O=S(=O)(c1ccc(Cl)cc1)N1C2Cc3[nH]ncc3C1CC(/C=C\Cl)C2,1.024338273
NCCCNc1nnc(-c2ccc(F)c(F)c2Nc2ccc(I)cc2F)o1,1.602081706
Cc1cc(NCc2cc(-c3cnn(C)c3C)no2)c(Cl)cc1F,1.1027801245
CCOC(=O)CCCc1nc2cc(N)ccc2n1C,0.7134093315
Cc1nc2ccc(NCc3cccc(C(F)(F)F)c3)cc2n(CCNC(=O)CO)c1=O,1.554654651
CCOC(=O)c1c(C)c(CCC(=O)NCCN2CCCCC2)n(C)c1C,1.6760538005
CN(C)CCOc1cc(-c2cn[nH]c2)ccc1NC(=O)C1COc2ccc(F)cc2C1,1.748172516
Cc1oc(-c2ccccc2)nc1CNC1(c2ccccc2)CCOCC1,0.5901250905
COc1cccc2c1Oc1ccsc1C=C2C#N,1.9742123545
O=C(N1CCn2c1nc1ccccc12)C1(c2cccs2)CCCC1,0.572680848
Cc1cccc([C@H](C(N)=O)[C@@H](CCC(F)(F)F)C(=O)N[C@H]2N=C(c3ccccc3)c3ccccc3N(C)C2=O)c1,0.673603868
COC(=O)N[C@H](C(=O)N1CCC[C@H]1C(=O)Nc1ccc([C@@H]2CC[C@@H](c3ccc(NC(=O)[C@@H]4CCCN4C(=O)[C@@H](NC(=O)OC)C(C)(C)C)cc3)N2c2ccc(F)cc2)cc1)C(C)(C)C,1.5024178
O=C(CC1(c2ccccc2)C2CC3CC1CC(C2)C3O)N1CC(O)C1,1.8644191115
CCC(C)(C)C(=O)N(O)Cc1ccc(F)c(F)c1F,1.723472091
Nc1nccc2cc(O[C@H]3CCCNC3)ccc12,2.079181246
O=S(=O)(c1ccc(Cl)cn1)N1c2ccc(F)cc2-c2n[nH]cc2C1C1CC1,1.638486293
C[C@H](Cc1cccc(CC(=O)NCC23CC4CC(CC(C4)C2)C3)c1)NC[C@H](O)c1ccc(O)c(CO)c1,0.301029996
Cc1c(C(=O)O)sc2[nH]c(=O)n(CC(C)C)c(=O)c12,1.960817391
Cc1ccc(N2N3C(=O)OC4(C)CCC(C2(C)C)C34C)cc1,0.5151261365
O=C1CCC2=C1C(c1ccccc1)Nc1ccccc1N2,2.1688341315
CC(C)c1nc2cc(N3CC(=O)C(c4nc(-c5ccccc5)cs4)=C3N)ccc2[nH]1,2.3871102
CC(C)(C1=CC2=C(C=C1)N(C=N2)C3=CC=CC(=C3)C4=CC=CC=C4C#N)O,2.079181246
C=C(C)[C@@H]1CC[C@]2(C(=O)NCc3cccc(C(=O)NCCNC(C)=O)c3)CC[C@]3(C)[C@H](CC[C@@H]4[C@@]5(C)CC[C@H](OC(=O)CC(C)(C)C(=O)O)C(C)(C)[C@@H]5CC[C@]43C)[C@@H]12,1.080669764
Cc1nn(C)cc1-c1csc(Nc2ccc(C(=O)N3C4CCC3CN(c3ncc(C(F)(F)F)cn3)C4)cn2)n1,2.251494747
Cc1ccc2c(-c3cn4c(C)c(C)sc4n3)c(C)[nH]c2c1.Cl,1.515634488
O=C(Nc1ccc(-c2ccc(OC(F)(F)F)cc2)cc1)N[C@@H]1COc2nc([N+](=O)[O-])cn2C1,2.644415838
O=[N+]([O-])c1cn2c(n1)OC(COc1ccc(-c3ccc(F)cc3F)nc1)CC2,1.716697605
N#Cc1ccc(CNC(=O)c2ccc(OCCC(F)(F)F)nc2)c(Cl)c1,2.274111645
CC1(C)CC[C@]23CC[C@@]4(C)[C@]5(C)CC[C@H]6C(C)(C)C(=O)C(C#N)=C[C@]6(C)C5=CC(=O)[C@@]4([C@@H]2C1)N(C1CCCCC1)C3=O,1.591064607
Cc1cnc(NCCc2ccc(F)cc2)c(=O)n1CC(=O)NCCONC(=N)N,1.222664457
Cc1cc(OC[C@@H]2CCN2)on1,1.9205515985
CS(=O)(=O)N1CCC(C(=O)N(CCCN2CCC(Cc3ccc(C(=O)O)cc3)CC2)c2ccc(Cl)c(Cl)c2)CC1,2.350337411
COc1cc(C(=O)c2ccc(-c3csc(N)n3)cc2-n2cncn2)cc(OC)c1OC,1.910704037
CCCOc1cc(C(F)(F)F)cc2c1n(C)/c(=N/c1ccc(OC(F)(F)F)cc1)n2Cc1ccc(C(=O)Nc2nnn[nH]2)cc1,1.910704037
OC(CN1CCCC1CC1CCCCC1)Cn1cccn1,1.5456059755
CCc1nc(N)nc(N)c1-c1ccc2c(c1)N(CCC(=O)OC)CCC2,0.698952632
CC[C@H]1OC(=O)[C@H](C)[C@@H](O[C@H]2C[C@@](C)(OC)[C@@H](O)[C@H](C)O2)[C@H](C)[C@@H](O[C@@H]2O[C@H](C)C[C@H](N(C)C)[C@H]2O)[C@](C)(O)C[C@@H](C)CN(CCN(CCC#N)C(=S)NCCc2ccccc2)[C@H](C)[C@@H](O)[C@]1(C)O,2.079181246
CN/C(=N/c1cc(C)nn1-c1ccccc1)c1cccs1,1.171902144
COc1ccc(/N=c2/nc(NCCN3CCOCC3)nc(Nc3ccc(OC)cc3)[nH]2)cc1,1.2208192005
O=C(O)c1ccc(CN2[C@@H]3CC[C@H]2C[C@@H](Nc2ccc(Oc4ccccc4)cc2)C3)cc1,2.827458666
c1cc2c(ncc3nnn(CC4CCNCC4)c32)[nH]1,1.892094603
CCOCCn1nc(CC)c2nc(N3CCC(C(=O)O)CC3)nc(Nc3cc(C)ccn3)c21,2.174113878
C1CCC2(C1)CC(=O)N(C(=O)C2)CCNC[C@H]3COC4=CC=CC=C4O3,0.916980047
CC[C@H]1OC(=O)[C@H](C)[C@@H](O[C@H]2C[C@@](C)(OC)[C@@H](O)[C@H](C)O2)[C@H](C)[C@@H](O[C@@H]2O[C@H](C)C[C@H](N(C)C)[C@H]2O)[C@](C)(O)C[C@@H](C)CN(CCNC(=S)NCc2ccccc2)[C@H](C)[C@@H](O)[C@]1(C)O,2.079181246
O=c1n(Cc2nc3ccccc3n2CCCCF)c2cnccc2n1C1CC1,1.041313715
CN1N=C(c2ccc(-n3cncn3)cc2)CC1c1cnn(C)c1,2.861468275
C=C[C@@H]1C[C@]1(NC(=O)[C@@H]1C[C@@](OC)(c2ccc(-c3ccc(OC)cc3)cc2)CN1C(=O)[C@@H](NC(=O)OC1CCCC1)C(C)(C)C)C(=O)NS(=O)(=O)C1CC1,1.707570176
CS(=O)(=O)N1CCC[C@@H]1CNc1ncnc2nc[nH]c12,2.5726089635
CN1CCCn2nc(C(=O)N(C)Cc3cc4cc(F)ccc4[nH]3)cc2C1,1.4251421515
CC(C)C(=O)N1CCC(NC(=O)c2cc3cc(Cl)ccc3[nH]2)C(NC(=O)c2nc3c(s2)CN(C)CC3)C1,0.803457116
CC1CCN(c2c(Cl)cc(Cl)cc2Cl)S(=O)(=O)N1CC(=O)N[C@H]1C2CC3CC1C[C@](C(N)=O)(C3)C2,2.52642867
CCOc1ccc(C(c2nnnn2Cc2ccccc2)N2CCCN(C3CCC3)CC2)cc1,1.079181246
CC1C[C@@H]2[C@H](CC[C@]3(C)C(c4cccnc4)=CC[C@@H]23)[C@@]2(C)C=CC(=O)C=C12,8.68502e-05
Cc1nc(-c2cccc3ccccc23)sc1C(=O)N1CCC(CO)CC1,1.49224112
Cc1ccc(N(CCO)C2=NS(=O)(=O)c3ccccc32)cc1,1.226976056
COC(=O)CNC(=O)C(C)NC(=O)/C=C/c1cc(-n2nc(C)n(C(F)F)c2=O)c(F)cc1Cl,1.4971011614999998
O=C(c1ccc(CN2CCC(F)CC2)cc1)N1CCN(C2CC2)CC1,1.763756478
CC(C)C[C@@H](N)C(=O)Nc1cc2cc[nH]c(=O)c2cc1Cl,1.204174266
O=C(c1ccc(Oc2cccc(Cl)c2)nc1)N1CCCN(C2CCC2)CC1,3.012537144
O=C(CS)NCCCCCNc1c(Cl)cc(Cl)c2cccnc12,1.595923393
CN(C)CCN(c1ccncc1)c1ccc(-c2ccc3c(C(N)=O)nn(-c4ccc5onc(N)c5c4)c3c2F)c(F)c1,1.025296545
Cc1[nH]c2ccccc2c1CC(=O)N1Cc2ccc(/C=C/C(=O)NO)cc2C1,2.237995893
COc1cccc(CN(CCN2CCCC2)C(=O)c2cc3ccc(-c4cn[nH]c4)nc3[nH]2)c1,1.322219295
Fc1ccc(OC(CC2CNC2)c2ccc(Cl)c(F)c2)cc1,2.107042763
CC(C)c1ccc(CCCNS(C)(=O)=O)cc1,1.6659553555
CC(C)CCn1nc(N2CCCC2)c(O)c(C2=Nc3ccc(NS(C)(=O)=O)cc3S(=O)(=O)N2)c1=O,1.00008685
Cl.O=C(NC1CCN(Cc2ccc(OC3CCNCC3)c(Br)c2)CC1)c1cc2cc(F)ccc2n1S(=O)(=O)c1ccccc1,1.6001807769999998
NC1CN(Cc2ccccc2)CC1c1ccc(Cl)cc1Cl,2.255272505
COc1ccc(O[C@H]([C@H](Oc2ccc(OC)cc2)c2cnc(N(C)C)nc2)[C@@H](COC(c2ccccc2)(c2ccccc2)c2ccccc2)OS(C)(=O)=O)cc1,2.215178146
CS(=O)(=O)Nc1ccc2c(c1)S(=O)(=O)N=C(C1=C(O)[C@@H]3[C@@H]4CC[C@@H](C4)[C@@H]3N(Cc3ccc(F)cc3)C1=O)N2,2.408072758
CCn1c(=O)n(CC)c2cc(NS(C)(=O)=O)c(Br)cc21,2.631379883
C[S+]([O-])c1cncc(CC(NC(=O)c2c(Cl)cc3c(c2Cl)CCN(C(=O)c2ccc4ccoc4c2)C3)C(=O)O)c1,2.607886123
C/C(=C(\C1=C(C=C(C=C1)Cl)Cl)/OCCOC2=CC=C(C=C2)Cl)/N3C=CN=C3,1.004751156
CC1=C2C(=NC3=C(C(=O)CCC3)C2c2ccc(C#N)cc2)N(c2nc(C)cc(C)n2)N1,1.6567800415
CC(C)Oc1ccccc1N1CCN([C@H]2CC[C@@H](NS(=O)(=O)c3ccc(S(C)(=O)=O)cc3)CC2)CC1,0.397974751
COc1ccccc1N1C(=N)C(C)(C(C)C)NC1=O,2.566012838
CC(=O)c1c(NCc2ccc(Cl)cc2)n(C)c2ccccc2c1=O,0.801175592
CCCN(Cc1nnc(-c2ccco2)o1)C(=O)COc1c(Cl)cc(Cl)c2ccc(C)nc12,2.0815676205
O=C(NCc1ccccc1)[C@@H]1CCC[C@H]1C(O)CCc1ccc(OC(F)(F)F)cc1,1.537486824
CN1C(=O)C(CC(F)(F)F)N(CCC(F)(F)F)c2nc(-n3ccnc3-c3ccc(F)cc3)ncc21,1.039851917
O=[N+]([O-])c1cn2c(n1)OC[C@@H](OCc1nnn(-c3ccc(OC(F)(F)F)cc3)n1)C2,3.135258112
O=C(NCc1cn2ccsc2n1)c1c[nH]c2nccc(Cl)c12,1.633337647
CC1=CC(=O)N(Nc2nc(-c3cccs3)nc3sc(C)cc23)C1=O,1.593107241
O=C(Nc1c(C(c2ccc(Cl)cc2)N2CCN(CCO)CC2)oc2ccccc12)c1cccs1,1.2034158014999998
COc1cnc(C(=O)Nc2cc(F)c(F)c([C@]3(C)C[C@@H](c4c(C)noc4C)SC(N)=N3)c2)cn1,1.517117578
CN(C)CC1(c2cccc3ccccc23)CCCCC1,1.397974751
Cc1cc(OCC(O)CN2C(C)(C)CC(O)CC2(C)C)ccc1C(C)C,1.188930476
CC(=O)Nc1cc2ccc(OC(C)=O)cc2oc1=O,0.8531145259999999
CC(C)[C@]1(C(=O)N2C[C@@H]3C[C@H]2CN3C(=O)CCC(F)(F)F)CC[C@@H](NC2CCOCC2F)C1,2.079181246
COC(=O)c1sccc1NC(=O)c1cn(C)c(=O)cc1OC,0.8029466894999999
Nc1nc(N2CCNCC2)c2ccc(-c3ccco3)cc2n1,3.008082491
CS(=O)(=O)Nc1ccc2c(c1)S(=O)(=O)N=C(C1=C(O)C3CCCC3N(Cc3ccc(Cl)cc3)C1=O)N2,2.596298824
NCC1(c2cccs2)CCCCC1,2.42327865
CNC(=O)COC[C@H](C)[C@H]1CC[C@@H](C)[C@@H](N(C)c2ncnc3[nH]ccc23)C1,1.462368046
CCc1nc(N)nc(N)c1-c1ccc2c(c1)N(CCCOC)C(=O)C(CC)(c1cc(F)cc(F)c1)O2,1.255272505
CC(C)(C)c1ccc(NC(=O)N2CCCN(C(=O)C3CCCCC3)CC2)cc1,0.602081706
CN(C)CCCN1C(C2=C(C1=O)OC3=C(C2=O)C=C(C=C3)Cl)C4=CC(=C(C=C4)OC)OC,2.079181246
CC(=O)O[C@H]1C[C@H]2[C@@H]([C@H](OC(C)=O)C[C@@H]3CC4(CC[C@@]32C)OOC(C)(C)OO4)[C@@H]2CC[C@H]([C@H](C)CCC(=O)N(C)C)[C@@]12C,1.690213806
CN(C)CC1(c2ccc3ccccc3c2)CCCCC1,1.300986564
CC(C)CCn1nc(-c2cccs2)c(O)c(C2=NS(=O)(=O)c3cc(C4CCCC4=O)ccc3N2)c1=O,1.643432935
Cn1c(=O)cc(N2CCC[C@@](C)(N)C2)n(Cc2cc(F)ccc2C#N)c1=O,2.300986564
OCC(O)Cn1c(-c2ccc(F)cc2)nc2ccccc21,2.207307504
c1ccc(CNCCCCN(C[C@H]2Cc3ccccc3CN2)[C@H]2CCCc3cccnc32)nc1,0.711434121
Cc1ccc(-c2cc(CNC(=O)NCC34CC5CC(CC(C5)C3)C4)no2)cc1,0.575892713
C1CN(CCN1C2=CC=C(C=C2)F)C(=O)CSC3=NC4=CC=CC=C4N3CC5=CC(=CC=C5)Cl,-0.091514981
FC(F)(F)c1ccccc1-c1ccc2[nH]c(/C=C/C3CCCCC3)nc2c1,1.629921508
CC1=CC(=C(C(=C1/C=C/C(=C/C=C/C(=C/C(=O)O)/C)/C)C)C)OC,1.505285674
CS(=O)(=O)c1ccc([C@@H](CC2CCCC2)C(=O)Nc2cnccn2)cc1Cl,1.158402539
CC(C)(C)c1cc(NC(=O)[C@@H]2CCCCN2C(=O)N2CC[S+]([O-])CC2)no1,2.079181246
Cl.O=C(c1ccc(CN2CCOCC2)cc1)N1CCN(C2CC2)CC1,2.417242443
C[C@@H]1CN(C(=O)c2ccccc2)CCN1c1nnc(-c2ccc(C(F)(F)F)cc2)c2ccccc12,2.174113878
O=C(Cn1c(=O)oc2ccccc21)N[C@@H]1CCN(c2cnccn2)C[C@H]1O,1.1414101975
C=CCn1cc(Cl)cc/c1=N\C=C(/C#N)C(=O)OCC,1.5347574585
CN(Cc1cccs1)C(=O)C12CC3CC(CC(C3)C1)C2,1.77815125
Cc1ccc(-c2ccc(Cl)c(C(=O)NCC3(O)CCCCCC3)c2)nc1,1.540304443
O=S(=O)(c1ccc(C(F)(F)F)cc1)N1c2ncccc2-c2n[nH]cc2C1C1CC1,1.595614978
CCCNc1nc(C)cc(=O)n1Cc1ccc(-c2ccccc2-c2nnn[nH]2)cc1,0.743121017
N#Cc1c[nH]c(C(=O)Nc2ccc(C3CCN(C(N)=O)CC3)cc2C2=CCCCC2)n1,1.445566604
Cn1c(=O)cc(N2CCC[C@@H](N)C2)n(Cc2cc(F)ccc2C#N)c1=O,2.300986564
C[C@]12CCC(=O)C=C1[C@H](C[C@@H]3[C@@H]2[C@H](C[C@]4([C@H]3C[C@@H]5[C@]4(OC(O5)(C)C)C(=O)CO)C)O)F,1.254789687
C/C=C(/C(=C/C)/C1=CC=C(C=C1)OC(=O)C)\C2=CC=C(C=C2)OC(=O)C,2.079181246
Cc1nc(OC(F)F)ccc1Nc1nc(Cl)cn([C@H](C)C2CC2)c1=O,1.36210736
Nc1nc2n(c1C(=O)c1ccc(Br)cc1)CCCC2,2.801513505
CCCN(C)Cc1ccc(CCn2ccc(OCc3ccc(F)cc3)cc2=O)cc1,1.581767674
COc1ccccc1NC(=O)NC1Cc2ccccc2C1,1.417328318
COC(=O)c1cccc2[nH]c(NCc3c(C)nn(C(C)(C)C)c3C)nc12,1.207963237
O=C(NCc1ccncc1)c1cc(-c2ccc(Br)s2)n[nH]1,2.7678177465
CCOC(=O)Cn1c(=O)n(C2CCCCC2)c(=O)c2c3c(sc21)COC(C)(C)C3,1.447670783
CC(C)(C)c1nc2cc(S(=O)(=O)c3ccnc(F)c3)ccc2n1CC1CCOCC1,1.054883426
COc1nn(C)c(=O)n1-c1ccccc1NC(=O)c1ccc(Cl)cc1Cl,2.174805707
COc1cccc(CCSc2nc(N3CCOCC3)c3c(c2C#N)CC(C)(C)OC3)c1,1.216590022
CCn1cc(S(=O)(=O)N2CCc3n[nH]c(=O)n3CC2)cn1,1.469995976
CN(C)CCSc1nc(C2COc3ccc(C(=O)NC4CC4)cc3C2)nc2ccc(-c3cn[nH]c3)cc12,1.278799314
Cc1cc(OCc2ccc(F)cc2F)c(Br)c(=O)n1Cc1ccc(C(=O)N(C)C)cc1,1.771706237
Cc1c(CO)cccc1NS(=O)(=O)c1ccc(-c2ccc(F)cc2F)cc1,1.300986564
CC(C)(C)C[C@@H]1N[C@@H](C(=O)N[C@H]2C[C@H](NS(C)(=O)=O)C2)[C@H](c2cccc(Cl)c2F)[C@]12C(=O)Nc1cc(Cl)ccc12,1.726710912
CC1=C(SC2=C1N=C(N=C2N3CCOCC3)C4=CN=C(N=C4)N)CN5CCN(CC5)C(=O)C(C)C,2.079181246
COc1cccc(C2OC(CC(=O)O)c3noc(C(C)C)c3-c3ccc(Cl)cc32)c1OC,1.969362375
O=C(CCCCCNc1ncccn1)Nc1nc[nH]n1,3.0285741450000003
COc1cc(NC(=O)[C@H](Cc2c[nH]c3ccccc23)NC(=O)C2CCCCC2)ccn1,0.698952632
CC(C)CC1n2cncc2CN(C2(c3ccc(Cl)cc3)CC2)S1(=O)=O,1.278799314
O=C(Cn1nc2c(cc1=O)CCCC2)NCC1CCC(C(=O)O)CC1,2.9355003215
CNc1nccc(-c2[nH]c(C(F)(F)F)nc2-c2cccc(NC(=O)Cc3ccc(Cl)cc3)c2)n1,1.839228615
CCCN1C(=O)c2c(C(=O)NCc3ccc(N(C)C)cc3)ncn2CC1(C)C(=O)NCc1ccc(F)cc1,1.182632873
CC(=O)N[C@H]1CC[C@@]2(C)[C@H](CC[C@H]3[C@@H]4CC[C@@]5(CC(C)=C4C[C@@H]32)O[C@@H]2C[C@H](C)CN[C@H]2[C@H]5C)C1,1.77815125
O=C(Nc1ccccc1C(F)(F)F)N1Cc2c(sc3c2CCCC3)-n2cccc2C1c1ccccc1,1.034083233
O=S1(=O)CCN(CC2CCCO2)c2c(Oc3ccc(F)cc3)nc(F)c(Cl)c21,1.62764469
O=S1(=Nc2ccccc2)CCCCC1,2.114010162
CC(C)(C)Sc1nc2cc(Cl)c(N3CCN(CCO)CC3)cc2[nH]1,1.783298428
CC(C)(NC(=O)c1nn(-c2ccccn2)c2c1C[C@H]1C[C@@H]21)c1ccccc1,1.612762671
C=C[C@@H]1C[C@]1(NC(=O)[C@@H]1C[C@@H](Oc2cc(OCC)nc3c(Cl)cccc23)CN1C(=O)[C@@H](CC(=O)Nc1ccccc1)C(C)(C)C)C(=O)NS(=O)(=O)C1CC1,2.477121255
N#Cc1cccc(Nc2cccc3c2CN(c2cccc(C(=O)O)c2)C3=O)c1,1.583473068
CCC(CC)c1nn(CCCO)c2c1N=C(c1ccc(-n3ccnc3C)cc1)CNC2=O,0.77815125
CC(C)COc1ccc(Cc2cnc(N)nc2N)cc1,1.0899172135
Nc1nnc2sc3cc(Br)ccc3n12,0.256761023
O=C(NCc1ccc(S(=O)(=O)c2ccccc2)cc1)c1c[nH]c2ccncc12,3.315766141
COc1cccc(C2CNCC2C(=O)Nc2cc3cc[nH]c(=O)c3cc2Cl)c1,1.477121255
COC(=O)c1nc(C2CC(C(C)(C)C)=NO2)cc(N)c1Cl,1.481884189
CCN(CC)S(=O)(=O)c1cc(Br)cnc1N,1.3231705905
CC(C)S(=O)(=O)c1ccccc1C(=O)N1CC(C)(C)c2c(Cl)cccc21,1.262928296
CS(=O)(=O)c1ccc(-c2cnc(N)c(-c3ccc(C(F)(F)F)cc3)c2)cc1,2.397974751
CC(=O)/C(=C1\NC(C)(C)Cc2cc(C)c(C)cc21)c1ccccc1,0.835928133
CN1CCC2=C(C1)C3=CC=CC=C3CC4=CC=CC=C24,1.977540706
CC(C)C(=O)NCCS(=O)(=O)NC(=O)c1ccc(Nc2nc(NC3(c4ccc(Cl)cc4)CC3)nc(OCC(F)(F)F)n2)cc1,1.662358204
Cc1ccc(CSC2=NS(=O)(=O)c3ccccc32)cc1,0.256761023
C1=CC=C(C=C1)CCNC2=CC=CC=C2C(=O)O,1.376394442
CCCN(CCC)C(=O)c1cccc(C(=O)NN(Cc2ccc(Br)cc2)C(=O)CN[C@H](C(=O)NCc2cccc(OC)c2)C(C)C)c1,0.914114499
O=C(Nc1cnc(-c2ccncc2F)c(-c2ccncc2)n1)C1CC1,3.012537144
O=C(C1CC(=O)N(c2n[nH]c3ccccc23)C1)N1CCC(c2noc3cc(F)ccc23)CC1,1.7890286995
N[C@H]1CC[C@H](Nc2ccc3ncc(-c4cnc(Nc5ccccc5)nc4)n3n2)CC1,2.376433483
CONC(=N)c1ccc(-c2ccc(-c3ccc(C(=N)NOC)cc3)o2)cc1,0.83238116
CN(CC(=O)O)C(=O)c1cc(S(=O)(=O)N(C)C)cs1,1.984045976
CN1CCC[C@H]1C(=O)N1CCC(n2cnc3cnc4[nH]ccc4c32)CC1,2.450249108
CCc1c(C(=O)NCC(OC)C(C)(C)C)cnc2c1c(=O)n(C)c(=O)n2C,0.8246695575
Cc1nnc2c3ccccc3nc(-c3ccccc3Cl)n12,1.984947658
Cn1c(Nc2ccc(I)cc2F)c(C(=O)NOCCO)c2c1C(=O)CCC2,0.568225199
O=C(N[C@@H](Cc1c[nH]c2ccccc12)C(=O)Nc1ccncc1)c1ccc(-c2cccc(Cl)c2)cc1F,1.322219295
Cc1cc(Nc2ccc(Br)c(C(F)(F)F)c2)n2ncnc2n1,2.114010162
Cc1cc2ccccc2n1CCNC(=O)c1ccc(-n2cnnn2)cc1,1.5252746943333335
COc1ccc2ccccc2c1CNCc1ccc(F)cc1.Cl,1.0192938865
Cc1ccsc1[C@@](C)(O)[C@H]1CCCC2=Cc3c(-c4ccc(F)cc4)ncn3C[C@@]21C,0.295944447
OC1=C2C(=Nc3ccccc3NC2c2cccnc2)CC(c2ccccc2)C1,1.7393269965
Oc1cccc(C2C[C@H]3CC[C@H](C2)N3Cc2c(F)cccc2F)c1,1.6687146545
CC(C)(C)CCN1C(=O)C(C2=NS(=O)(=O)c3cc(NS(C)(=O)=O)ccc3N2)=C(O)C2CCCCCC21,1.431363764
COc1cc(/C=C/C#N)cc(Cl)c1Nc1ccnc(Nc2ccc(C#N)cc2)n1,0.88752538
C=CC[C@@H]1/C=C(\C)C[C@H](C)C[C@H](OC)[C@H]2O[C@@](O)(C(=O)C(=O)N3CCCC[C@H]3C(=O)O[C@H](/C(C)=C/[C@@H]3CC[C@@H](O)[C@H](OC)C3)[C@H](C)[C@@H](O)CC1=O)[C@H](C)C[C@@H]2OC,0.380211242
CCc1nc(-c2cccc(-c3noc(-c4sc(C)nc4C)n3)c2)cs1,2.0566073955000004
O=c1[nH]c2c(c(=O)n1-c1cccc(F)c1)S(=O)CC2,2.4248044475
Cn1c(Nc2ccc(I)cc2F)c(C(=O)NOCCO)c2c1C(=O)CC2,1.00008685
Cc1cc2cc(CN(Cc3cccs3)S(=O)(=O)c3ccc(F)cc3)c(=O)[nH]c2cc1C,0.9461673835
Cc1cccc(NC(=O)c2nn(C)c(-c3ccc(C(F)(F)F)cc3)c2C)n1,2.477121255
CN1CCc2nc(C(=O)Nc3c(CNC(=O)c4ccc(Cl)s4)cccc3C(N)=O)sc2C1,2.52642867
CCNCCNc1cc(-c2ccc(C(F)(F)F)cc2)c(C#N)c2nc3ccccc3n12,2.076516327
CNCc1ccc(-c2cccnc2)s1,1.982271233
Cc1cc(COc2ccc(S(=O)(=O)N3CCN(C4CCC4)C(C(=O)NO)C3)cc2)c2c(n1)CCCC2,1.227204795
CN=S(C)(=O)c1ccc(C(F)(F)F)cc1,2.114010162
CCOC(=O)c1cccc(NC(=O)CC2C(=O)N(c3ccc(Cl)cc3)C(=O)N2C2CCCC2)c1,0.8214069850000001
CN(C)C(=O)c1cccc(-n2sc3ccccc3c2=O)c1,1.725175078
O=C1N=C(O)N=C(O)/C1=C\NNC(=O)c1ccccc1O,2.2543642255
Cc1nc2ccc(-c3ccccc3Cl)c(CN)c2n1C,2.300986564
CC(C)(C)C[C@H](N)C(=O)N[C@H]1CC[C@@H]2CN(S(=O)(=O)c3ccc(C(F)(F)F)cc3)C[C@@H]21,1.377293865
Cc1cc(C)c2c(=O)n(CC(=O)NCc3ccc4c(c3)OCO4)c(=O)n(-c3ccccc3)c2n1,3.271496809
Cc1nc2c(N)ncnc2n1[C@@H]1O[C@H](CN(C/C=C\CNC(=O)OC(C)(C)C)C2CC2)[C@H]2OC(C)(C)O[C@H]21,0.397974751
CCNC(=O)C(C)N(c1ccccc1)S(C)(=O)=O,2.4536940645
O=[N+]([O-])c1cn2c(n1)OC[C@@H](OCc1ccc(-c3ccc(OC(F)(F)F)cc3)cc1OC(F)(F)F)C2,3.135258112
CC1=CC(=O)N(Nc2nc(-c3ccc(F)cc3)nc3sc(C)c(C)c23)C1=O,1.121188733
COc1cccc(CNC(=O)c2[nH]c3cc(-c4cn[nH]c4)ccc3c2CN2CCN(C)CC2)c1,8.68502e-05
Cc1[nH]c2ncnc(-c3ccc(NC(=O)N(CCO)c4ccc(Cl)cc4)c(F)c3)c2c1C,1.995635195
Cc1cc(C)cc([C@@H](CC(C)C)NC(=O)c2cc(COc3cccc(Cl)c3)ccc2CCC(=O)O)c1,1.176091259
O=[N+]([O-])c1cn2c(n1)OCC(COCc1ccc(OC(F)(F)F)cc1)C2,2.084328424
COc1cc(OC)c2c(=O)cc(-c3ccccc3)oc2c1,1.0558801215
Cc1cc(N2C(=O)CC(SCCN)C2=O)no1.Cl,1.8957971995
CCCC1(CCC)c2cc(NC(=O)[C@@H]3CCCN3C(=O)OC(C)(C)C)ccc2-c2ccc(NC(=O)[C@@H]3CCCN3C(=O)OC(C)(C)C)cc21,0.889708422
COc1c(-c2cc(C)n[nH]2)c(O)c(OC)c2occc12,0.96187508975
CC(NCc1cnc2cnccn12)c1ccc2c(c1)OCO2,1.3803176979999998
COc1ccccc1-n1nc(C2CCN(S(C)(=O)=O)CC2)cc1-c1ccc(Cl)cc1,1.662358204
COc1cc(CO)ccc1-c1cc2c(Nc3ccc(F)c(Cl)c3)ncnc2s1,2.193124598
O=C(O)CCCC(=O)N1N=C(c2c(-c3ccc(Cl)cc3)c3ccccc3[nH]c2=O)CC1c1ccc(Cl)cc1,1.1116606694
CC(C)Oc1cc(N2C=NN(C)CC2)ccc1[N+](=O)[O-],1.1247144725
COc1ccc(-n2nc(C(N)=O)c3c2C(=O)N(c2ccc(C4(N(C)CCO)CC4)cc2)CC3)cc1.O=C(O)C(F)(F)F,1.672079377
COCCOC1=C(C=C2C(=C1)N=CN=C2NC3=CC=CC(=C3)C#C)OCCO,2.079181246
CC(C)Oc1ccc(NC(=O)[C@@H]2C[C@@H]3CC[C@@H]2N(S(=O)(=O)c2cn(C)cn2)C3)cc1,2.211302473
C/C(=C\c1ccc(C(=O)O)cc1)CN1CCN(c2ccccn2)CC1,1.4688839420000002
O=C(N[C@H](Cc1c[nH]c2ccccc12)C(=O)Nc1ccncc1)c1ccc(N2CCN(c3ccc(C(F)(F)F)cn3)CC2)cc1F,1.114010162
Cc1nc(N2CCC(NC(=O)C(C)C)CC2)nc2ccc(NC(=O)COc3ccc(Cl)cc3)cc12,1.150725122
CCc1cc2c(nc(-c3ccccc3)n3nnnc23)s1,2.4637146110000003
COc1ccc(-c2cc(-c3ccc4nccn4c3)cnc2N)cn1,2.164293359
Cc1cc(C)c(S(=O)(=O)N2CCN(c3cc(C)nc(N4CCCC4)n3)CC2)c(C)c1,0.444573317
O=c1n(Cc2nc3ccccc3n2CCCCO)c2cnccc2n1C(F)F,1.977632165
O=C1Nc2ccccc2/C1=C/c1ccc2cn[nH]c2c1,1.73239376
Cc1cc(Cl)nc(NCCCc2nc(C(C)C)no2)n1,1.2049861955
C[C@H](Cc1cccc(CC(=O)NCC2CCCCC2)c1)NC[C@H](O)c1ccc(O)c(CO)c1,0.477121255
COC(=O)c1ccc(C(=O)N2CCC(NC(=O)Nc3ccc(OC(F)(F)F)cc3)CC2)cc1,0.716226712
CCC12OCC(C)(C)N1O/C(=N/c1ccccc1)N2c1ccccc1,0.8677694645
CS(N)(=O)=Nc1ccc(C(F)(F)F)cc1,2.114010162
CC1=CC(=CC(=C1NC(=O)C2=CC=C(O2)C3=C(C=CC(=C3)Cl)Cl)C)CN,2.079181246
COc1ccc(-c2cc(-c3ccc(C(=O)NCCN4CCOCC4)cc3)cnc2N)cn1,2.179034466
O=C(N[C@H](Cc1c[nH]c2ccccc12)C(=O)Nc1ccncc1)c1ccc(N2CCN(c3ccccc3Cl)CC2)cc1F,0.698952632
O=C1c2ccccc2-n2c1nc1ccccc1c2=O,1.340881912
CCOCc1c(C(=O)NCc2cncn2C)cnn1-c1ncc(C)c(-c2cccs2)n1,1.783298428
Cc1cc(OCc2ccc(F)cc2F)c(Br)c(=O)n1-c1ccc(CNC(=O)CO)cc1,2.387393732
CN1CCN(c2cn(S(=O)(=O)c3ccc(F)cc3)c3ccc(Br)cc23)CC1,2.707052496
COc1cccc(CN(C)C(=O)N2CC(N)C(c3ccc(Cl)cc3Cl)C2)c1,2.255272505
C[C@@H]1C(=O)c2[nH]ncc2[C@H](C)N1S(=O)(=O)c1ccc(C(F)(F)F)nc1,1.638486293
CCCC(=O)c1c[nH]c2c(OCC)nccc2c1=O,1.31215068
CCOc1cc(NC(=O)C2(NC(=O)c3ccc4c(C5CCCC5)c(-c5cccc(N)n5)n(C)c4c3)CCC2)ccc1/C=C/C(=O)O,1.892094603
C1CCN(C1)NC(=O)NS(=O)(=O)C2=CC=C(C=C2)Cl,2.079181246
COc1ccc(F)c(-c2ccc(Cc3ccc(N4C[C@H](C(F)(F)F)C[C@@H]4CC(=O)O)cc3)c(C)c2)c1,2.079181246
CCc1nc(N)nc(N)c1-c1ccc2c(c1)N(CCCOC)C(=O)C(CC)(CC)O2,1.204174266
CCOc1cc(/C=N/n2cnnc2)cc(Cl)c1OCCOc1cc(C)ccc1C(C)C,1.497431525
CN1C[C@H]2CCC[C@@]2(c2ccc(Cl)c(Cl)c2)C1,1.568225199
CCc1ccc(N2C=NS(=O)(=O)c3cccnc32)cc1,1.460899034
CC1=CC=C(C=C1)N2C(=C(C=N2)C(=O)NCC3=CC=C(C=C3)OC)C4CCN(CC4)C(=O)OC(C)(C)C,-0.15490196
Cc1cc(F)ccc1C1CCN(CCC(=O)N2c3ccccc3C[C@H]2C(=O)N(C)C)CC1,1.633488655
CC(=O)NC1=NN=C(S1)S(=O)(=O)N,2.079181246
Cc1cc2ccccc2n1CCNC(=O)c1ccc(N2CCCCCC2)cc1,1.5269406493333335
Cc1ccc(-c2cc(CNC(=O)NC34CC5CC(C)(CC(C)(C5)C3)C4)no2)cc1,0.575892713
COC1=CC=CC=C1OC[C@@H](COC(=O)N)O,2.079181246
CCOCCn1cc(C(=O)NCCC(c2ccccc2)c2ccccc2)ccc1=O,0.602081706
CCc1nc2ccc(Cl)cn2c1C(=O)NCc1ccc(-c2ccccc2)cc1,1.357934847
CCN1Cc2ccc(OC)cc2C[C@@H]1C(=O)Nc1cc(F)c(-c2cn[nH]c2)cc1OCCN(C)C,1.041313715
CC(C)OC(=O)C1=CN(C(=O)c2cccc(OCCN3CCN(C)CC3)c2)CC(C)(C)c2c1[nH]c1ccccc21,0.698952632
Cc1ccc(NC(=O)c2nn(C)c(-c3ccc(F)cc3)c2C)nc1,1.414939939
Cc1cncc(C2=CC[C@H]3[C@@H]4CCC5=CC(=O)NCC[C@]5(C)[C@H]4CC[C@]23C)c1,1.00008685
Cn1c(-c2ccccn2)c(C2CCCCC2)c2ccc(C(=O)NC3(C(=O)Nc4ccc(C(=O)O)cc4)CCC3)cc21,1.322219295
Cc1ccc(/N=C/N(C)/C=N/c2ccc(C)cc2C)c(C)c1,0.8846416705
CC(C)CCc1cc(NCCNc2ccnc(N)n2)nc(N)n1,2.079181246
O=C(Cc1ccc(F)c2cnccc12)Nc1scc(Br)c1-c1ncn[nH]1,1.403613846
NC1=NC(c2ccc(Cl)cc2)N2C(=N1)N=C(O)c1ccccc12,2.641460655
COc1cc(F)ccc1-c1cccc(Cc2cn(C)c3ccc(NC(=O)C(C)(C)C)cc23)c1,1.765674114
CS(=O)(=O)c1cccc(OC2CCN(C(=O)NCc3ccc(Cl)cc3Cl)CC2)c1,1.300986564
CC(C)(C)OC(=O)NC1CCN(c2nnc(Cl)c3ccccc23)CC1,1.318655952
COc1ccc(S(=O)(=O)N2CCN(c3ccc(F)cc3C(F)(F)F)C[C@H]2C)cc1,0.845222106
CN1C(=C(C=N1)Cl)C2=C(OC(=C2)C(=O)NC(CC3=CC(=C(C=C3)F)F)CN)Cl,2.079181246
Nc1cc(-c2ccc(Br)cc2)nn1CC1CCCCC1,1.1615519195
O=C(c1ccc(Cl)c(C(F)(F)F)c1)N1CCN(c2cc(=O)[nH]c(=O)n2Cc2ccc(OS(=O)(=O)c3cccc4cnccc34)cc2)CC1,2.295268828
CC(C)Cn1c(=O)c(N2CCN(S(=O)(=O)Cc3ccccc3)CC2)nc2ccncc21,1.001242439
COCCNCC(C)(C)c1ccc(NC(=O)c2nc(C#N)c[nH]2)c(C2=CCC(C)(C)CC2)c1,0.81970974
COc1ccc2c(c1)[C@]13CCCC[C@@H]1[C@H](C2)N(C)CC3,1.8346336993333332
CCCCNC(=O)NS(=O)(=O)C1=CC=C(C=C1)C,2.060648743
O=C(NCCNC(=O)c1ccc(-c2ccccc2)cc1)c1ccc(O[C@H]2C3CC4CC2C[C@](C(=O)O)(C4)C3)cc1,3.315766141
CCOCCn1nc(CC)c2nc(N3CCN(C)CC3)nc(Nc3cc(C)ccn3)c21,1.296830995
Cc1nc(N2CCN(C)CC2)c2nc(-c3ccccc3C#N)n(C3CCOCC3)c2n1.Cl,1.111272488
CSC1=N/C(=C\c2ccc(C(=O)O)cc2)C(=O)S1,3.315766141
O=C1C2C3C=CC(O3)C2C(=O)N1Nc1ccccc1,1.3453206365
COc1cc(Sc2c(-c3cccs3)[nH]c3ccccc23)cc(OC)c1OC,1.137784202
CN1CCc2nc(C(=O)Nc3cc(C(=O)N(C)C)ccc3CNC(=O)c3ccc(Cl)s3)sc2C1,1.715368522
O=C(O[C@@H]1COc2nc([N+](=O)[O-])cn2C1)N1CCN(c2ccc(OC(F)(F)F)cc2)CC1,2.321323554
COC1=CC=CC(=C1)C2=NC(=NO2)C3=CC=C(C=C3)NC(=O)CC4=CC=CC=C4OC,1.276904553
CCN(CC)CCCN/C(=N\c1ccnc2cc(Cl)ccc12)c1cccnc1,1.556302501
CNc1nc(NCCCN(C)C)c2sc(-c3ccc(-n4cccn4)cc3)cc2n1,1.99878227
COc1ccc(-c2cc(-c3ccc(OC(F)(F)F)cc3)cnc2N)cn1,1.880927865
CC[C@H]1OC(=O)[C@H](C)[C@@H](O)[C@H](C)[C@@H](O[C@@H]2O[C@H](C)C[C@H](N(C)C)[C@H]2O)[C@](C)(O)C[C@@H](C)CN(CCCNC(=S)NCc2ccccc2)[C@H](C)[C@@H](O)[C@]1(C)O,2.079181246
COc1ccc(OC)c(NC(=O)c2ccc(N(C)S(=O)(=O)c3ccc(OC)c(OC)c3)cc2)c1,1.9621589715
NC(=O)c1cn2cc(-c3cnc(N)nc3)nc(N3CCOCC3)c2n1,1.994238833
COc1cc(=O)[nH]cc1C(=O)NCCc1cn(C)c2cc(C)ccc12,1.295233356
CCCCC(=O)OCC(=O)[C@H]1[C@@H](C[C@@H]2[C@@]1(C[C@@H]([C@]3([C@H]2C[C@@H](C4=CC(=O)C=C[C@@]43C)F)F)O)C)C,0.71432976
CC(C)(C1CCN(C(=O)c2ccc(S(C)(=O)=O)cc2OC(F)(F)F)CC1)S(=O)(=O)c1cccc(C(F)(F)F)c1,1.939516289
CCc1nc2c(C(F)(F)F)cccc2n1-c1cccc(Oc2cccc(S(C)(=O)=O)c2)c1,1.477121255
CCOc1cc(C#N)ccc1OCc1nc(-c2cccs2)no1,1.6339736435
O=C(/C=C/c1ccc(CN(CCO)CCc2c[nH]c3ccccc23)cc1)NO,1.079181246
COc1cc(N2CCN(C3CCN(c4cccc5cccnc45)CC3)CC2)c2ncccc2c1,0.477121255
Cc1ccc(N2CCCS2(=O)=O)cc1NS(=O)(=O)CC12CCC(CC1=O)C2(C)C,1.3029308065
COc1ccccc1-c1nnnn1CCC(=O)c1ccccc1,0.936300043
CC1=C2C(=NC=NN2C=C1NC(=O)OCC3COCCN3)NC4=CC5=C(C=C4)N(N=C5)CC6=CC(=CC=C6)F,2.079181246
Nc1ncc(-c2ccc(C(=O)N3CCOCC3)cc2)nc1-c1ccc(C(F)(F)F)nc1,2.397974751
Cc1cc(CCC#N)cc(C)c1Oc1cc(Nc2ccc(C#N)cc2)c(N)cc1CO,1.320104725
Cc1ncc(-c2ccc(C)c(S(=O)(=O)NC(C)(C)C)c2)o1,1.4292385615
CN[C@@H](Cc1ccccc1)C(=O)N[C@@H](Cc1ccccc1)C(N)=O,2.775974331
CC\1=C(C2=C(/C1=C\C3=CC=C(C=C3)S(=O)C)C=CC(=C2)F)CC(=O)O,2.079181246
C[C@H](c1ccc(F)cc1)N1C(=O)O[C@](Cc2ccccc2)(c2nc3c(-c4cnn(C)c4)cccc3[nH]2)C1=O,1.528234791
Cc1ccc(S(=O)(=O)N2CCC(C(=O)Nc3cccc4cnccc34)CC2)c(C)c1,2.34246216
CCc1noc(CN(CC)C(=O)C2CNCCO2)n1,2.1265025545
CCOC(=O)c1[nH]c(C)c(C(=O)CN2C(=O)NC(C)(C)C2=O)c1C,1.2924105075
C[C@]12CCC(=O)OC[C@@H]1CC[C@@H]1[C@@H]2CC[C@]2(C)C(c3cccnc3)=CC[C@@H]12,8.68502e-05
C[C@@H]1C[C@H](N)CN(c2ccncc2NC(=O)c2ccc(F)c(-c3ccccc3F)n2)C1,1.114010162
COc1ccc(CCC(=O)N[C@@H](Cc2c[nH]c3ccccc23)C(=O)Nc2ccncc2)cc1,0.602081706
Cc1ccccc1N(CC(=O)N1CCN(C/C=C/c2ccccc2)CC1)S(C)(=O)=O,1.633534782
CC(=O)Nc1cc(-c2c(-c3ccc(F)cc3)nc(S/C=C\C(=O)O)n2CC2CC2)ccn1,2.668764101
COCC[C@H](CC1(C(=O)N[C@@H]2C[C@H]2c2ccc(OC)cc2)CCCC1)C(=O)O,2.079181246
CCCn1c(N)c(N(CCOC)C(C)=O)c(=O)n(CC(=O)Nc2cc(Cl)cc(Cl)c2)c1=O,1.526507996
CC(C)(C)c1cc(NC(=O)[C@@H]2CCCN2C2CCC2)no1,0.602081706
CN1C[C@@H]2C[C@H]1CN2c1ccc(-c2ccnc3c(-c4cccc5[nH]ncc45)c(-c4ccncc4)nn23)c(F)c1,1.230397825
C[S@@](=O)(=Nc1ccc(C(F)(F)F)cc1)c1ccccc1,2.114010162
COc1cc(=O)[nH]cc1C(=O)N(C)C1(Cc2ccccc2)CCCC1,0.9947119215
CS(=O)(=O)c1cccc(Oc2cccc(-c3c(Cc4ccccc4)cnc4c(Cl)cccc34)c2)c1,1.041313715
CN(Cc1ccccc1)C(=O)[C@@H](NC(=O)c1cc2cc(NC(=O)c3ccccc3-c3ccc(C(F)(F)F)cc3)ccc2n1C)c1ccccc1,1.681241237
Cc1cc2c(F)c(Oc3ncnn4cc(OC[C@@H](C)O)c(C)c34)ccc2[nH]1,0.606612384
CCCS(=O)(=O)N1CCN(C2(CNC(=O)c3c(OC)cc(F)cc3SC)CCCCC2)CC1,0.955731027
CCNC(=O)c1cc(N)c(Nc2ccc(C#N)cc2)cc1Oc1c(C)cc(CCC#N)cc1C,2.1756824085
Cc1ccc(-c2cc(-c3ccc(S(C)(=O)=O)cc3)cnc2N)cn1,2.544043227
O=c1ncn(Cc2ccc(F)cc2F)c2ccc(Oc3ncccc3C(F)(F)F)cc12,2.041313715
CC12CCCC(/C=C/C(=O)NS(=O)(=O)c3cc(Cl)cc(Cl)c3)=C1N(Cc1ccc(F)c(F)c1)C(=O)C2,1.731739325
CCOCCOCCOCCCCCNC(=O)CC12CC3CC(CC(C3)C1)C2,1.142473713
CS(C)(=O)=NC(=O)Nc1ccc(C(F)(F)F)cc1,2.114010162
Nc1ncnc2c1nc(Sc1cc3c(cc1Br)OCO3)n2CCC1CCN(C(=O)C2CCCC2)CC1,0.381699759
O=[N+]([O-])c1cn2c(n1)OC[C@@H](OCCCc1ccc(-c3ccc(OC(F)(F)F)cc3)cc1)C2,2.512332468
Cc1cc(OCc2ccc(F)cc2F)c(Br)c(=O)n1-c1cnc(CO)cn1,2.883143755
Cc1c(Br)cc(C(=O)N(C)Cc2cscn2)c(=O)n1C,1.1690368809999998
C[C@H]1Cc2ccccc2N1C(=O)Cc1nc(N2CCOCC2)cc(=O)[nH]1,0.815465612
CS(=O)(=O)c1ccc(C(CCNC(=O)c2cccnc2)c2ccc(F)cc2)cc1,0.77815125
N#Cc1ccccc1Cn1c(N2CCC[C@@H](N)C2)cc(=O)[nH]c1=O,2.11058971
CC(Oc1ccccc1)C(=O)Nc1c(-c2ccccc2)nc2sccn12,0.969887084
Cc1c(CCC(=O)O)ccc(OCc2c(-c3ccc(Cl)cc3)noc2C(F)(F)F)c1C,1.514579004
CN1CCN(CC1)C(=O)C2=C(C=C(C=C2)NC3=NC=CC(=N3)C4=CC=CS4)Cl,1.282395505
[2H]C([2H])([2H])Oc1ccc(-n2nc3c4ccc(OC([2H])([2H])[2H])cc4[nH]cc-3c2=O)cc1,2.781520167
CC(C#N)C(=O)N1CCC(C)C(N(C)c2ncnc3[nH]ccc23)C1,1.91897343
C1=CC=C(C=C1)C2=NN(C(=C2)NC(=O)C3=CC=CC(=C3)C#N)C4=CC=CC=C4,1.272769587
Cc1cc(CN2C(=O)C(C3=NS(=O)(=O)c4cc(NS(C)(=O)=O)ccc4N3)=C(O)[C@@H]3[C@H]4CC[C@H](C4)[C@@H]32)ccc1F,2.06670411
CN1CC[C@]23[C@@H]4[C@H]1CC5=C2C(=C(C=C5)OC)O[C@H]3[C@H](C=C4)O.Cl,2.049179245
O=c1[nH]c2ccccc2c2[nH]c(-c3ccccc3Cl)nc12,2.020293558
O=C(N[C@@H](Cc1c[nH]c2ccccc12)C(=O)Nc1ccncc1)c1ccc2ccccc2c1,1.041313715
Cc1[nH]c2ccccc2c1CCN1Cc2ccc(/C=C/C(=O)NO)cc2C1,1.477121255
CC(Cc1ccc(C(C)(C)C)cc1)CN1CCCCC1,1.289736052
CCCC(CCC)OCCCCCCN1C[C@H](O)[C@@H](O)[C@H](O)[C@H]1CO,2.121065141
CS(=O)(=O)c1cc(Cl)cc2c1OCC(=O)N2Cc1nnc(CCc2ccc(Cl)cc2)n1CCC(F)(F)F,0.524532969
Cc1cc(C)cc(NC(=O)N2Cc3c(sc4c3CCCC4)-n3cccc3C2c2cccs2)c1,1.2678315050000002
OC1C2CC3CC1CC(C2)C3(Cc1ccc(-c2ccccc2)cc1)Cc1nnn[nH]1,1.980064192
C[C@]12CC[C@H]3[C@@H](CC(O)C45CC4CC[C@]35C)C1=CC=C2c1cccnc1,8.68502e-05
CO/N=C/c1c(N)ncnc1N1CCN(C(=O)Nc2ccc(OC(C)C)cc2)CC1,3.23503294
CC(=O)Nc1cccc(-c2ccc(Cc3ocnc3C(=O)NC[C@H](C)c3ccccc3)cc2)c1,0.991556871
COC(=O)Nc1ccc(-c2nc([C@H](Cc3ccccc3)NC(=O)/C=C/c3cc(Cl)ccc3-n3cnnn3)[nH]c2Cl)cc1,1.590645327
CN(C)CCNC(=O)c1cc(C(C)(C)C)sc1NC(=O)Nc1ccc2[nH]ncc2c1,1.579760738
Cc1ccc(S(=O)(=O)NCc2ccccc2)c(C)c1N(C)S(=O)(=O)c1ccccc1,1.0497139835
C=CCC(C)(NCc1ccccc1)c1ccccc1,1.409553092
CC1=CC(=CC=C1)N2C=NC3=C2C=CC(=C3)C(=O)N4CCCCC4,1.632461228
CN(C)CC(C1=CC=C(C=C1)OC)C2(CCCCC2)O,2.079181246
COC(=O)c1ncsc1NC(=O)Cc1cccc2cnccc12,1.367777572
CCCN(CCN1CCN(CC1)C2=CC=CC=C2OC)C3CCC4=C(C3)SC=N4,0.404833717
C1CN(CC=C1C2=CC=CC=C2)CCCCC3=CNC4=C3C=C(C=C4)C(=O)O,2.079181246
CCNC(=O)Nc1sc2cc(Cl)ccc2c1C(=O)N1CCN(C2CCN(C(=O)C(C)(C)C(F)(F)F)CC2)CC1,1.188679369
COc1cc(N2CCN(C3CCN(c4cc(Br)cc5cccnc45)CC3)CC2)c2ncccc2c1,0.300986564
CC1(C)CC(=O)C(C(Cc2ccccc2)C2=C(O)CC(C)(C)CC2=O)=C(O)C1,0.654701031
CCOc1cc(O[C@@H]2C[C@H]3C(=O)N[C@]4(C(=O)NS(=O)(=O)C5CC5)C[C@H]4/C=C\CCCCC[C@H](NC(=O)OC(C)C)C(=O)N3C2)c2ccc(OC)c(C)c2n1,1.079181246
COc1cc(=O)n(C)cc1C(=O)N1CCN(c2ccc(C(F)(F)F)cn2)CC1,3.315766141
COc1cccc(CNCCCNc2ccnc3cc(Cl)ccc23)c1O,2.611107001
Cc1ccc(C(C)NS(=O)(=O)c2ccc(F)c(F)c2)c(C)c1,0.654701031
C1=CC=C(C=C1)CNC(=O)CN2C=CN=C2[N+](=O)[O-],2.079181246
CCNCCNc1cc(-c2cccc(F)c2)c(C#N)c2nc3ccccc3n12,2.251494747
CC1CC(C)C(C(=O)NCC(Nc2ccccc2)C(C)C)O1,0.6836500114999999
NS(=O)(=O)c1cc(-c2nnc(CN3CCN(c4ccc(F)cc4)CC3)o2)c(Cl)cc1SCc1ccccc1,1.499714569
CN1C(=CC(=O)N(C1=O)C)NCCCN2CCN(CC2)C3=CC=CC=C3OC.Cl,2.079181246
CC1CCN(C(=O)CS(C)(=O)=O)CC1N(C)c1ncnc2[nH]ccc12,2.079181246
c1ccc2c(c1)Cc1cc(-n3nnc4ccccc43)ccc1-2,0.9751975875
CCOc1ccccc1CNc1ncc(C(=O)NCCCN2CCCC2=O)c(NC2CCCC2)n1,0.77815125
CC(C)(C#N)c1ccc(-c2ccc(C#N)cn2)cc1,2.086288629
O=C1CN(c2ncccc2C(F)(F)F)CCN1S(=O)(=O)c1ccc(Cl)c(Cl)c1,0.77815125
COc1ccccc1NC(N)=NCc1ccccc1OCCN(C)C.I,3.258305816
Cc1nc(C)c(-c2csc(Nc3ccc(C(=O)N4CCN(c5ncc(C(F)(F)F)cn5)C[C@H]4C)cn3)n2)s1,1.885783865
CC(C)(CCN(C[C@H]1Cc2ccccc2CN1)[C@H]1CCCc2cccnc21)CNC1CCC(F)(F)CC1,0.579241235
CCC[C@H](NC)C(=O)N[C@H]1CC[C@@H]2CN(S(=O)(=O)c3ccc(C(F)(F)F)cc3)C[C@@H]21,1.851035107
CN(C)c1ccc(-c2c(N)ncnc2C#Cc2ccc(N3CCOCC3)nc2)cc1,2.14025861
O=[N+]([O-])c1cn2c(n1)OC[C@@H](OCC#Cc1cccc(-c3ccc(OC(F)(F)F)cc3)c1)C2,2.827458666
COc1ccc(NC(=O)COCc2ccccc2)cc1,0.4897521415
O=C(N[C@@H](Cc1ccc(F)c(Br)c1)C(=O)O)c1ccc(Cl)cc1NS(=O)(=O)c1cccc2nsnc12,1.382658248
O=C(COc1ccccc1)Nc1ccc2ncn(Cc3ccc(Cl)c(Cl)c3)c(=O)c2c1,1.623959337
O=C1c2cc(Cl)ccc2-n2c1nc1ccc(F)cc1c2=O,1.954301404
C[C@@H]1C[C@H]([C@H](O)C(C)(C)O)O[C@H]2[C@H]1[C@@]1(C)CC[C@@]34C[C@@]35CC[C@H](O[C@H]3CN(C6COC6)CCO3)C(C)(C)[C@@H]5CC[C@H]4[C@]1(C)[C@H]2O,2.295268828
COC(=O)C1(C(=O)OC)C(CC(=O)c2ccc(C)cc2)c2cc(N(C)C)ccc2C(c2ccccc2)N1S(=O)(=O)c1ccc(C)cc1,1.1620047525
Cn1cc(S(=O)(=O)N2CC(CNC(=O)c3ccc(Cl)cc3Cl)(c3ncccc3F)C2)cn1,1.558003921
Cc1ccc(-c2nn(CC(Cl)c3ccccc3)c3ncnc(N)c23)cc1,2.596298824
CC(C)(C)c1ccccc1Oc1ncccc1NC(=O)Nc1ccc(OC(F)(F)F)cc1,1.49224112
O=c1oc2ncn(-c3ccccc3)c2c2ccccc12,1.1528196625
CCNC(=O)Nc1sc2cc(C)ccc2c1C(=O)N1CCN(C2CCN(C(=O)C(C)C)CC2)CC1,1.599669682
CN(C)c1ccc(S(=O)(=O)c2ccc(Cl)cc2)cc1,0.6421691439999999
C=C(C)n1c(=O)n(Cc2nc3ccccc3n2CCCC#N)c2cnccc21,1.041313715
CCCc1onc(-c2ccc(Cl)cc2)c1COc1ccc(CCC(=O)O)c(C)c1C,1.475464681
Cc1cc(CO)cc(Oc2nc(Cl)nc(Cl)c2C(C)C)c1,1.144484983
Cc1c(C(=O)O)sc2ccc(NC(=O)C3(NC(=O)c4ccc5c(C6CCCCC6)c(-c6ccccn6)n(C)c5c4)CCC3)cc12,1.897737025
Cc1ccccc1S(=O)(=O)Nc1cccc2[nH]ccc12,1.3881434425
CC(=O)N1c2ccc(S(=O)(=O)Nc3ccc(C(=O)c4c(C)nc5sccn45)cc3)cc2CC1C,1.338948915
O=C(NCc1ccc(S(=O)(=O)c2ccccc2)cc1)c1ccc2nccn2c1,1.900699678
Cc1cc(OCc2ccc(F)cc2F)c(Br)c(=O)n1Cc1cccc(CN)c1,2.427586006
CC(C)OC(=O)C1=CN(C(=O)c2ccc(OCCN(C)C)cc2)CC(C)(C)c2c1[nH]c1ccccc21,1.36169007
OC(CN[C@@](Cc1ccccc1)(c1cc(F)cc(C(F)(F)F)c1)c1ccc(Cl)cn1)CC(F)(F)F,1.980064192
CN(C)Cc1ccccc1-c1ccc(-c2ccc3c(C(N)=O)nn(-c4ccc5onc(N)c5c4)c3c2F)c(F)c1,1.57054366
CCNS(=O)(=O)c1cc(-c2ccc(=O)[nH]n2)sc1C,1.834138677
C1CN(CCN1CCCN2C3=CC=CC=C3C=CC4=CC=CC=C42)CCO,2.079181246
CC(C)C(=O)N[C@H]1CC[C@@]2(C)C(CC[C@@H]3[C@@H]2CC[C@]2(C)C(c4cccnc4)=CC[C@@H]32)C1,8.68502e-05
COc1ccc(OC[C@@]2(c3ccccc3)C[C@H]2C(=O)Nc2ccc(C#N)cn2)cc1OC,1.66833238
C/C(NN1CCCCCC1)=C1\C(=O)N(c2ccccc2C)C(=O)N=C1O,1.0758338255
Cc1nccn1-c1ccc(C(c2nnnn2Cc2ccccc2)N2CCCN(C3CCC3)CC2)cc1,1.397974751
COc1cc(-c2nnc3ccc4ccccc4n23)cc(OC)c1OC,1.507242171
Cc1coc(C)c1C(=O)CC1(O)C(=O)Nc2cc(Cl)cc(Cl)c21,2.2210089985
CN(C(=O)CN1C(=O)COc2cc(Cl)c(Cl)cc21)C(CN1CCCC1)c1ccc(-c2ccnc(Cl)c2)cc1,2.3398011495
Clc1cccc(OC(c2ccccc2)C2CCNCC2)c1Cl,1.939519253
CC(C)(C)c1ccc(NC(=O)N2CCCN(C(=O)CCC3CCCC3)CC2)cc1,0.477121255
CN(C)Cc1nnc([C@H]2C[C@H](NC(=O)C3CCC(C(C)(C)C)CC3)C2)n1C,2.660648335
CCc1nc(N)nc(N)c1-c1ccc2c(c1)N(CCCC(=O)OC)CCC2,0.698952632
Cc1ccc(S(=O)(=O)c2c(-c3ccccc3)n(C#Cc3ccccc3)c3ccccc23)cc1,1.3396287745
O=[N+]([O-])c1cn2c(n1)OC[C@@H](OCc1ccn(-c3ccc(OC(F)(F)F)cc3)n1)C2,2.475143873
CCOC1=CC=CC=C1NC(=O)CSC2=NC3=CC=CC=C3C4=NC(=NN42)CCN5C=NC=C5C,0.72916479
O=C(NOCCO)c1cc(CN2OCCOC2=O)c(F)c(F)c1Nc1ccc(I)cc1F,1.579760738
Cc1ccc(NC(=O)c2ccc(CN3CCN(C)CC3)cc2)cc1Nc1nccc(-c2cccnc2)n1,1.322219295
O=C(Nc1cccc(-c2nc3ccccc3s2)c1)c1cc([N+](=O)[O-])ccc1Cl,1.77815125
O=S(=O)(CCC1Cc2ccccc2C1)N1CCN(c2cccc(O)c2)CC1,1.1344813565
COc1cnc(-n2cnc(C)n2)c2[nH]cc(C(=O)C(=O)N3CCc4c(ncnc4-c4ccccn4)C3)c12,1.468424729
CC(C)NC(=O)N[C@H]1CC[C@H](Nc2ncc3ccc(=O)n(C(C)C)c3n2)CC1,1.880927865
O=C(Cn1cc(C(=O)N2CCN(C3CCCC3)CC2)ccc1=O)Nc1nccs1,2.4086276205
O=C(N[C@H](Cc1c[nH]c2ccccc12)C(=O)Nc1ccncc1)c1ccc(N2CCN(c3ccc(F)cc3F)CC2)cc1F,1.00008685
Cc1c2c(n3c1CCCCN1CCC[C@@H]1CNc1cc-3ccc1C(N)=O)CC(C)(C)CC2=O,0.698952632
CCc1nc(N)nc(N)c1-c1ccc2c(c1)N(CCNC(=O)CO)C(=O)C(C)(c1cc(F)cc(F)c1)O2,1.278799314
CCOC1=CC=C(C=C1)N2C(=O)C3=C(N=CC=C3)N=C2[C@@H](C)N(CC4=CN=CC=C4)C(=O)CC5=CC=C(C=C5)OC(F)(F)F,0.915399835
O=C1CN(c2nc(C3CCCC3)nc3c2CCOCC3)CCN1,2.6034135650000003
CN[C@@H]1CCN(c2nc(N)nc3c2oc2ncc(Cl)cc23)C1,2.255272505
C=C1C[C@@H]2[C@H](CC[C@]3(C)C(c4cccnc4)=CC[C@@H]23)[C@@]2(C)CCC(=O)C=C12,8.68502e-05
CCOC1=CC=C(C=C1)C2=CC(=C(S2)C(=O)OC)NC(=O)NC3=CC=CC=C3Cl,1.679064318
CC(C)(C)OC(=O)N1Cc2ccc(/C=C/C(=O)NO)cc2C1,2.117204986
COc1ccc(O[C@@H](CC(C)C)[C@H]2CCNC2)c(C)n1,1.213130022
COC1=C(N=NC(=N1)C2=CC=CC=C2)C3=CC=CC=C3,1.22527015
O=C1COc2c(Cl)cc(Cl)cc2N1Cc1nnc(C2Cc3ccccc3C2)n1CCC(F)(F)F,0.841443718
CC(C)COC[C@H](CN(CC1=CC=CC=C1)C2=CC=CC=C2)N3CCCC3,1.324488233
N#Cc1ccc(F)cc1Cn1c(N2CCC[C@@H](N)C2)ncc(Cl)c1=O,2.300986564
COc1cccc(CNC(=O)c2[nH]c3cc(-c4cn[nH]c4)ccc3c2CN2CCOCC2)c1,0.9029814
CCOc1ccncc1NC(=O)c1ccnc2[nH]c(-c3cccnc3)nc12,1.057339868
Cc1ccccc1-c1ccc2ncn(C)c2c1CN,2.26245109
CC(C)C[C@H](NC(=O)[C@H](Cc1ccccc1)NC(=O)c1cnccn1)B(O)O,1.568225199
N#Cc1ccc(-c2ccc(C3(C(F)(F)F)CC3)nc2)nc1,2.041313715
CN1CCN(C(c2ccc(Cl)cc2)c2ccc(Cl)cc2)CC1,2.079181246
CS(=O)(=O)Nc1ccc2c(c1)S(=O)(=O)N=C(C1=C(O)[C@@H]3[C@@H]4CC[C@@H](C4)[C@@H]3N(Cc3ccccc3)C1=O)N2,2.596298824
COC1=NC=CC(=N1)C2=C(N=CN2C3CCNCC3)C4=CC=C(C=C4)F,2.079181246
CC(Oc1ccc(F)cc1Br)C(=O)NCC(C)c1ccncc1,0.9531138925
CCCN(CCC)C(=O)c1cccc(C(=O)NN(Cc2cc(F)cc(F)c2)C(=O)[C@H](NCC(=O)NCc2ccccc2)C(C)C)c1,0.5640791935
O=c1ccc(-c2ccc(OCc3ccc4ccccc4n3)cc2)c(-c2ccc(F)cc2)[nH]1,2.14025861
COC1=CC=C(C=C1)CN2C3=C(C=CN=C3)N=C2SCC4=CC=C(C=C4)C(=O)NC5CCCC5,1.160168293
CCCC1(c2ccccc2)c2c(ccc(F)c2F)N(Cc2cc[n+]([O-])cc2)C(=O)N1CC(F)(F)F,1.083733639
C[C@](O)(c1ccc(C(=O)N(C2CC2)[C@H]2CC[C@H](c3cccnc3)CC2)cc1)C(F)(F)F,2.295268828
Cn1c(CC(=O)N2CCc3ccccc32)nc(N2CCOCC2)cc1=O,0.848247014
CC(c1ccc(-c2ccc(C#N)cn2)cc1)C(F)(F)F,1.819543936
Cc1ccc2oc(NC(=O)CC3CCN(C(=O)OC(C)(C)C)CC3)nc2c1,0.868713578
CCOCCn1nc(CC)c2nc(N(C)C3CCN(C)CC3)nc(Nc3cc(C)ccn3)c21,1.308644046
O=C(NCCc1ccc(S(=O)(=O)c2ccccc2)cc1)c1cc2cnccc2[nH]1,1.66833238
CN(C)CCOc1cc(-c2cn[nH]c2)ccc1NC(=O)C1COc2ccc(Cl)cc2C1,1.792251572
CCOC1=CC=C(C=C1)S(=O)(=O)NCCC2=C(N=C(S2)C3=CC=C(C=C3)C)C,0.611723308
Cc1ccccc1-c1noc(-c2cc3c(COC(=O)C(C)C)cnc(C)c3oc2=O)n1,0.9635198375
O=C(NCc1ccc(S(=O)(=O)N2CCCCC2)cc1)c1cc2cnccc2[nH]1,1.403613846
c1cc2c(C3CCNCC3)c[nH]c2cc1Nc1ccc2c(C3CCNCC3)c[nH]c2n1,2.908916118
O=C(Nc1cc2ccc(O)cc2s1)Nc1ccc(Br)cc1F,1.759491181
O=C(Cc1nc(N2CCOCC2)cc(=O)[nH]1)N1CCc2cc(F)ccc21,0.90764238
CCC(Oc1ccccc1C)C(=O)Nc1ccccc1C(=O)NC,0.9474892255
COc1ccc(Cl)c(OC)c1C1=NOC(C)(C(=O)Nc2ccccn2)C1,1.3725477920000002
Cc1cc(-c2ccc(NCC(=O)Nc3ccc(-c4cnccn4)cn3)cc2)ccn1,1.591064607
COCCOc1cc2ncnc(N3CCN(C(=O)Nc4ccc(C#N)cc4)CC3)c2cc1OCCOC,1.838849091
COc1cc2[nH]c(C)c(-c3ccc(F)cc3C)c(=O)c2cc1Cl,2.064383104
CCCCN1C(=O)[C@@H]([C@H](O)C2CCCCC2)NC(=O)C12CCN(Cc1ccc(Oc3ccccc3)cc1)CC2.Cl,0.567683583
CC(C)n1[nH]c(=O)c2c(-c3ccc[nH]c3=O)c3c(nc21)[nH]c(=O)n3C,1.18035538
Fc1ccc(-c2c(-n3cnnc3)nc3ccccc3c2Cl)cc1,3.315766141
OCCCN(CCO)c1ccc2cccc(Br)c2n1,0.931251074
CC1c2c[nH]nc2-c2ccccc2N1S(=O)(=O)c1cccnc1,0.841443718
COc1ccc2c(O[C@@H]3C[C@H]4C(=O)N[C@]5(C(=O)NS(=O)(=O)C6CC6)C[C@H]5/C=C\CCCCC[C@H](NC(=O)c5cnc(C)s5)C(=O)N4C3)cc(OC(C)C)nc2c1C,1.826204423
COc1ccccc1OCCNCCCCN1C(=O)C2CCCN2C1=O.Cl,2.374748346
CC[C@H]1CN2CCC3=CC(=C(C=C3[C@@H]2C[C@@H]1C[C@@H]4C5=CC(=C(C=C5CCN4)OC)OC)OC)OC.Cl,1.721537627
CCOc1ccc(/N=C2\Nc3cccc4cccc2c34)cc1,0.601561232
Cn1c(-c2ccncc2)c(C2CCCCC2)c2ccc(C(=O)NC(C)(C)C(=O)Nc3ccc(/C=C/C(=O)O)cc3)cc21,1.278799314
Cn1c(C(=O)c2ccc(Cl)cc2)cnc1SCCCN1CCCCC1,2.17312797
Nc1ccc2nc(CCCc3nc4ccc(N)cc4s3)sc2c1,1.9508326355
OCC1(N2CCC(n3c(N4CC5CNCC5C4)nc4ccccc43)CC2)CCCCCCC1,1.658964843
CC12CCCC(/C=C/C(=O)NS(=O)(=O)c3cc(F)c(F)cc3F)=C1N(Cc1ccc(Cl)cc1Cl)C(=O)C2,1.638486293
C[C@@H]1CCN(S(=O)(=O)CC(F)(F)F)C[C@@H]1N(C)c1ncnc2[nH]ccc12,1.462368046
CC(C)(C)OC(=O)N[C@@H](CC(=O)N1CCN(S(C)(=O)=O)CCN1)Cc1cc(F)c(F)cc1F,1.2709968484999998
O=C(C(O)c1ccc(Br)cc1)N1CCN(c2ccc3[nH]ncc3c2)CC1,1.29666519
CCOC(=O)N1CCC(NC(=O)COCC(=O)Nc2ccc(C#N)cc2)CC1,1.693653275
CCNC(=O)NCCN1C[C@H](C)C[C@@](C)(O)[C@H](O[C@@H]2O[C@H](C)C[C@H](N(C)C)[C@H]2O)[C@@H](C)[C@H](O[C@H]2C[C@@](C)(OC)[C@@H](O)[C@H](C)O2)[C@@H](C)C(=O)O[C@H](CC)[C@@](C)(O)[C@H](O)[C@H]1C,2.079181246
CC(C)n1ccnc1/N=C(\NCC(C)(C)C)Nc1ccc(Cl)c(Cl)c1,1.517169496
Cc1nc2ccccc2c(-c2ccc3c4c(ccnc24)CCO3)c1[C@H](OC(C)(C)C)C(=O)O,2.322219295
CC[C@H]1OC(=O)[C@H](C)[C@@H](O[C@H]2C[C@@](C)(OC)[C@@H](O)[C@H](C)O2)[C@H](C)[C@@H](O[C@@H]2O[C@H](C)C[C@H](N(C)C)[C@H]2O)[C@](C)(OC)C[C@@H](C)C(=O)[C@H](C)[C@@H](O)[C@]1(C)O,2.644415838
Fc1ccc(Oc2ccccc2CNc2nnco2)c(Cl)c1,2.7566162905
O=C(CCc1cnnn1C1CCCc2ccccc21)c1ccccc1,0.893185909
Cc1ccc(S(=O)(=O)N2c3c(c4ccccc4n3Cc3ccccc3)CC=CC2c2ccccc2)cc1,1.271026277
NCc1c(-c2ccc(Cl)cc2Cl)ccc2nc[nH]c12,2.11058971
COc1ccc2c(c[n+](C)c3c4cc5c(cc4ccc23)OCO5)c1OC.[Cl-],1.8379533095
Oc1cc(F)cc(CNC2CCCN(c3cc(N4CCOCC4)ncn3)C2)c1,1.09122317
CCC[C@H](C(N)=O)[C@@H](CC(F)(F)F)C(=O)N[C@H]1N=C(c2ccccc2)c2ccccc2N(C)C1=O,0.938546355
CC(=O)O[C@H]1C[C@H]2[C@@H]([C@H](OC(C)=O)C[C@@H]3CC(=O)CC[C@@]32C)[C@@H]2CC[C@H]([C@H](C)CCCNCCCNc3ccnc4cc(Cl)ccc34)[C@@]12C,1.146065989
O=C(Nc1ccc(OC(F)(F)F)cc1)N1CCC2(CC1)C[C@@H](O)c1cccc(Cl)c1O2,2.016398518
O=C(N[C@@H](Cc1c[nH]c2ccccc12)C(=O)Nc1ccncc1)c1ccc(C(F)(F)F)cc1,0.845222106
O=c1c2c([nH]n1-c1nc3ccccc3[nH]1)CCCC2,2.0629530815
[2H]C([2H])([2H])Oc1ccccc1-n1nc2c3cc(Cl)ccc3[nH]cc-2c1=O,2.943532166
Fc1ccc(Nc2ncnc3nc(Nc4ccc(CCN5CCOCC5)cc4)sc23)cc1Cl,1.041313715
Cc1nn(C)cc1-c1nc2c(Oc3ccc(C(=O)Nc4ccccc4)cc3)c(Cl)cnc2[nH]1,0.936300043
OCCNc1nc(Nc2ccc(Cl)cc2)c2nc[nH]c2n1,1.501482693
CCOC(=O)C1=CC2=C(C=C(C=C2)C(C(F)(F)F)(F)F)N=C(C1)N,0.996949248
CCCNC(=O)C1CN(C(=O)c2cc3sc(Br)cc3n2Cc2ccc(OC)cc2)C1,0.888067113
CC(C)(C)[C@@H](C#N)NC(=O)n1c(=O)n(CCN2CCOCC2)c2ccccc21,0.477121255
Fc1cc(C(CC2CNC2)Oc2ccccc2Cl)ccc1Cl,2.251494747
CC(C)Oc1ccc(CN2C(=O)c3cc4ccsc4n3CC2(C)C(=O)NCc2ccc(F)cc2)cc1,2.1786751805
CCCCOc1ncc(S(=O)(=O)N2CCN(CC)CC2)cc1-c1nc2c(CC)n(C3CN(C)C3)nc2c(=O)[nH]1,1.869114327
O=C(Nc1nc(-c2ccccn2)cs1)c1cccc(Cl)c1,1.447189051
CC[C@H]1OC(=O)[C@H](C)[C@@H](O[C@H]2C[C@@](C)(OC)[C@@H](O)[C@H](C)O2)[C@H](C)[C@@H](O[C@@H]2O[C@H](C)C[C@H](N(C)C)[C@H]2O)[C@](C)(O)C[C@@H](C)CN(CCNC(=O)NC(C)c2cccc3ccccc23)[C@H](C)[C@@H](O)[C@]1(C)O,2.079181246
O=C(CCc1cnnn1-c1ccccc1)c1cccc(Cl)c1,0.915560026
C1CNCCC1N2C=C(C=N2)C3=NC4=C(C=CC=C4N=C3)C5=CC(=C(C(=C5)F)CN6CCOCC6)F,2.079181246
CS(=O)(=O)N1CCc2cc(S(=O)(=O)c3ccc4c(c3)OCCO4)ccc21,1.414939939
O=C(O)CCCCCCCCCCCNC(=O)NC12CC3CC(CC(C3)C1)C2,2.3805177055
C1=CC=C(C(=C1)C(=O)NC2=CC=CC(=C2)C(F)(F)F)NCC3=CC=NC=C3,1.14176323
CC[C@H](NC(=O)[C@@H]1C[C@@H](S(=O)(=O)c2ccccc2)CN1C(C)=O)C(=O)c1nc2ccccc2o1,2.06670411
CC(C)CCCC(C)N,2.079181246
O=C(NCc1ccc(S(=O)(=O)c2ccc(N3CCOCC3)nc2)cc1)c1cc2ccncc2s1,1.150725122
CCCCc1ccc(-c2nc(C)c(-c3ccnc(NC(=N)N(C)C)n3)s2)cc1,2.385606274
CN1CCN(CC1)C(=O)C2=NN3C=NN=C3C(=C2)C4=CC=CC=C4OC,1.936564005
CC(C)C1c2cn[nH]c2C(F)(F)CN1S(=O)(=O)c1ccc(Cl)cc1,0.725545316
CCC1CCCCN1C(=O)c1sc2nc(C)nc(N(CC)CC)c2c1C,0.5270289145
C=C(C)[C@@H]1CC[C@]2(C(=O)NCc3ccc(C(=O)O)cc3)CC[C@]3(C)[C@H](CC[C@@H]4[C@@]5(C)CC[C@H](OC(=O)CC(C)(C)C(=O)O)C(C)(C)[C@@H]5CC[C@]43C)[C@@H]12,1.080669764
NCC[C@H]1Cc2ccccc2[C@@H](c2ccc(Cl)c(Cl)c2)C1,2.477121255
N#Cc1ccc(C(=O)N2CCC(N(Cc3ccccc3)C(=O)c3ccc(C#N)[nH]3)C2)[nH]1,1.703066813
CC(C)(C)OC(=O)N1CCN(Cc2nc(-c3ccco3)n[nH]2)CC1,2.1128759135
CC(C)(CC(=O)N[C@H]1C2CC3CC1C[C@](C(N)=O)(C3)C2)NS(=O)(=O)c1cccc(Cl)c1Cl,1.879504297
Cc1nn(CC(O)Cn2cnc3c2c(=O)n(C)c(=O)n3C)c(C)c1Br,1.718225856
Cc1c(-c2cnn(C)c2C)nn(-c2ccc(Cl)cc2)c1-c1cnn(C)c1C,0.6575190485
CC(C)N(Cc1ccc(Cl)c(Cl)c1)CC1CNC1.Cl,1.839228615
Cc1cccc(S(=O)(=O)c2ccc(CNC(=O)c3cc4cnccc4[nH]3)cc2)c1,1.464644118
Cl.NCCN(C1CCOCC1)S(=O)(=O)c1ccc(F)cc1F,2.3140050415
CS(=O)(=O)N1CCN(Cc2cn3c(Cl)c(-c4cccc5[nH]ncc45)nc(N4CCOCC4)c3n2)CC1,1.296830995
CCc1nc(N)nc(N)c1-c1ccc2c(c1)N(CCNS(C)(=O)=O)C(=O)C(C)(c1cc(F)cc(F)c1)O2,1.531504463
CC1=C(C(=NC(=N1)N)N)C2=CC(=C(C=C2)Cl)Cl,2.079181246
O=C(O)CCC(=O)N1N=C(c2nn(-c3ccccc3)cc2-c2ccccc2)CC1c1cccs1,1.877146413
COc1ccc(C2=Nc3c(C(C)(C)C)nn(CCO)c3C(=O)NC2)cc1-c1cnn(C)c1,1.77083729
CC(C)c1ccc(COc2ccc(N(CCN)C(=O)c3ccc(F)cc3C(F)(F)F)cc2)cc1.Cl,1.716020047
CN(c1ncnc2[nH]ccc12)C1CCCC1,1.300986564
C[C@@H](NC(=O)c1cc(S(=O)(=O)N(C)C)c[nH]1)c1ncc[nH]1,2.049613808
CS(=O)(=O)N1CCC(C(=O)N(CCCN2CCC(Cc3ccc(C(N)=O)cc3)CC2)c2ccc(Cl)c(Cl)c2)CC1,2.035211213
N#CCCCn1c(Cn2c(=O)n(C3CCC3)c3ccncc32)nc2ccccc21,0.662776714
CCC(=O)CC(=O)Nc1cccc(Cl)c1Cl,1.024730571
COc1ccc(C2N(C(C)=O)c3ccccc3N2S(=O)(=O)c2ccc(C)cc2)cc1,0.256761023
Fc1cc(C(CC2CNC2)Oc2cccc(Cl)c2)ccc1Cl,1.568118514
O=C(NCc1ccc(S(=O)(=O)c2cccc(C(F)(F)F)c2)cc1)c1cnc2nccn2c1,1.367777572
CCCNCc1ccc(CCn2ccc(OCc3ccc(F)cc3)cc2=O)cc1,2.107042763
O=[N+]([O-])c1cn2c(n1)OC[C@H](OCc1ccc(-c3ccc(OC(F)(F)F)cc3F)cn1)C2,1.6804802040000002
Cc1cc(NCc2ccccn2)n2nc(C)c(-c3ccccc3)c2n1,1.501141269
C[C@@H]1CN(C(=O)c2ccccc2)CCN1c1nnc(-c2ccc(C3CC3)cc2)c2ccccc12,1.699359545
CS(=O)(=O)NCC1CCC(C(=O)NCC2CCS(=O)(=O)C2)CC1,3.315766141
CC1=CC(=O)/C(=C(/C)Nc2cc(-c3ccccc3)n[nH]2)C(=O)O1,2.598848929
CC12CCCC(/C=C/C(=O)NS(=O)(=O)c3cc(Cl)c(Cl)s3)=C1N(Cc1ccc(F)cc1)C(=O)C2,1.839228615
CC1(C)CC=C(c2cc(CCO)ccc2NC(=O)c2nc(C#N)c[nH]2)CC1,1.36210736
CN1CCN(Cc2ccc(Nc3ncc4c(=O)c(C(N)=O)cn(-c5ccc6c(c5)CCC6)c4n3)cc2)CC1,1.36210736
COc1cc(=O)n(C)cc1C(=O)Nc1ccccc1Br,0.7201765225000001
CC(C)N1C(=O)C(=O)N=C1/N=C(\NCCN1CCCC1)Nc1ccc(Cl)c(Cl)c1,1.725682996
N[C@H]1CC[C@H](Nc2ccc3ncc(-c4cnc(Nc5ncccc5F)nc4)n3n2)CC1,2.582124183
C[C@]12CCOCC[C@@H]1CC[C@@H]1[C@@H]2CC[C@]2(C)C(c3cccnc3)=CC[C@@H]12,8.68502e-05
CCc1n[nH]c2ccc(F)c(Oc3cc(C#N)cc(C#N)c3)c12,2.079181246
CCN1CCC(n2cnc3cnc4[nH]ccc4c32)CC1,2.176091259
CC(C(O)c1ccc(O)cc1)N1CCC(Cc2ccccc2)CC1,0.698952632
Nc1ncnc2c1nc(Sc1cc3c(cc1Br)OCO3)n2CCC1CCN(C(=O)CO)CC1,1.653173527
Cc1nc(C)c(-c2csc(Nc3ccc(C(=O)N4C5CCC4CN(c4ncc(C(=O)O)cn4)C5)cn3)n2)s1,2.146220238
CN1C(=O)COC[C@@]2(C)C1CC[C@@H]1[C@@H]2CC[C@]2(C)C(c3cccnc3)=CC[C@@H]12,8.68502e-05
C=CCn1c(N)nnc1SC(C)C(=O)NC(N)=O,2.3451893085
CN(c1ccccc1)c1ccc2oc(-c3cc(-c4cnn(C5CCNCC5)c4)cnc3N)nc2c1.O=C(O)C(F)(F)F.O=C(O)C(F)(F)F,0.654701031
CN1C(=CC2=C(C1=O)C(=NO2)C3=CC=NC=C3)C4=CC=C(C=C4)OC,2.079181246
COc1nc2c(cc1NCc1ccc(F)cc1)c(=O)c(C(=O)O)cn2[C@H](CO)C(C)C,2.174113878
CC(C)(C)OC(=O)NC(CC(=O)N1CCCCN1)Cc1ccccc1F,0.7869663395
Cc1nc2c(C(F)(F)F)cccn2c1-c1cccc(Oc2cccc(S(C)(=O)=O)c2)c1,1.477121255
C[C@@H]1CN(c2ccc(C(N)=O)cc2C(F)(F)F)CCN1S(=O)(=O)c1ccc([C@@](C)(O)C(F)(F)F)s1,1.230397825
C=C[C@@H]1C[C@]1(NC(=O)[C@@H]1C[C@@H](c2nc(-c3ccccc3)cs2)CN1C(=O)[C@@H](NC(=O)OC1CCCC1)C(C)(C)C)C(=O)NS(=O)(=O)C1CC1,2.155275293
CCS(=O)(=O)c1cccc(Oc2ccc(Cl)c(-n3c(C)nc4c(Cl)cccc43)c2)c1,1.477121255
CC(C)Oc1ccc(NC(=O)N2CCN(c3ncnc(N)c3/C=N/OCCN3CCOCC3)CC2)cc1,3.345894092
O=C1Nc2ccccc2C1CCCCN1CCN(c2ccc(Cl)cc2)CC1,1.803447796
Cc1cnn(C2CCN(C(=O)c3ccc(-c4cc[nH]n4)s3)C2)c1,1.6767607655
Br.C=CCOC(C)C1=CC(C)(C)Nc2ccc(-c3cc(F)ccc3OC)cc21,0.77815125
O=c1[nH]c([C@@H]2CNC[C@H]2c2ccc(Cl)cc2)nc2ccc(-c3cn[nH]c3)cc12,1.875061263
Cc1cc(Br)ccc1OCCOCCN1CC(C)OC(C)C1.O=C(O)C(=O)O,0.812751561
CC1(C)Oc2ccncc2C(N(Cc2ncc[nH]2)c2ccc(Cl)cc2Cl)C1O,0.9485054875
CC(C)N(C)[C@@H]1CC[C@H](N2CC[C@H](NC(=O)c3cccc(C(F)(F)F)c3)C2=O)[C@H](CS(=O)(=O)c2ccccc2)C1,1.734181218
COC(=O)Cn1c(=O)cc(C)c2c(OC)ccc(OC)c21,0.4625891355
Nc1ccc(Sc2nccc(-c3cccs3)n2)cc1,3.315766141
CC(NC(=O)n1c(=O)n(CCN2CCOCC2)c2ccccc21)c1ccc(F)cc1,0.300986564
CN1CCN(c2cc3c(cc2F)c(=O)c(-c2noc(Cc4ccc(F)cc4)n2)cn3Cc2ccc(C(F)(F)F)cc2F)CC1,1.412302484
COc1ncc(-c2ccc(-c3ccn[nH]3)cc2)c(OC)n1,2.3437568025
CO[C@@H]1COCC[C@@H]1N[C@@H]1CC[C@@](C(=O)N2C[C@@H]3C[C@H]2CN3C(=O)C2CCC2)(C(C)C)C1,2.079181246
CC(C)CCc1cc(N(C)CCNc2ccnc(N)n2)nc(N)n1,1.913919765
CCc1ccc(CCNc2ncc(C)n(CC(=O)NCCONC(=N)N)c2=O)cc1,1.718518296
O=C(Nc1ccc(S(=O)(=O)c2ccccc2)cc1)OCc1cccnc1,1.859033917
Cc1ccc(-c2nc3ccccc3s2)cc1NC(=O)c1cc([N+](=O)[O-])ccc1Cl,2.380211242
Cn1nc(C(C)(C)NC(=O)[C@H]2[C@@H]3CNC[C@@H]32)c2ccccc21,2.114010162
CCC(=O)Nc1cc2c(NCc3ccc(OC)c(Cl)c3)ncnc2c(CCO)c1OC,1.074095697
CCC(NC(=O)NCCc1cnn(C)c1C)c1c(C)noc1C,1.877983698
Cn1cc(C2c3ccccc3C(=O)N2C2CCCCC2)c2ccccc21,1.277294424
CNc1nc(NCCCN(C)C)c2sc(-c3ccc(S(C)(=O)=O)cc3)cc2n1,2.060773363
COc1ccccc1/C=C/c1nc(S(=O)(=O)c2ccccc2)c(N2CCN(C)CC2)o1,1.0049752695
NS(=O)(=O)c1cc(-c2nnc(CN3CCN(c4ccc(Cl)cc4)CC3)o2)c(Cl)cc1SCc1ccccc1,1.436162647
CON(C)C(=O)c1cc(C(C)C)nc2c1c(C)nn2C(C)(C)C,0.947401518
CC(C)(C)/C(=C\n1ccnc1)c1ccc(C(C)(C)C)cc1Cl,1.0021924755
C1=CC=C(C=C1)CCCC(=O)O,2.079181246
CS(=O)(=O)N1CCC(C(=O)N(CCCN2CCC(Cc3cccc(C(N)=O)c3)CC2)c2ccc(Cl)c(Cl)c2)CC1,1.818147574
CC(C)CCN(C)C1CCN(S(=O)(=O)c2ccc(C(C)(C)C)cc2)CC1.Cl,1.5328784945
CN1CC2CCC(C1)N2C(=O)[C@]12C[C@H]1c1cc(F)ccc1-c1c(C3CCCCC3)c3ccc(C(=O)NS(=O)(=O)C4CC4)cc3n1C2,2.079181246
Cc1nn(C)cc1-c1nc2c(Oc3ccc(C(=O)NC4CCC4)cc3)c(Cl)cnc2[nH]1,1.137784202
COc1ccc(N)cc1-n1nnnc1-n1cccn1,1.533959788
Cc1nc(-c2ccccc2)c(C(=O)N2CCCCC2CNc2ccc(C(F)(F)F)cn2)s1,2.255272505
CC(C)N1c2nc(-n3ccnc3-c3ccc(F)cc3)ncc2N(C)C(=O)C12CCC2,0.810242493
COc1ccc2[nH]c(SCc3ccc4ccccc4n3)nc2c1,0.691965103
CCS(=O)(=O)c1ccc2[nH]c(N3CCOC(c4ccccc4)C3)nc2c1,2.251494747
CCCNC(=O)[C@H]1CC[C@H](NC(=O)c2cc3sc(Br)cc3n2Cc2ccc(OC)cc2)CC1,0.598812385
C[C@]12CC[C@H]3[C@@H](CC=C4C[C@@H](O)CC[C@@]43C)C1=CC=C2c1cncc(F)c1,8.68502e-05
O=C(NCc1ccc(Cl)cc1Cl)N1CCC(Oc2ccncc2)CC1,1.62324929
CCOC(=O)N1CCN(C(=O)C2=C(C)C(=O)OC23CCN(S(=O)(=O)CC)CC3)CC1,3.315766141
CCC(C)NC(=O)c1ccc2c(=O)n(C(C)C)c3nn(CC(=O)Nc4ccc(C(C)C)cc4)c(=O)n3c2c1,1.629956123
Cc1ccc(C)c(CS(=O)Cc2cc(=O)n(C)c(=O)n2C)c1,1.772309781
Cn1c2ccccc2c2cc(CCOc3nccnc3-c3ccc(F)cc3)cnc21,1.255248697
C1=CC(=CC(=C1)Cl)CNCCC2=CC=C(C=C2)N=C(C3=CC=CS3)N,2.079181246
C1=CC=C(C(=C1)C2=C3C=C(C(=O)C(=C3OC4=C(C(=C(C=C24)Br)[O-])Br)Br)Br)C(=O)[O-],2.079181246
CC(C)NC[C@H](COC1=CC=C(C=C1)CCOC)O,2.079181246
c1ccc(CCNCc2cccc(Oc3nnnn3-c3ccccc3)c2)cc1,0.940598821
COCCOCC(OC(=O)c1ccc(NC(N)=O)cc1)C(C)(C)C,1.409384451
NS(=O)(=O)c1ccc(-c2nc3cscc3c(=O)[nH]2)cc1,1.540263155
COc1ccc2[nH]cc(CCn3c(N)cc(=O)[nH]c3=O)c2c1,1.8647332745
COC(=O)c1csc(COc2ccc(F)c(F)c2)n1,1.4828193225
COc1cc2c(N3CCN(C(=O)Nc4ccc(C#N)cc4)CC3)ncnc2cc1OCCCN1CCCCC1C,1.447189051
CC(=O)N1CCC(C(=O)N(CCCN2CCC(S(=O)(=O)c3ccc(F)cc3)CC2)c2ccc(Cl)c(Cl)c2)CC1,1.073230704
CC(=O)NC[C@@H]1OC(=O)N2c3ccc(-c4ccc(N5CCOC5=O)nc4)cc3SC[C@@H]12,2.781611782
CCOC(=O)N1CCN(C(=O)c2cc(-c3ccccc3)nn2C)CC1,1.2505745435
c1ccc2c(Sc3nccc4ccccc34)nccc2c1,0.8367091435
Cc1ccc2cc(CNCC3COCCO3)c3nnnn3c2c1,2.15193649
CN1CCC(Nc2ccc3ncc(-c4ccc(Nc5ncc(Cl)cc5F)cc4)n3n2)CC1,2.264418195
O=C(Cn1nc2c(cc1=O)CCCCC2)Nc1nc[nH]n1,2.463415703
Fc1ccccc1-c1ccc2[nH]c(/C=C/C3CCCCC3)nc2c1,2.535415889
N#C/N=C(\NCc1ccc(S(=O)(=O)c2cc(F)cc(F)c2)cc1)Nc1ccncc1,2.047664915
Fc1ccccc1C(Cc1ccccc1OC(F)(F)F)N1CCNCC1,2.065289556666667
COc1ccc(-c2ncon2)c2[nH]cc(C(=O)C(=O)N3CCN(C(=O)c4ccccc4)CC3)c12,1.204174266
COc1nn(C)c(=O)n1-c1cccc(Cl)c1Cl,1.053624991
CN1CCC(NC(=O)c2cnc(NCc3cc(Cl)ccc3Cl)nc2NC2CCC(N(C)C)CC2)CC1,1.36169007
O=C(NC[C@H]1CC[C@@H](COc2ccccc2)CC1)c1cn[nH]c1,1.643432935
O=C1Nc2ccc(F)c(F)c2C(CCF)(c2ccc(F)cc2)N1CC(F)(F)F,2.000389541
CCC1=C(C(=CC=C1)CC)NC(=O)N2CC3=C(C2)NN=C3NC(=O)C4=CC=C(C=C4)N5CCN(CC5)C,2.079181246
O=C(Nc1ccc(NC(=O)c2ccco2)cc1)c1ccc(Cl)c(C(F)(F)F)c1,1.146065989
COc1cc(OC)c(OC)cc1CNC(C)(C)CC(C)(C)C,2.0112770400000004
CNC(=O)N1CCc2cc(S(=O)(=O)Nc3ccc(Cl)cc3)ccc21,1.5103551575
C1=CC(=CC=C1COC(CN2C=CN=C2)C3=C(C=C(C=C3)Cl)Cl)Cl,1.953373051
Cc1cc(C)c(C(=O)c2ccc(C(=O)NC(C)(C)C)cc2)c(C)c1,0.8719126779999999
Cc1cnn(C2CCCC2)c1NC(=O)N1CCC[C@H]1c1nc(C(C)C)no1,1.3649355125
NC(=O)c1sc(-c2ccccc2)cc1N,1.34246216
OCc1onc2c1CCOC2c1ccc(Cl)cc1,1.810453299
CCn1nc(-c2cccc3ccncc23)cc1-c1ccc(N)nn1,1.468424729
C[C@](O)(c1ccc(C(=O)N(C2CC2)[C@H]2CC[C@](CCC(N)=O)(c3ccc(F)cc3)CC2)cc1)C(F)(F)F,2.295268828
Cc1cncc(C2=CC[C@H]3[C@@H]4CC[C@H]5COCCC[C@]5(C)[C@H]4CC[C@]23C)c1,8.68502e-05
Cc1ccc(OC(CC2CNC2)c2ccc(Cl)c(F)c2)cc1,1.595614978
CC[C@H]1OC(=O)[C@H](C)[C@@H](O[C@H]2C[C@@](C)(OC)[C@@H](O)[C@H](C)O2)[C@H](C)[C@@H](O[C@@H]2O[C@H](C)C[C@H](N(C)C)[C@H]2O)[C@](C)(O)C[C@@H](C)CN(CCCN(CCC#N)C(=S)NCCc2ccccc2)[C@H](C)[C@@H](O)[C@]1(C)O,2.012921546
CC(C)c1cc(C(C)C)c(S(=O)(=O)NCc2ccc(S(N)(=O)=O)cc2)c(C(C)C)c1,0.6707925115
NC(=O)OC(CCN1CCN(c2ccccc2)CC1)c1ccccc1,1.278799314
CCc1nn(CC(=O)N2CCC(N3CCCCC3)CC2)c(=O)c2cc3sccc3n12,2.28310875
CN(c1ncnc2[nH]ccc12)C1CCCCCCC1,0.845222106
O=C(Nc1ccc(F)c(-c2nc3ncccc3o2)c1)c1cnco1,2.093491727
Cc1nc2c(Cl)cccc2n1-c1cc(Oc2cccc(S(=O)(=O)C(C)C)c2)ccc1Cl,1.397974751
CC1(COc2ccccc2)CC(n2ccnc2)C(c2ccc(-c3ccccc3)cc2)=NO1,1.700073127
CN(C)[C@]1(C)C[C@H](C(=O)N2CCC(c3ccnn3-c3ccc(F)c(Cl)c3)CC2)[C@@H](c2ccc(F)cc2F)C1,0.654701031
CC(C)(C(=O)NC(N)=O)[C@@H]1c2ccc(-c3ccc(C(=O)N4CCOCC4)cc3)nc2Oc2c(F)cccc21,1.612762671
COc1ccc(S(=O)(=O)N[C@H]2CC[C@@H](N3CCC(c4ccccc4OC4CC4)CC3)CC2)cc1OC,1.255272505
O=C1c2cc(OC(F)(F)F)ccc2-n2c1nc1ccccc1c2=O,1.896644974
COc1cc(OC)cc(-c2nnc(SCC(=O)NC3CC4CCC3C4)[nH]2)c1,0.7165110535
CCc1nc(-c2cccc(-c3noc(-c4ccc(Br)o4)n3)c2)cs1,1.395952788
COc1ccc2c(c1)CCCN2c1nc(Cl)nc2ccoc12,1.283301229
COc1cccc(-c2cc(C(N)=O)c3[nH]c4cc(C(=O)N5CC[C@H](N(C)C)C5)ccc4c3c2)c1,1.381912662
CCS(=O)(=O)N1CCN(c2ccc(Cl)c(Cl)c2)CC1,2.1824359385
CCCc1cnc(N2CCC(C3Cc4cc(C5=CCN(S(=O)(=O)CCC)CC5)ccc4O3)CC2)nc1,1.306177174
O=C(NCc1cccnc1)Nc1ccc(S(=O)(=O)N2CCC2)cc1,3.012537144
CC[C@H]1OC(=O)[C@H](C)[C@@H](O[C@H]2C[C@@](C)(OC)[C@@H](O)[C@H](C)O2)[C@H](C)[C@@H](O[C@@H]2O[C@H](C)C[C@H](N(C)C)[C@H]2O)[C@](C)(O)C[C@@H](C)CN(CCCNC(=O)Nc2ccc3ccccc3c2)[C@H](C)[C@@H](O)[C@]1(C)O,2.079181246
OC1C2CC3CC1CC(C2)C3(Cc1nnn[nH]1)c1ccc(-c2ccccc2)nc1,1.866264587
Cc1ccc(S(=O)(=O)n2cc(-c3cc(Cl)c(O)c(Cl)c3)c3c(N4CCN(C(=O)c5ccccc5)CC4)ncnc32)cc1,1.6335102095
CCc1cc(-c2ccc(C(F)(F)F)o2)n(-c2ccc3c(c2)nc(-c2cc(C(=O)N4CCCC4)ccc2O)n3Cc2ccc(=O)[nH]c2)n1,1.477121255
CC(C)(C)C1=CC=C(C=C1)CNC(=S)NCC2=CC(=C(C=C2)NS(=O)(=O)C)F,1.633266411
Brc1cccc(-c2cnc3n2CCCCC3)c1.Cl,0.6593404975
COc1ccc2[nH]c(SCc3ccc(Cl)cc3)nc2c1,0.643432935
CC(C)c1ccc(C(c2nnnn2Cc2ccccc2)N2CCCN(C3CCC3)CC2)cc1,0.954242509
CC(C)CN1CCCC1c1ccc(NC(=O)Nc2ccccc2N2CC(C)(C)c3c(-c4ccc(F)cc4)ccc(O)c32)cc1,1.104646419
O=C1CN(Cc2ccc(-c3cccc(CN4CCCCC4)n3)cc2)C(=O)N1CC1CC1,1.579760738
COc1c(-c2ccc(F)c(F)c2)c(-n2cncn2)nc2ccc(F)cc12,1.4772669884999998
COc1ccc(-c2cc(-c3ccc(C(=O)N(C)C)cc3)cnc2N)cn1,2.193124598
COc1cc(=O)n2c(c1C(=O)Nc1ccc3c(c1)OCCO3)CCCC2,2.114914087
CCCCC(CC)CN=C(N)NC(=NCCCCCCN=C(N)NC(=NCC(CC)CCCC)N)N,2.079181246
COc1cc2c(cc1-c1c(C)noc1C)ncc1nc(C3CCC(F)(F)CC3)n([C@H](C)COC(F)F)c12,1.638486293
CNc1nc(NCCCN(C)C)c2sc(-c3cccc4cnccc34)cc2n1,1.403154851
N#Cc1ccc(Oc2ccc(NC(=O)NCc3cc[nH]n3)cn2)cc1,1.7097361759999998
CCC(C)(C)C1CCC2(CC1)NC(=O)N(CC(=O)N1CCC(N3CCNC3=O)CC1)C2=O,1.6500799375
CN(C)C1=CC(=CC=C1)OC2=CN=C(N=C2)NC3=CC(=CC=C3)O,1.341236623
CCNC(=O)Nc1sc2cc(C)ccc2c1C(=O)N1CCN(C2CCN(C(=O)C(C)(C)CF)CC2)CC1,1.775486331
N#Cc1csc(NC(=O)CN2C(=O)CCc3ncccc32)c1-c1nccs1,1.054883426
CC(C)(C)CN1CCC2(CC1)CCN(c1ccccc1NC(=O)Nc1ccc(OC(F)(F)F)cc1)c1ccccc12,1.818147574
CS(=O)(=O)Nc1ccc2c(c1)S(=O)(=O)N=C(C1=C(O)C3CCCC3N(Cc3ccc(F)cc3)C1=O)N2,3.313567139
COC(=O)CCN1C(=O)c2ccncc2C1=Cc1ccccc1,0.3927929885
CC(C)(C)c1cc(NC(=O)[C@@H]2CCCCN2C(=O)[C@H]2CC[C@H](O)CC2)no1,2.079181246
CC(C)(C)c1nc2cc(S(=O)(=O)c3nccs3)ccc2n1CC1CCOCC1,0.875061263
CCCCCn1cc(C(=O)NC23CC4CC(CC(C4)C2)C3)c(=O)cc1C(C)(C)C,0.955731027
N=C(N)c1ccc(Oc2cc(NC(=O)[C@H]3CC[C@H](N)CC3)cc(Oc3ccc(C(=N)N)cc3)c2)cc1,2.658136857
O=C(O)/C=C/c1ccc(NC(=O)C2(NC(=O)c3ccc4c(c3)nc(-c3ccccn3)n4C3CCCCC3)CCCC2)cc1,1.826204423
COCCOc1ccc(C2CN(NS(C)(=O)=O)C(=O)N2CCc2ccc(OC)cc2)cc1,1.477121255
O=C(Cc1cccc(OC(F)(F)F)c1)Nc1ccc(CCCCc2nnc(NC(=O)Cc3ccccn3)s2)nn1,1.176091259
CC1(COc2ccc(C(F)(F)F)cn2)Cn2cc([N+](=O)[O-])nc2O1,2.377546323
Cc1ccc(S(=O)(=O)N2CCC(C(=O)Nc3cccc4cccnc34)CC2)c(C)c1,1.041313715
COCCn1cc(C(=O)NCc2nc3ccccc3[nH]2)c2ccccc2c1=O,1.510813465
N#Cc1ccc(F)cc1Cn1c(N2CCC[C@@H](N)C2)ncc(F)c1=O,2.300986564
CC(=O)N1CCCC1c1cc2[nH]c(-c3ccccn3)nc2cc1Oc1ccccc1F,1.097647369
Cc1ccc(Nc2nc(Cl)nc(NC(C)C)n2)cc1,0.6711432935
CCn1ccc(C(=O)Nc2cccn3ncnc23)n1,0.9995365925
CN(C(=O)CN(c1ccc(Cl)c(Cl)c1)S(C)(=O)=O)C(CN1CCCC1)c1ccc(-c2ccnc(Cl)c2)cc1,1.252544362
C1CCN(C1)C(=O)CCNC2=C(N=C3N2C=CN=C3)C4=CC=CC=C4,0.902546779
CC(C)(C)c1cc(C(=O)O)c(NC(=O)Nc2ccc3[nH]ncc3c2)s1,2.079181246
C[C@](O)(c1ccc(C(=O)N(C2CC2)[C@H]2CC[C@](COC(N)=O)(c3ccccc3F)CC2)cc1)C(F)(F)F,2.295268828
COC(=O)Nc1ccc2c(c1)NC(=O)C[C@@H](C)/C=C/C[C@H](NC(=O)c1c(F)cc(C)cc1F)c1nc-2c(Cl)[nH]1,1.544043227
CC(C)Oc1cc(NC(=O)C2(NC(=O)c3ccc4c(C5CCCC5)c(-c5ccccn5)n(C)c4c3)CCC2)ccc1/C=C/C(=O)O,2.056904851
COc1ccc(CNc2ncnc3c(CCO)c(OC)c(N(C)C(=O)C(C)C)cc23)cc1Cl,1.136595664
O=c1cc(-c2ccc(N3CCCC3)cc2)oc2c1ccc1cc[nH]c12,0.973274635
CC(=O)N1N=C(Cn2nc(C)cc2C)OC1c1ccccc1OCc1cccc(Br)c1,0.8420922120000001
CCOc1ccsc1C1=NOC(C)(COCc2c(Cl)cccc2Cl)C1,0.7148432105
Fc1ccc(-c2ccc3ccnc(N4CCOCC4)c3c2)cc1Cl,1.0336536945
O=C(NO)c1sc2ccccc2c1S(=O)(=O)c1ccccc1,2.886377907
CC(C)n1[nH]c(=O)c2c1NC(=O)CC2c1cnn(C)c1,1.3785083735
COC(=O)CCNC(=O)CCc1nnc(O)[nH]c1=O,2.4905573095
CC1=C(C(=CC=C1)NC(=O)NC2=CC=CS2)C,1.010723865
Cc1c(CN2CCN(S(C)(=O)=O)CC2)nc2c(N3CCOCC3)nc(-c3cnc(N)nc3)cn12,1.910272477
Cc1ccccc1-c1ccc2[nH]c(/C=C/C3CCCCC3)nc2c1,1.423578423
NCC1(c2ccc(Cl)c(Cl)c2)CCCCC1,2.477121255
COc1ccc(-c2nnnn2CCC(=O)c2ccccc2)cc1,1.083733639
COc1ccc(N(C)S(=O)(=O)c2cc3c(cc2Cl)Oc2ccccc2NC3=O)cc1,1.536723593
Cc1c(CC(=O)O)c2ccsc2n1Cc1ccc(S(C)(=O)=O)cc1,2.343385842
CC(C)(C)c1cnc(NC(=O)N2CCCN(C(=O)C3CCOCC3)CC2)s1,1.431363764
CCCNC(=O)[C@@H]1C[C@H]2CCC[C@@H](C1)[C@@H]2NC(=O)c1cc2sc(Br)cc2n1Cc1ccc(OC)cc1,1.654195801
COc1cccc([C@H]2CN(CC(=O)N3CCC(C(=O)O)CC3)C(=O)[C@H](CC(C)C)c3ccc(Cl)cc32)c1OC,2.223717855
COc1cc(C)c(Nc2nc(Cl)cn([C@H](C)C3CC3)c2=O)c(C)n1,1.517117578
COc1cc(=O)n(C)cc1C(=O)NC1CCCC1,3.315766141
CCOC1=C(C=C(C=C1)CNC(=O)CN2C3=C(C=CC(=C3)F)N4C=CC=C4C2=O)OC,1.906658218
CCc1nc(N)nc(N)c1-c1ccc2c(c1)N(CCCOC)CC(C)O2,1.477121255
Cc1nn2c(N(C)C)cc(Cl)nc2c1Br,1.274797887
CCOc1cc(=O)n2c(c1C(=O)NCCCOC(C)C)CCCCC2,1.8631462375
c1ccc2cc(CN(C3CCCCC3)C3CNC3)ccc2c1,1.188555375
COc1ccccc1NC(=O)c1cc2c(OC)cccc2[nH]1,0.8887579805
CC1(C)Cc2c(c(N3CCOCC3)nc3sc4c(=O)n(CCc5ccccc5)cnc4c23)CO1,0.841205112
CC1(C)CC=C(c2cc(C(C)(C)NCCN3CCOCC3)ccc2NC(=O)c2nc(C#N)c[nH]2)CC1,1.543172303
COc1ccc2c(c1)C(=O)N1CCC[C@H]1c1c(C(=O)OC(C)(C)C)ncn1-2,2.778284836
O=c1ccc2cc(S(=O)(=O)N3CCOCC3)ccc2[nH]1,1.940284657
O=c1[nH]c(-c2ccc(F)cc2)c(-c2ccc(F)cc2)c(=O)n1Cc1ccc(Cl)cc1Cl,3.315766141
CC(C)(C)CCN1C(=O)C(C2=NS(=O)(=O)c3cc(NS(C)(=O)=O)ccc3N2)=C(O)[C@H]2CCC[C@H]21,1.204174266
Cc1cc(C2CCN(C(=O)[C@@H]3CN(C(C)(C)C)C[C@H]3c3ccc(F)cc3F)CC2)n(-c2ccc(C)c(Cl)c2)n1,0.654701031
Cn1nnc(-c2ccc(OCC(=O)Nc3ccc4[nH]ccc4c3)cc2)n1,1.428017712
O=C(c1ccc(Cl)s1)N1CCCn2nc(-c3ccncc3)cc2C1,1.7401966035
Cc1nc(CCN2CC3(CCNCC3)CCC2=O)sc1Cl,1.7880470389999998
Cc1nc2ccc(Cl)cn2c1C(=O)NCc1ccc(-c2ccccc2)cc1,2.079181246
CCC1(c2ccc(F)cc2)c2c(ccc(F)c2F)NC(=O)N1CC(F)(F)F,0.955731027
CCCn1nc(C)c(-c2cncn2CC(c2ccccc2Cl)N(C)C)c1C.Cl,1.3943691815
Cc1cc(S(=O)(=O)C2CC2)cc(=O)n1[C@@H](CC1CCCCO1)C(=O)Nc1ncc(Cl)s1,1.77815125
CN1[C@@H]2CC[C@H]1CC(C2)OC(=O)C3=CNC4=CC=CC=C43,2.079181246
CC1=C2C[C@H]3[C@@H](CC[C@@H]4Cc5nonc5C[C@@]43C)[C@@H]2CC[C@@]2(C1)O[C@@H]1C[C@H](C)CN[C@H]1[C@H]2C,0.9029814
COc1ccc(-c2n[nH]cc2CN(Cc2ccncc2)C2CC(C)(C)NC(C)(C)C2)cc1.O=C(O)CC(O)(CC(=O)O)C(=O)O,1.843589732
COC(=O)c1c(CS(=O)(=O)c2ccccc2)n(S(=O)(=O)c2ccccc2)c2ccccc12,0.818579422
C=C(C)[C@@H]1CC[C@]2(C(=O)NCCCCCCCC(=O)O)CC[C@]3(C)[C@H](CC[C@@H]4[C@@]5(C)CC[C@H](O)C(C)(C)[C@@H]5CC[C@]43C)[C@@H]12,1.5986109204
Cc1c2c(n3c1CCCNC[C@H](C)Nc1cc-3ccc1C(N)=O)CC(C)(C)CC2=O,1.00008685
CN1CCc2nc(C(=O)N[C@@H]3CCCC[C@@H]3NC(=O)c3cc4cc(Cl)ccc4[nH]3)sc2C1.Cl,0.649637904
O=c1n(Cc2ccccn2)nc(-c2ccnc(NC3CCOCC3)c2)n1-c1ccc2ccccc2c1,1.355913422
CC(C)OC(=O)C1=CN(C(=O)c2ccc(OCCCN3CCN(C)CC3)cc2)CC(C)(C)c2c1[nH]c1ccccc21,1.255272505
COCC(C)(C)c1noc(-c2cccc3nn[nH]c23)n1,1.922520414
COCc1nc(CCNS(=O)(=O)c2cccc(OC)c2)no1,0.256761023
C#Cc1ccc(Nc2c(C(=O)NOCCO)c3n(c(=O)c2F)CCC3)c(F)c1,2.107142106
CCc1nc2ccccn2c1C(=O)NCc1ccc(-c2ccccc2)cc1,1.433001341
Cc1nc(C(=O)N2[C@H](CNc3ccc(C(F)(F)F)cn3)CCC[C@@H]2C)c(-c2ccc(F)cc2)s1,2.079181246
O=C(C1=COCCO1)N(CCn1cccn1)c1nc2c(Cl)cccc2s1,1.1774605509999998
CCN(C(=O)c1ccc([C@](C)(O)C(F)(F)F)cc1)C1CCCCC1,0.841443718
COc1c(F)ccc(-c2cn([C@@H](CC(C)C)C(N)=O)nn2)c1F,1.3428335915
COc1cccc([C@@]2(OC)CCCC[C@@H]2CN(C)C)c1,2.321323554
CC(C)(O)c1cn(Cc2nnc(-c3cc(S(N)(=O)=O)c(SCc4ccccc4)cc3Cl)o2)nn1,1.139879086
CCC(=O)[N-]S(=O)(=O)C1=CC=C(C=C1)C2=C(ON=C2C3=CC=CC=C3)C.[Na+],1.686099772
CCCNC(=O)[C@H]1[C@@H]2CCC[C@H]1CN(C(=O)c1cc3sc(Br)cc3n1Cc1ccc(OC)cc1)C2,0.558684576
COc1ccccc1N1C[C@@H]2C[C@@H](c3nccn3-c3cccc(C)c3)N3CCC[C@@]23C1=O,1.2301464475
COc1ccc(Br)c2[nH]c(=O)cc(CCO)c12,1.8446564255
Fc1ccc(C(c2nnnn2Cc2ccccc2)N2C[C@@H]3C[C@H]2CN3C2CCC2)cc1,0.845222106
COc1ccc2c(c1)CC(C(=O)Nc1ccc(-c3cn[nH]c3)cc1OC)CO2,1.079181246
CNc1cc(C2(C(=O)Nc3cc(C(=O)Nc4ccc(OCC5CCN(C)CC5)c(C(F)(F)F)c4)ccc3C)CC2)ncn1,2.269512944
Cn1c(-c2ccccn2)c(C2CCCC2)c2ccc(C(=O)NC(C)(C)C(=O)Nc3ccc(/C=C/C(=O)O)cc3)cc21,2.318105092
COc1ccc(-n2nc3c4cc(Cl)ccc4[nH]cc-3c2=O)cn1,2.6916773155
Cc1ncn(-c2ccc(C(=O)N[C@H]3[C@H]4CC[C@H]3N(c3ncc(Cl)c5cnoc35)C4)c(Cl)c2)n1,0.797999029
O=S(=O)(c1cccc2cnccc12)N1CCCNCC1,1.863441829
CN(C)CC(C)(C)COc1ccc(NC(=O)Nc2cccnc2Oc2ccccc2[Si](C)(C)C)cc1,0.748148895
NC(=O)C12CC3CC(C1)C(NC(=O)C1SCCN1S(=O)(=O)c1ccc(Cl)c(Cl)c1)C(C3)C2,1.39161967
C#Cc1ccc2c(c1)C(c1ccccc1)=NCc1c(C(=O)NC)ncn1-2,3.1727452133333336
Nc1sc2c(c1C(=O)c1ccc3ccccc3c1)CCCC2,8.68502e-05
CCC1=C(N=C(C(=N1)C(=O)N)NC2=CC(=C(C=C2)N3CCC(CC3)N4CCN(CC4)C)OC)NC5CCOCC5,2.079181246
CCN1CCN(CC1)C(=O)CC2=CC=CN2C3=CC=C(C=C3)F,2.056256736
COc1cc(NC(=O)CCC(=O)OC(C)C)nc(OC)n1,1.234894838
CCN1C(=O)C(NC1=O)C2=CC=CC=C2,2.079181246
Cc1cc(-c2ccc(C(=O)c3cccc(O)c3)s2)ccc1O,2.00008685
C[C@@H](c1cn(-c2cccc[n+]2[O-])c(=O)c2c(C(F)(F)F)cccc12)N1C(=O)c2ccccc2C1=O,3.2684002475
O=C(N/C=C/c1nc(-c2cccc(F)c2)cs1)N1CCCCC1,0.5669657020000001
Cn1c(-c2csc(-c3cccnc3)n2)c(C2CCCCC2)c2ccc(C(=O)NC(C)(C)C(=O)Nc3ccc(/C=C/C(=O)O)cc3)cc21,1.414939939
Fc1ccc(-n2ccc(CN3CCC(Nc4cccnn4)CC3)n2)c(F)c1,2.0763617785
CC(C)CCn1nc(-c2cccs2)c(O)c(C2=NS(=O)(=O)c3cc(OC(C)(C)C(N)=O)ccc3N2)c1=O,1.322219295
CC(=O)N1CCCC1c1cc2[nH]c(-c3ccccn3)nc2cc1Oc1cccc(-c2ccccc2)c1,1.638486293
CCN1CCN(CCNC(=O)c2ccc3c(c2)N(Cc2cccc(C)c2)C(=O)c2ccccc2S3(=O)=O)CC1,0.983783425
CC(C)[C@]1(C(=O)N2C[C@@H]3C[C@H]2CN3C(=O)C2CCC2)CC[C@@H](NC2CCOCC2F)C1,1.322219295
Cc1ccc(NC(=O)c2ccoc2)cc1-c1nc2ncccc2o1,1.00008685
COc1cncc(C2=CC[C@H]3[C@@H]4CC(=O)C5CCCC[C@]5(C)[C@H]4CC[C@]23C)c1,8.68502e-05
CC(C)N(C1=CC(=O)OC12CCCCC2)C(C)C,1.35853453
CC(C)CCn1nc(-c2cccs2)c(O)c(C2=NS(=O)(=O)c3cc(O)ccc3N2)c1=O,0.748172516
CCOC(=O)/C(=C/OC)n1c(COc2ccc(C)cc2C)noc1=O,0.6575190485
CC1(C)CC(NC(=O)CCc2nc3ncc(Br)cc3[nH]2)CC(C)(C)N1,1.6539598555
Cn1c(C(=O)O)cc2cc(NC(=O)C(C)(C)NC(=O)c3ccc4c(C5CCCCC5)c(-c5ccccn5)n(C)c4c3)ccc21,1.556302501
CN(Cc1ccccc1)c1nc2ccccc2n1CC(O)COc1ccccc1,0.6217268305
CN(C)C(=O)c1ccc(CC2CCN(CCCN(C(=O)C3CCN(S(C)(=O)=O)CC3)c3ccc(Cl)c(Cl)c3)CC2)cc1,1.663137356
O=C(O)C1CS(=O)C2c3ccccc3C(=O)N12,1.130133282
CC(C)=CCO[C@H]1CCOC[C@H]1Nc1ncc(F)c(N2CCOCC2)n1,0.6736175355
CC[C@@H]1C(=O)N(C)c2cnc(-c3cn[nH]c3-c3nccs3)nc2N1C1CCOCC1,1.439986773
Cc1nc(-c2ccc(C(c3nnnn3Cc3ccccc3)N3CCCN(C4CCC4)CC3)cc2)cs1,1.041313715
C(=Nn1cnnc1)c1cn(-c2cccs2)nc1-c1ccccc1,1.3635392325
COC(=O)N[C@@H]1CC[C@@H](n2nnc3cnc4[nH]ccc4c32)C1,2.411619706
O=C(Cn1c(=O)ccc2c(C(F)(F)F)cccc21)Nc1scc(Br)c1-c1ncn[nH]1,1.464644118
CCNC(=O)Nc1sc2cc(F)ccc2c1C(=O)N1CCN(C2CCN(C(=O)C(C)(C)C(F)(F)F)CC2)CC1,0.76846358
c1cncc(CN2CCN(c3ccc(-c4nc5ccccc5s4)cc3)CC2)c1,1.535319443
CC(C)(C)c1ccc(Oc2ccc(N)c(Cl)c2)cc1,1.891072416
CCN(CC)C(=O)C(c1ccccc1)N1CCN(c2ccc(NC(=O)c3ccccc3-c3cccnc3)cc2F)CC1,0.5397341069999999
O=C(Nc1ccc(C(F)(F)F)cc1)N1CCCC1c1nccn1Cc1ccc(Cl)cc1,1.344076327
Cc1c(C#N)c(NS(=O)(=O)CCCCF)n2ccccc12,0.9931216515
CC1=C2C[C@H]3[C@@H](CC[C@@H]4Cc5nocc5C[C@@]43C)[C@@H]2CC[C@@]2(C1)O[C@@H]1C[C@H](C)CN[C@H]1[C@H]2C,0.9029814
O=C(NCCCN1CCOC1=O)c1cnc(NCc2cc(Cl)ccc2Cl)nc1NC1CCCC1,0.300986564
CC(C)c1cc(CN2Cc3ccccc3S2(=O)=O)nn1-c1ccccc1,0.832262532
OC1(CN2CCC(c3nnc4ccccn34)CC2)CCNC1,1.6880442995
CC[C@H]1OC(=O)[C@H](C)[C@@H](O[C@H]2C[C@@](C)(OC)[C@@H](O)[C@H](C)O2)[C@H](C)[C@@H](O[C@@H]2O[C@H](C)C[C@H](N(C)C)[C@H]2O)[C@](C)(O)C[C@@H](C)CN(CCNC(=O)NCCc2ccccc2)[C@H](C)[C@@H](O)[C@]1(C)O,2.079181246
COc1ccc(CN2CCC3(CCNCC3)C2)cc1Cn1cncn1,1.102376381
O=S(=O)(CC(F)(F)F)c1ccc2[nH]c(N3CCOC(c4ccccc4)C3)nc2c1,2.107042763
Cn1cc(-n2cc(Cc3c(Cl)cccc3Cl)c(=O)[nH]c2=O)cn1,1.4710267985
CCc1cc(CN2OCC(C)(C)C2=O)c(Cl)s1,0.607487176
Cc1ccc(NC(=O)c2ccc(CN3CCN(C)CC3)c(C(F)(F)F)c2)cc1NC(=O)c1cccc(-c2cnn(C)c2)c1,1.427789154
O=C(NCCCN1CCOCC1)c1cccc(-n2ncc3cc(Nc4ccccc4Cl)ccc32)c1,0.934397441
CCN(CC)CC1=CC=C(C=C1)C(=O)N(CCC2=CC=CC=C2OC)[C@@H]3CCNC3,2.079181246
COc1ccc2nc3cc(Cl)ccc3c(N/C(C)=N/CCCN3CCCCC3)c2n1,1.146065989
Cc1cc(N2CCCCC2)nc(N2CCN(S(=O)(=O)c3ccc4cccc5c4c3CC5)CC2)n1,0.7797493605000001
CCCC(=O)NS(=O)(=O)c1ccc(C(CC2CCCC2)C(=O)Nc2nc3ccc(OC)nc3s2)cc1,0.34246216
CCOC(=O)c1c(C)nc2c(c3c(n2Cc2ccc(OC)cc2)CCC3)c1-c1ccc2c3c(ccnc13)CCO2,0.574673731
c1ccc(CN(CCCCN(C[C@H]2Cc3ccccc3CN2)[C@H]2CCCc3cccnc32)Cc2ccccc2)cc1,0.359632951
COc1cc(NCC2CCNCC2)nc2c1nnn2-c1cccc(OC(F)(F)F)c1,2.533198121
Cc1cccc(CN(C2CCOCC2)[C@H]2CCNC2)c1Cl,2.079181246
CC1(C)CC2(CCCN(CC(O)(c3ccccc3)c3ccccc3)C2)CCO1,0.3284868685
C[C@@H]1CC[C@H]([C@@H](C)COCC(=O)NCc2ccccc2)C[C@@H]1N(C)c1ncnc2[nH]ccc12,0.477121255
O=c1[nH]c2ccc(NCc3ccc(-c4ccccc4)cc3)cc2[nH]1,2.201758045
COc1ccccc1-c1cccc(Cn2cnc3ccc(C(=O)NCc4cccc(F)c4)cc32)c1,0.725545316
O=C(Nc1nccs1)[C@H](CC1CCCCC1)N1CCN(S(=O)(=O)C2CCCC2)CC1=O,0.698952632
CN([C@H](CN1CC[C@@H](C1)O)C2=CC=CC=C2)C(=O)C(C3=CC=CC=C3)C4=CC=CC=C4,0.968015714
COc1nc(OC)c2nno/c(=N\Cc3ccc(F)cc3)c2n1,1.942237562
OCCCc1cc(-c2ccccc2C(F)(F)F)cc2nc(C3=NOC4(CCCCC4)C3)[nH]c12,1.090997259
O=C(Nc1ccc2ncn(Cc3ccc(F)c(Cl)c3)c(=O)c2c1)OCc1ccccc1,1.554654651
CCc1ccc(Cc2cc([C@@H]3S[C@H](CO)[C@@H](O)[C@H](O)[C@H]3O)c(OC)cc2C)cc1,1.994238833
C[C@@H]1CN(C(=O)c2ccccc2)C[C@H](C)N1C(=O)C(=O)c1c[nH]c2cccc(F)c12,1.064242671
CCNC(=O)[C@H]1C[C@@](F)(c2ccc(CN3CCCC3)c(F)c2)C1,2.079181246
COc1cccc(-c2nc3cnccn3c2NCCC(=O)Nc2ccc3c(c2)OCCO3)c1,0.746229892
Cc1ccc(S(=O)(=O)N2CCC(C(=O)Nc3ccc(S(=O)(=O)C(F)(F)F)cc3)CC2)c(C)c1,1.556302501
C[C@H](c1ccc(F)cc1)N1C(=O)O[C@](Cc2ccccc2)(c2nc3cc(-c4cnoc4)ccc3[nH]2)C1=O,1.609674042
CCCN(CCCNc1ccnc2cc(Cl)ccc12)Cc1cc(F)ccc1OC,0.8373879614999999
NS(=O)(=O)C1(CNc2nccc3cccnc23)CCC1,2.268770945
O=S(=O)(c1ccc(C(F)(F)F)cc1)N1c2c[n+]([O-])ccc2-c2n[nH]cc2C1C1CC1,2.174113878
CC(=O)NC[C@H]1CN(C(=O)O1)C2=CC(=C(C=C2)N3CCN(CC3)C(=O)CO)F,2.079181246
CC(C)(C)c1nc2cc(S(=O)(=O)c3ccccc3)ccc2n1CC1CCCCC1,0.849695127
CC(=O)O[C@@]12CO[C@@H]1C[C@H](O)[C@@]1(C)C(=O)[C@H](O)C3=C(C)[C@@H](OC(=O)[C@H](O)[C@@H](NC(=O)OC(C)(C)CF)c4ccccc4)C[C@@](O)([C@@H](OC(=O)c4ccccc4)[C@H]21)C3(C)C,1.91423558
Cc1nc(N2CCC(O)(C3CC3)CC2)nc2ccc(NC(=O)/C=C/c3ccc(Cl)cc3)cc12,1.715368522
C[C@]12CC[C@H]3[C@@H](CCC4=CC(=O)CC[C@@]43C)C1=CC=C2c1cncc(F)c1,8.68502e-05
COc1cc2c(N3CCN(C(=O)Nc4ccc(OC(C)C)cc4)CC3)ncnc2cc1OCCCN1CCOCC1,1.397974751
CC(C)[C@@H]1CN(c2ccc(F)c(S(C)(=O)=O)c2)CCN1c1ncc(Cl)c(C(F)(F)F)n1,1.278799314
OC1C2CC3CC1CC(C2)C3(Cc1nnn[nH]1)c1ccc(-c2cccnc2)cc1,1.468424729
O=C(c1c2c(nc3ccccc13)C(=O)N(C1CCCCC1)C2)N1CCN(C2CCCCC2)CC1,1.2892053025
C1CN(CCN1CCC2=NNN=N2)C3=CC=CC=C3,2.079181246
CC1(C)CC=C(c2cc(C3CC(=O)NC(=O)C3)ccc2NC(=O)c2nc(C#N)c[nH]2)CC1,1.206566989
Nc1nc(N2CCOCC2)[nH]c(=O)c1Br,1.889649935
CC(=O)N1CCC2=C1C=C(C=C2)N(C3CCN(CC3)CCC4CCCC4)C(=O)/C=C/C5=CC(=CC=C5)C#N,1.048053173
COc1cccc2c(C(=O)N3CCN4CCC[C@@H]4C3)cn(CC3CCCCC3)c12,0.698952632
C1=CC(=CC(=C1)O)C2C3=C(C=CC=C3F)NC(=S)N2,2.079181246
O=C1CCCN1c1ccc(C(c2nnnn2Cc2ccccc2)N2CCCN(C3CCC3)CC2)cc1,1.531504463
Clc1ccc(-c2csc3ncnc(N4CCCCC4c4ncc[nH]4)c23)cc1,0.7294076895
CCOC1=C(C=C(C=C1)C2=NC(=NO2)C3=CC=NC=C3)OCC,1.478623985
CCOC(=O)c1cccc(NC(=O)N2Cc3c(sc4c3CCCC4)-n3cccc3C2c2cccc(Cl)c2)c1,1.4843608355
Cc1cc(C)cc(OC(C)C(=O)NCCN(C)C)c1,2.4677357215
CO/N=C(\N)c1ccc(-c2cncc(-c3ccc(/C(N)=N\OC)cc3)n2)cc1,0.934397441
N[C@H]1CCCN(c2ccncc2NC(=O)c2ccc(F)c(-c3c(F)cccc3F)n2)C1,1.397974751
CS(=O)(=O)O.C1[C@@H]2CC(C[C@H]3N2CC(=O)C1C3)OC(=O)C4=CNC5=CC=CC=C54,0.715167358
CN1C(=O)c2cccc(-c3cc(Cl)cc(Cl)c3)c2C1(C)C,1.8319921165
CN(C)C[C@H]1CCCC[C@]1(O)c1cccc(O)c1,3.450249108
CNc1ncc(C(=O)NC[C@H]2CC[C@@H]3C[C@H]2C3(C)C)cn1,1.1794408235
O=c1c(I)coc2cc(OC3CCCCO3)ccc12,1.716483928
Nc1nc(N2CCc3ccccc3C2)nc2ccccc12,1.441890443
Cc1nnc(-c2csc(S(=O)(=O)NC(C)C)c2)o1,1.7113931875
O=C(NCCC(c1ccc(F)cc1)c1ccc(F)cc1)c1ccc(O)nc1,2.041313715
CNc1nc(NCCCN2CCOCC2)c2sc(-c3ccc(C(F)(F)F)cc3)cc2n1,1.378361557
COCC1=C(C=CC2=C1CC[C@H]2C3=NC=CN3)Cl,2.061226225
C[C@]12CC[C@H]3[C@@H](CC=C4C[C@@H](O)CC[C@@]43C)C1=CC=C2c1cccnc1,8.68502e-05
C1CCC(C(CC2CCCCN2)C2CC2)CC1,2.093491727
COCCN1C(=O)c2ccccc2C(C(=O)N(C)c2ccccc2Cl)C1c1cccs1,0.7927132244999999
O=C(CCc1cnnn1-c1ccc(Cl)cc1)c1ccccc1,1.285001889
Cc1cc(-c2cc(=O)[nH]c3nc4ccccc4n23)n(C)n1,1.7756726025
CS(=O)(=O)Nc1ccccc1-c1ccc2[nH]c(/C=C/c3ccc(C(F)(F)F)cc3)nc2c1,1.629921508
O=C(O)c1cc(Cl)ccc1NC(=O)N1C[C@H]2C[C@@H](c3ccccc3C(F)(F)F)C[C@H]2C1,2.251494747
Cc1[nH]nc2c1[C@](c1cc(F)cc(N3CCC(CC(=O)O)CC3)c1)(C(C)C)C(C#N)=C(N)O2,2.40654018
COCCNC(=O)C(c1ccc(Cl)cc1)N(CCOC)C(=O)CCC(=O)Nc1ccccn1,1.1201004490000002
C[C@H]([C@H](C1=CC=CC=C1)O)N.Cl,1.965577958
Cc1nn2cnnc2c(C)c1CCC(=O)Nc1nccs1,1.01421692
O=C(/C=C/c1cccc(S(=O)(=O)Nc2ccccc2)c1)NO,2.607455023
COc1ccc2c(c1CN1CCNCC1)O/C(=C\c1c[nH]c3ncccc13)C2=O,2.596298824
COc1cccc(CNC(=O)c2cc3ccc(-c4cn[nH]c4)nc3[nH]2)c1,1.724259481
CC[C@@H]1C[C@@H](C(=O)NC[C@@H]2CCCO2)CN(Cc2nc(-c3ccccc3)oc2C)C1,0.477121255
O=C(Nc1nc(-c2ccncc2)cs1)C1COc2ccccc2O1,1.255272505
CC(=O)N1CCC(C(=O)N(CCCN2CCC([S+]([O-])c3ccc(F)cc3)CC2)c2ccc(Cl)c(Cl)c2)CC1,1.132552787
C/C=C/CN1C2=C(N=C1SCCCC3=CC=CC=C3)N(C(=O)NC2=O)C,1.005084812
COC(=O)N[C@H](C(=O)N1CCC[C@H]1c1nc(F)c(-c2ccc(-c3ccc(-c4[nH]c([C@@H]5CCCN5C(=O)[C@@H](NC(=O)OC)C(C)C)nc4F)cc3)cc2)[nH]1)C(C)C,2.092650478
CC1=C(OC(=O)O1)COC(=O)[C@H]2C(S[C@H]3N2C(=O)[C@H]3NC(=O)[C@@H](C4=CC=CC=C4)N)(C)C.Cl,1.084576278
C[C@H](N)C(=O)N1CCC(CCn2c(Sc3cc4c(cc3Br)OCO4)nc3c(N)ncnc32)CC1,1.873437003
Cc1noc(C)c1S(=O)(=O)N1CCCC(Oc2nc(C(C)C)nc3c2CCOCC3)C1,0.5509996965
c1ccc(-c2nc3c(-c4ccccc4)ccc(-c4ccccc4)n3n2)cc1,1.931143257
CN1C(=O)CN(Cc2ccc(-c3cccc(CN4CCCCC4)n3)cc2)C1=O,2.041313715
O=C(NC1CCNC1)c1cn2ccnc2c(N2CCN(c3ccccn3)CC2)n1,2.079181246
O=C(CC1CCN(C(=O)c2cccc(C#Cc3ccccn3)c2)CC1)Nc1ccc(O)cc1,2.44648363
N#Cc1nc(-c2ccc(Br)o2)oc1N1CCC(C(=O)Nc2cnccc2O)CC1,1.488343277
Cc1nc(NCCc2c[nH]cn2)cc([C@H]2C[C@@H](O)C2)n1,3.315766141
CN1CCN(CC1)C2=CC(=C(C=C2)NC3=NC=CC(=N3)C4=CN(C5=C4C=CN=C5)C)OC,2.079181246
Cn1cc(-c2ccc(=O)n(CC3CN(c4ncc(OCCN5CCCC5)cn4)CCO3)n2)cn1,3.0527337995
Cc1ccc(CNS(=O)(=O)CC2=NC(=O)n3cccc3C2=O)cc1,0.7493844215
CC(=O)Nc1cccc(N2CCN(CCCCN(C)S(=O)(=O)CC3CCCCC3)CC2)c1,1.079181246
C1=CC=C(C(=C1)C2=NC3=CN(C=CC3=N2)CC4=NN=C(C=C4)C5=C(C=C(C=C5)C(F)(F)F)C(F)(F)F)F,2.079181246
CS(=O)(=O)N1CCN(Cc2cn3c(Cl)c(-c4cnc(N)nc4)nc(N4CCOCC4)c3n2)CC1,1.838449463
c1ccc(-c2nc(Cc3nc4ccccc4[nH]3)no2)cc1,1.2978865885
CCC(C)(C)C(=O)Nc1cc(CN2CCOCC2)c(C)cc1F,1.568118514
CCc1nc2ccc(Cl)cn2c1C(=O)NCc1ccc(-c2ccccc2Cl)cc1,1.589927272
CCN1C(=O)CN(Cc2ccc(-c3ccc(F)c(CN4CCCCC4)n3)cc2)C1=O,1.939519253
Cc1ccc(/C=C/c2onc(C)c2S(=O)(=O)N2CCC(C(=O)Nc3cccnc3)CC2)cc1,2.336333344
Cc1coc2c1C(=O)C(=O)c1c-2ccc2c(C)cccc12,0.809559715
CCOC(=O)N1CCN(C2CCCc3sccc32)CC1,0.766295403
CC12CCCC(/C=C/C(=O)NS(=O)(=O)c3cc(F)c(F)cc3F)=C1N(Cc1ccc(F)c(F)c1)C(=O)C2,1.859033917
CCN(C)S(=O)(=O)NC(=O)c1ccc2c(C3CCCCC3)c3n(c2c1)C[C@@]1(C(=O)N2C4CCC2CN(C)C4)C[C@H]1c1cc(F)ccc1-3,1.711790363
Cc1cc(C(C)(C)c2cc(C)c(N)c(C)c2)cc(C)c1N,1.58169465
CC1=C(C=CC(=C1)C(=O)N2CCCCC3=CC=CC=C32)CNC(=O)N4CCC[C@H]4C(=O)N(C)C,0.815577748
CCN1C(=O)CN(Cc2ccc(-c3cccc(CN4CCCCC4)n3)cc2)C1=O,2.079181246
O=C(NCc1ccc(S(=O)(=O)c2cc(F)cc(F)c2)cc1)c1cc2ccncc2s1,1.367777572
O=C(/C=C/c1cccc2c1N(Cc1ccc3ccccc3c1)C(=O)C2O)NS(=O)(=O)c1ccc(F)c(F)c1,2.264220396
CC1(COc2ccc(Cl)cc2)CC(n2cncn2)C(c2ccc(Cl)cc2)=NO1,1.8358228745
Cc1cccc(NC(=O)c2nn(C)c(-c3ccc(F)cc3F)c2C)n1,1.826204423
CC1=CC(=C(C=C1)C(=O)N2CCC3=C(C(=CC(=O)N3CC2)OC)C(=O)NCC4=CC5=C(C=C4)OCO5)C,1.535926741
Cc1nc2nc(CC(=O)N3CCC(C)CC3)nn2c(C)c1Cl,2.631688827
COc1ccc(CNCCCNc2ccnc3cc(Cl)ccc23)cc1,1.77815125
O=c1cc(COc2cc(Cl)cc(Cl)c2)[nH][nH]1,1.968482949
CN(C)Cc1cc2nc(-c3cccc(O)c3)nc(N3CCOCC3)c2s1,1.839228615
O=C(CN1C(=O)c2ccccc2N2C(=O)c3ccccc3C12)Nc1ccncc1,1.7381373525
CC1C(c2ccccc2)CCC(C(=O)O)C1C(=O)O,3.315766141
CCc1c2nc(-c3cc(S(=O)(=O)N4CCN(CC)CC4)cnc3OCCOC)[nH]c(=O)c2nn1CCOC,1.845222106
CCOc1nc(NC(=O)C2(NC(=O)c3ccc4c(C5CCCC5)c(-c5ccccn5)n(C)c4c3)CCC2)cnc1/C=C/C(=O)O,2.029302594
Cc1ccc(-c2nc(C)c([C@H](OC(C)(C)C)C(=O)O)c(-c3ccc(Cl)cc3)c2C)cc1C,1.886377907
CC(C)C[C@H]1C(=O)N[C@@H](C2CCCC2)CN1C(=O)c1cc(-c2ccc(F)cc2)on1,1.462368046
O=C(NCc1ccc(S(=O)(=O)N2CCCCC2)cc1)c1ccc2nc[nH]c2c1,1.515256251
CC(=O)c1cc(C(=O)N2CC(N)C2)c(Nc2ccc(I)cc2F)n1C,1.740378482
COc1cc2c(N3CCN(C(=O)Nc4ccc(C#N)cc4)CC3)ncnc2cc1OCCN1CCC(=O)CC1,0.602081706
COCCOC1=NC(=C2C(=N1)N(C(=O)N2)CC3=CC=C(C=C3)C(=O)O)N,2.079181246
COC1=CC=C(C=C1)CC(=O)NCC(C2=CC=CS2)S(=O)(=O)C3=CC=C(C=C3)Cl,0.622214023
CN(C)C(=O)c1sc(Cl)nc1S(N)(=O)=O,2.2413255775
Cc1ccc(-c2c(C)noc2C)cc1S(=O)(=O)NC1CCCC1,0.845222106
COc1cc(-c2nc(C)c(C(=O)NCCc3ccc(S(N)(=O)=O)cc3)s2)cc(OC)c1OC,1.372330552
CCS(=O)(=O)CNc1cc2cc(c1)Nc1nccc(n1)-c1cccc(c1)OCC/C=C/CN(C)C2,1.477121255
CC(=O)c1[nH]c(C)c(C(=O)N[C@H]2C[C@@H](c3nnc(CO)n3C)C2)c1C,2.263790548
CC(C)(C)c1ccc(NC(=O)N2CCCN(C(=O)c3ccc(Cl)cc3)CC2)cc1,0.477121255
O=S1(=Nc2ccc(F)cc2)CCCCC1,2.079181246
COc1cc2[nH]c(C)c(-c3ccc(COc4ccc(OC(F)(F)F)cc4)cc3)c(=O)c2cc1Cl,2.11058971
N#Cc1cnn(-c2nnc(-c3ccccc3)c(-c3ccccc3)n2)c1N,2.0210813875
CC(C)(C)C1CN(C(=O)c2ccccc2)CCN1C(=O)C(=O)c1c[nH]c2cccc(F)c12,1.25461807
O=C(NCc1ccc2nccn2c1)Nc1ccc(S(=O)(=O)c2ccccc2)cc1,1.464644118
O=c1c2sccc2ncn1-c1ccc(F)c(Cl)c1,1.251647428
COCCCn1cc(CN2CCN(c3cc(C(=O)Nc4ccc5c(c4)-c4c(c(C(N)=O)nn4-c4ccc(F)cc4)CC5)c(Cl)cn3)CC2)cn1,0.477121255
O=C1CCc2cc(S(=O)(=O)Nc3ccc(Cc4ccncc4)cc3)ccc2N1,1.5013312225000002
CCOC(=O)[C@H](CCc1ccccc1)N[C@@H](C)C(=O)N1[C@H](C(=O)O)C[C@H]2CCCC[C@@H]21,1.300986564
O=C(CCc1nnnn1-c1cccnc1)c1ccccc1,1.994238833
C[C@@H]1C[C@H]2[C@@H]3C[C@@H](C4=CC(=O)C(=C[C@@]4([C@]3([C@H](C[C@@]2([C@]1(C(=O)CO)O)C)O)F)C)Cl)F.O,1.665487181
CCC(CC)[C@@H]1CC(O)=C(C2=NS(=O)(=O)c3cc(NS(C)(=O)=O)ccc3N2)C(=O)N1Cc1ccc(F)cc1,1.77083729
Cc1nc2c(c(-c3ccc(Cl)cc3)c1CO)CN(C1CCCCC1)C2=O,1.8374645215
CCC(CC)CC1(O)CCN(C(=O)Nc2cc(F)cc(C(F)(F)F)c2)CC1,1.054883426
CC(=O)N1CCc2cc(-c3cnccc3C)ccc21,1.230397825
CC(C)CCN1C(=O)C(C2=NS(=O)(=O)c3cc(NS(C)(=O)=O)ccc3N2)=C(O)[C@@H]2C3CCC(CC3)[C@@H]21,1.77083729
CCCN(CCF)Cc1ccc(CCn2ccc(OCc3ccc(F)cc3)cc2=O)cc1,0.256761023
Cc1ccccc1-c1cccc2nc(-c3ccccc3)nn12,1.286919499
CC(C)(C)c1cc(NC(=O)[C@@H]2CCCN2C2CCCC2)no1,0.602081706
O=c1c(-c2ccc(F)cc2)c2ccccn2c(=O)n1CCCCN1CC=C(c2c[nH]c3ccc(Br)cc23)CC1,1.792933331
COc1ccc(C2=NN(c3nc4ccccc4s3)C(=O)C2)cc1,1.2009631365
CC(C)(C)C(=O)NC(C(=O)NO)c1ccc(-c2cc(F)c(F)c(F)c2)cc1,2.344352969
COC(=O)N[C@H](C(=O)N1CCC[C@H]1C(=O)Nc1ccc([C@@H]2CC[C@@H](c3ccc(NC(=O)[C@@H]4CCCN4C(=O)[C@@H](NC(=O)OC)C(C)(C)C)cc3)N2c2ccc(C(C)(C)C)cc2)cc1)C(C)(C)C,1.922687859
N#Cc1cccc(C(=O)NCCc2nc(-c3cccc(F)c3)cs2)c1,3.313567139
O=c1ccc(-c2nc3cc(S(=O)(=O)C(F)(F)F)ccc3[nH]2)cn1-c1ccccc1,2.707052496
O=C(/C=C/c1cccc2c1N(Cc1ccc3ccccc3c1)C(=O)C2O)NS(=O)(=O)c1cc(F)c(F)cc1F,2.664759624
O=[N+]([O-])c1cn2c(n1)OC(COc1ccc(-c3ccc(F)cc3)cc1)CC2,2.211302473
c1cncc(CNCCCCN(C[C@H]2Cc3ccccc3CN2)[C@H]2CCCc3cccnc32)c1,0.652803261
c1cnc(N2CCN(c3nccn4ccnc34)CC2)nc1,1.653212514
c1ccc2cc(-c3nnnn3-c3ccncc3)ccc2c1,1.054883426
CCCC(=O)Nc1nc2ncc(Br)nc2s1,1.86164283
CCOc1cccc(C2c3cccn3-c3sc4c(c3CN2C(=O)Nc2ccc(C)c(F)c2)CCCC4)c1,1.056229199
O=C(O)C1=Cc2cc(Cl)cc(-c3ccc(C(=O)O)cc3)c2OC1C(F)(F)F,2.295268828
CC(=O)N1CCN(CC1)C2CCC(CC2)N3C4=NC=NC(=C4C(=N3)C5=CC(=C(C=C5)NC(=O)C6=CC7=CC=CC=C7N6C)OC)N,2.079181246
CN1CCN(CCOC(=O)N(c2cccc(Br)c2)c2nc(SCCN3CCOCC3)nc3c2cnn3CC(Cl)c2ccccc2)CC1,2.798513818
C1CNC[C@H](C1C2=CC=C(C=C2)F)COC3=CC4=C(C=C3)OCO4,1.460597189
CN1CCc2nc(C(=O)Nc3cc(C(N)=O)ccc3CNC(=O)c3ccc(Cl)s3)sc2C1,1.900699678
CC(C)(O)CCN1CCC(NS(=O)(=O)c2cc(S(=O)(=O)c3ccccc3)ccc2C(F)(F)F)CC1,8.68502e-05
O=C(NCCc1ccccn1)c1ccc2c(c1)CC(c1nc3ccc(-c4cn[nH]c4)cc3c(=O)[nH]1)CO2,2.008600172
O=S(=O)(c1ccc(F)cc1Cl)N1CC[C@H]2[C@H](C1)OCc1cnnn12,1.830162137
OC1(c2ccc(Br)cc2)CCNCC1,1.1534193835
COc1cc2c(cc1OC)C1CCCCC1OC2c1cccc(F)c1,1.513591786
COc1cc2nc(N3CCCN(C(=O)N4CCOCC4)CC3)nc(N)c2cc1-c1ccccn1,0.698952632
O=S(=O)(Cc1cc(F)ccc1F)NCCn1ccc(-c2ccsc2)n1,0.7029828575
Cc1nc2c(Cl)cccc2n1-c1cccc(Oc2cccc(S(=O)(=O)C(F)(F)F)c2)c1,1.462368046
N#CC1(n2cc([C@@H](NC(=O)C3CCOCC3)C3CCCCC3)nn2)CC1,1.83238116
C=C(C)[C@@H]1CC[C@]2(C(=O)NCc3ccccc3)CC[C@]3(C)[C@H](CC[C@@H]4[C@@]5(C)CC[C@H](OC(=O)CC(C)(C)C(=O)O)C(C)(C)[C@@H]5CC[C@]43C)[C@@H]12,1.080669764
O=C(Nc1cccc(-c2ccc(OC(F)(F)F)cc2)c1)N[C@@H]1COc2nc([N+](=O)[O-])cn2C1,2.440509454
CC12CCCC(/C=C/C(=O)NS(=O)(=O)c3ccc(F)cc3)=C1N(Cc1ccc(Cl)cc1Cl)C(=O)C2,1.765674114
NC(=O)[C@@H](c1cnoc1)[C@@H](CCC(F)(F)F)C(=O)N[C@H]1N=C(c2ccccc2)c2ccccc2NC1=O,2.229931241
OC1(CNCc2ccccc2)CCc2ccccc21,2.1150649780000004
Cc1cnc(-c2cnc(NCCNc3ccc(C#N)cn3)nc2-c2ccc(Cl)cc2Cl)[nH]1,2.037506178
COc1cc(Br)c(S(=O)(=O)NCCOc2ccc(C(C)(C)C)cc2)cc1OC,0.7055258799999999
O=C1OCc2c(-c3ccccc3)sc(-c3ccccc3)c21,0.7649342535
Cc1nn(C)cc1Nc1nnc(Cn2nc(C(F)(F)F)c(Cl)c2C)s1,1.596107188
Cc1cc(=O)oc2c3c(c(O)cc12)OC(C)(C)[C@H](OC(=O)C12CCC(C)(C(=O)O1)C2(C)C)[C@@H]3OC(=O)C12CCC(C)(C(=O)O1)C2(C)C,0.491389712
Cc1csc2c(N3CCOCC3)nc(-c3cccc(O)c3)nc12,1.489709364
O=C1C=C(N(Cc2ccc(Cl)nc2)Cc2cnc(Cl)s2)CO1,1.7880345785
Cc1ccncc1-c1cccc2c1ncn2-c1ccccn1,2.229931241
CCNC(=O)Nc1sc2ncccc2c1C(=O)N1CCN(C2CCN(C(=O)C(C)(C)C(F)(F)F)CC2)CC1,0.472035706
Cc1nc(-c2ccccc2)c(C(=O)N2CCN(c3cccc(C)c3C)CC2)o1,1.535953875
N#Cc1ccc(OC2CCC(Nc3ncnc(N)c3Cl)CC2)nc1,2.356410723
CNC[C@H](CC1CCCCC1)NC(=O)N1CCC[C@@H]([C@@H](OCCNC(=O)OC)c2cccc(Cl)c2)C1,1.477121255
N#CC1(n2cc([C@@H](NC(=O)c3ccns3)C3CCCCC3)nn2)CC1,1.322219295
CC1c2c[nH]nc2-c2ccc(O)cc2N1S(=O)(=O)c1ccc(Cl)cc1,1.477121255
FC(F)(F)Oc1ccccc1-c1ccc2[nH]c(/C=C/C3CCCC3)nc2c1,1.599395072
Nc1cc(S(=O)(=O)c2ccc(Nc3ccccc3)c(N)c2)ccc1Nc1ccccc1,1.8190308145
Fc1ccc2nc(-c3ccc4c(c3)OCO4)c3nn[nH]c3c2c1,1.178758724
c1ccc(CSc2nc3ccccc3[nH]2)nc1,2.079181246
CCOC1=CC(=O)N2CCCCC2=C1C(=O)NC3=CC=C(C=C3)S(=O)(=O)N,2.079181246
C=CCc1c(O)ccc2[nH]cc(S(=O)(=O)c3ccc(C)cc3)c12,1.26280961
CN1C2=CN=C3C=CC(=CC3=C2N(C1=O)C4=CC(=C(C=C4)N5CCNCC5)C(F)(F)F)C6=CN=C(C=C6)OC,1.559367909
CCN1CCN(c2nc(C)nc3c2nc(-c2ccccc2Cl)n3CC2CCOCC2)CC1.Cl,1.367777572
O=C(NC1CCN(CCc2ccc(F)cc2)CC1)c1cc2ccccc2s1,1.728561922
CC1=CC(=CC=C1)C(=O)OC2=C(C=C(C=C2)C(C3=C(NNC3=O)C)C4=C(NNC4=O)C)OC,0.344392274
CN1CCN(c2ccc(Nc3ncc4c(=O)c(C(N)=O)cn(-c5ccc6c(c5)CCC6)c4n3)cc2)CC1,1.504539877
O=c1[nH]cnc2c1sc1nc(-c3ccccc3)cc(-c3ccccc3)c12,1.8428613965
NS(=O)(=O)c1cc(-c2nnc(CN3CCN(Cc4ccccc4)CC3)o2)c(Cl)cc1SCc1ccccc1,0.681241237
COC[C@@H](C)n1cc(Cl)nc(Nc2cc(C)c(OC(F)F)nc2C)c1=O,1.696992623
COC(=O)N(C)c1cc2c(NCc3ccc(OC)c(Cl)c3)ncnc2c(CCO)c1OC,2.408072758
Cc1cc(Nc2cc(N)ncn2)c(=O)n2c1C(=O)NC21CCC(F)(F)CC1,2.834228116
O=C(c1c(-c2ccccc2)cc(=O)n2c1CCC2)N1CCCC1,2.07458718
CCCS(=O)(=O)N1CCN(C2(CNC(=O)c3c(N)cccc3Cl)CCCCC2)CC1,1.526300145
Cc1cc(NC(=O)c2nn(C)c(-c3ccc(F)cc3)c2C)ccn1,1.886377907
CNC(C)C1(c2ccc3ccccc3c2)CCCCC1,1.9792389375
Cc1ccc(-c2ccc(CNCCCNc3ccnc4cc(Cl)ccc34)s2)cc1,1.653212514
COP(=S)(OC)SCN1C(=O)C2=CC=CC=C2N=N1,0.911690159
CC1=C2C(=CC=C1)N=C(N(C2=O)C3=CC=CC=C3C)[C@H](C)NC4=NC(=NC5=C4NC=N5)N,2.012921546
CC(=O)[C@]12CCC(C)(C)C[C@H]1[C@H]1C(=O)C=C3[C@@]4(C)C=C(C#N)C(=O)C(C)(C)[C@@H]4CC[C@@]3(C)[C@]1(C)CC2,1.322219295
O=C(NCc1cccnc1)Nc1ccc(S(=O)(=O)N2CCCC2)cc1,3.315766141
COc1ccc2c(O[C@@H]3C[C@H]4C(=O)N[C@]5(C(=O)NS(=O)(=O)C6CC6)C[C@H]5/C=C\CCCCCCC(=O)N4C3)cc(-c3nc(C(C)C)cs3)nc2c1,2.711507148
N=C1NC(=O)C(c2ccccc2)(c2ccccc2)N1,2.613264473
COCCNC(C)(C)c1ccc(NC(=O)c2ncc(C#N)[nH]2)c(C2=CCC(C)(C)CC2)c1,1.468424729
C=C(C)[C@@H]1CC[C@]2(C(=O)NCc3ccccc3OC)CC[C@]3(C)[C@H](CC[C@@H]4[C@@]5(C)CC[C@H](OC(=O)CC(C)(C)C(=O)O)C(C)(C)[C@@H]5CC[C@]43C)[C@@H]12,1.080669764
COc1ccc(-c2c(-n3cncn3)c(S(C)=O)nn2-c2ccc(F)cc2)cc1,1.911278967
N#C/N=C(\NCc1ccc(S(=O)(=O)c2cccc3cccnc23)cc1)Nc1ccncc1,0.955731027
CCOC(=O)CC1(NC(=O)N2Cc3c(sc4c3CCCC4)-n3cccc3C2c2cccs2)CCCCC1,0.78138776175
CN1CCCCCCN(S(=O)(=O)c2cccc(F)c2)CCC1=O,1.6350753139999998
Cc1nc(O)[nH]c(=O)c1S(=O)(=O)Nc1ccccc1C(=O)NCc1ccccc1,1.904225668
COc1cc(-c2nn([C@H]3CC[C@H](N4CCN(C(C)=O)CC4)CC3)c3ncnc(N)c23)ccc1NC(=O)c1cc2ccccc2n1C,2.4886691255
CC1CCN(Cc2nc(N)nc(Nc3ccc(Cl)cc3)n2)CC1,2.0791060860000004
COc1ccc(C)cc1NC(=O)c1cc(S(=O)(=O)N2CCOCC2)cn1C,1.386493937
COC1=CC(=C(C=C1)OC)C2C(=C(OC3=NNC(=C23)C4=CC5=CC=CC=C5C=C4)N)C#N,2.079181246
N#Cc1ccccc1OC1CCN(C(=O)NCc2ccc(Cl)cc2Cl)CC1,0.9029814
Cc1cc(OCc2ccc(F)cc2F)c(Br)c(=O)n1Cc1ccc(C(N)=O)cc1,2.427586006
FC(F)(F)c1ccccc1-c1ccc2[nH]c(C3=NC4(CCCCC4)CO3)nc2c1,1.629921508
Cc1cccc(C)c1NC(=O)C1(NC(=O)c2cc[nH]n2)CCCCC1,2.2412316845
COc1cccc(F)c1CC(c1ccccc1)N1CCNCC1,1.968482949
CSc1nc2ccccn2c(=N)c1S(=O)(=O)c1ccc(C(C)(C)C)cc1,0.591064607
Cc1ccc(NS(=O)(=O)c2cc3c(cc2N(C)C)NC(=O)CC3)cc1C,1.287756955
Cc1cc(NCCCN2CCOCC2)c2ccc3c(ccc4c(NCCCN5CCOCC5)cc(C)nc43)c2n1.Cl,1.602081706
C=CC[C@@H]1/C=C(\C)C[C@H](C)C[C@H](OC)[C@H]2O[C@@](O)(C(=O)C(=O)N3CCCC[C@H]3C(=O)O[C@H](/C(C)=C/[C@H]3CC=CCC3)[C@H](C)[C@@H](O)CC1=O)[C@H](C)C[C@@H]2OC,0.755874856
COC1CCN(CC1)C(=O)C2=C(C=CC(=C2)CC3=NNC(=O)C4=CC=CC=C43)F,1.88149878
Fc1ccc(C(Cl)Cn2ncc3c(Nc4cccc(F)c4)ncnc32)cc1,2.715203008
CC(C)c1nc(COc2ccccc2-c2ccnc(N)n2)no1,0.9026401905
Cc1nn(CC(=O)O)c2nccc(-c3cnn(C)c3)c12,2.282492085
CC(C)(C1=CC=CC=C1CC[C@@H](C2=CC=CC(=C2)/C=C/C3=NC4=C(C=CC(=C4)Cl)C=C3)SCC5(CC5)CC(=O)O)O,1.561816664
C1=C(C2=C(N=CN=C2N1[C@H]3[C@H]([C@H]([C@H](O3)CO)O)O)N)C#N,2.079181246
Cc1nc(N2CCN(C3CCOCC3)CC2)nc2ccc(NC(=O)COc3ccc(Cl)cc3)cc12,1.344076327
Cn1c(-c2ccccn2)c(C2CCCCC2)c2ccc(C(=O)N[C@@]3(C(=O)Nc4ccc(/C=C/C(=O)O)cc4)CCCNC3)cc21,1.924279286
CC1(C)CN(c2ccccc2NC(=O)Nc2ccc(OC(F)(F)F)cc2)c2c(O)cc(F)c(-c3ccc(Cl)cc3)c21,1.57054366
CCNC(=O)NCCc1ccc(OC)c(Nc2ncc(Cl)c(Nc3ccccc3S(=O)(=O)C(C)C)n2)c1,0.6409940905
CN1C(=O)[C@@H](NC(=O)[C@H](CCC(F)(F)F)[C@@H](C(N)=O)c2ccccc2)N=C(c2ccccc2)c2ccccc21,2.130764868
Cc1cc(C(O)CN2CCN(c3ccc(F)cc3F)CC2)c(C)s1,1.4649409025
CC(C)CN1C(=O)CN(Cc2ccc(-c3cccc(CN4CCCC(F)C4)n3)cc2)C1=O,1.146065989
CC(C)OC(=O)C1=CN(C(=O)c2cccc(OCCN3CCCCC3)c2)CC(C)(C)c2c1[nH]c1ccccc21,0.698952632
Nc1oc(=O)c2ccccc2c1N1CCCc2ccccc21,1.5355352705
COc1ccc2c(/C=C3/C(=O)c4ccccc4S(=O)(=O)N3C)c[nH]c2c1,1.357907229
O=S(=O)(c1ccc(C(F)(F)F)nc1)N1[C@H]2c3c[nH]nc3C[C@@H]1c1cccc(F)c12,1.683688244
CN[C@@H](Cc1ccccc1)C(=O)N[C@H]1CC[C@@H]2CN(S(=O)(=O)c3ccc(C(F)(F)F)cc3)C[C@@H]21,1.198437354
Cn1cnc(CC(=O)N2CCC(c3ccc(NC(=O)c4nc(C#N)c[nH]4)c(C4=CCCCC4)c3)CC2)c1,1.543172303
CS(=O)(=O)Nc1ccc2c(c1)S(=O)(=O)N=C(C1=C(O)[C@@H]3C4CCC(CC4)[C@@H]3N(Cc3cccs3)C1=O)N2,1.707570176
Nc1cccc(-c2c3c(=O)[nH][nH]c(=O)c3c3n2CCC3)c1,3.315766141
CCS(=O)(=O)Nc1cncc(-c2c(C#N)c3ccc(Cl)cc3n2C)c1,2.602081706
Cn1cnc2ccc(-c3ccccc3CO)c(CN)c21,2.00008685
CC(=O)c1ccc(NC(=O)Cn2cnc3c(nnn3-c3ccc(C)cc3)c2=O)cc1,2.727555399
CC1=C(C(=CC=C1)C)NC(=O)N(C2=C(C=C(C=C2)OC)OC)C3=NC=NC(=C3)NC4=CC=C(C=C4)N5CCN(CC5)C,1.23325001
CCC1(CCCCN2CCN(c3ccc(Cl)cc3)CC2)C(=O)Nc2cc(F)c(Cl)cc21,1.256761023
COc1ccc(C(Nc2nc(C)cc(C)n2)c2c(NC(=O)c3ccco3)sc(C)c2C)c(OC)c1,0.5436829935
COc1ccc(O[C@H]2CC[C@@H](NC(=O)NC34CC5CC(CC(C5)C3)C4)CC2)cc1,2.290327829
COc1ccc2nc(NC(=O)C(CC3CCCC3)c3ccc(S(=O)(=O)NC4CC4)cc3)sc2n1,1.290034611
Fc1ccc(-c2cc3c(cn2)sc2ccccc23)cc1,1.7240015995000002
CC(=O)O[C@@]12CO[C@@H]1C[C@H](O)[C@@]1(C)C(=O)[C@H](O)C3=C(C)[C@@H](OC(=O)[C@H](O)[C@@H](NC(=O)OC(C)(C)C(F)F)c4ccccc4)C[C@@](O)([C@@H](OC(=O)c4cccc(F)c4)[C@H]21)C3(C)C,2.255077994
C1C2C3=CC=CC=C3CC4=CC=CC=C4N2C(=N1)N,2.079181246
CC1COc2c(N3CC4CC3CCN4C)c(F)cc3c(=O)c(C(=O)O)cn1c23,2.3688376680000003
CCN(CCCNC(=O)CN1C(=O)c2cccnc2Oc2ccc(C)cc21)c1cccc(C)c1,0.395255814
CC(C)(C)c1ccc(N(C(=O)CCC(=O)Nc2ccc(-c3ccc(OCC(=O)O)cc3)cc2Cl)C2CC2)c(Cl)c1,1.176091259
O=C(Nc1ccc(-c2cn[nH]c2)cc1)C1COc2ccccc2C1,1.812779707
CS(=O)(=O)Nc1ccc2c(c1)S(=O)(=O)N=C(C1=C(O)[C@H]3CCC[C@H]3N(Cc3ccc(F)cc3)C1=O)N2,2.408072758
O=C(Cn1c(=O)ccn2nc(C(F)(F)F)cc12)Nc1scc(Br)c1-c1ncn[nH]1,1.452268895
O=C(C(=O)N1CCN(C(=O)c2ccccc2)CC1)c1c[nH]c2cccc(F)c12,3.1567835695
CN1CCN(C(=O)c2cn(Cc3cncn3Cc3ccc4c(c3)OCO4)cc2-c2cccc3ccccc23)CC1,1.8987846055
CCN1CCN(S(=O)(=O)c2cnc(OCCOC)c(-c3nc4c5n(nc4c(=O)[nH]3)CCCC5C)c2)CC1,1.049295568
Cc1nc(COc2ccc(C(=O)Nc3ccc(S(=O)(=O)N=c4o[nH]c(C)c4C)cc3)cc2)cs1,1.509556265
C=Cc1cc(C(NC(=O)NC(C)(C)C)C(=O)Nc2cccc(C(=O)NS(=O)(=O)c3ccc(C(F)(F)F)cc3)c2)ccc1Oc1cc(OC)nc(-c2ccccc2)n1,2.287756955
O=C(c1cc(Cl)c(Cl)cc1NS(=O)(=O)c1cccc2nsnc12)N1CCCCC1,0.915560026
CCOCCn1nc(CC)c2nc(N3CCC(CO)CC3)nc(Nc3cc(C)ccn3)c21,1.213130022
COc1cc2c(N3CCN(C(=O)Nc4ccc(OC(C)C)cc4)CC3)ncnc2cc1OCCCN1CCC(F)(F)CC1,0.954242509
O=C(NCCC(c1ccccc1)c1ccccc1)c1ccc(CCN2CCCC2)nc1,1.662776714
N#Cc1ccc(C(=O)Nc2nc(-c3ccccn3)cs2)cc1,1.164754529
CC1=CC(=O)NC(=N1)SCC2=CC=C(C=C2)OC,1.673562636
COc1ccc2c(O[C@@H]3C[C@H]4C(=O)N[C@]5(C(=O)NS(=O)(=O)C6CC6)C[C@H]5/C=C\CCCCC[C@H](NC(=O)c5cnn(C)c5)C(=O)N4C3)cc(OC(C)C)nc2c1C,1.863441829
O=S(=O)(c1ccc(OC(F)F)cc1)N1c2ccc(F)cc2-c2n[nH]cc2C1C1CC1,1.731739325
[3H]C(C1=C(C)c2ccc(OCc3ccc(CCC)cc3OC)cc2CC1)N1CC(C(=O)O)C1,3.228127729
CCC(C)c1ccc(O)c(NC(=O)c2nccnc2C(=O)O)c1,2.7963682795
C1CN(CCN1CC(=O)NC2=CC=CC3=C2CNC3=O)C(=O)[C@H]4[C@@H]([C@@H]([C@H](O4)N5C=NC6=C(N=CN=C65)N)O)O,2.079181246
N[C@@H](CC(=O)N1CCC[C@H]1CNS(=O)(=O)C1CC1)Cc1cc(F)c(F)cc1F,2.079181246
COc1cc(=O)[nH]cc1C(=O)N1Cc2ccccc2OC(C)(C)C1,3.315766141
C1=CC=C(C(=C1)COC2=CC=CC=C2C(=O)O)Br,2.021596595
Cc1cc(=O)n2c3ccccc3nc2n1CC(=O)c1ccco1,1.1049713525
Cc1ccc(F)c(Nc2ccc(-c3cnc4ccc(NC5CCN(C)CC5)nn34)cc2)n1,2.025638415
COCCOc1cc(NC(=O)C2(NC(=O)c3ccc4c(C5CCCC5)c(-c5ccccn5)n(C)c4c3)CCC2)ccc1/C=C/C(=O)O,1.939519253
c1ccc2c(c1)CN[C@@H](CN(CCCCNCc1ccncc1)[C@H]1CCCc3cccnc31)C2,0.243915676
CN1CCC(N(C)C(=O)c2cc3cc(Br)cc(Br)c3o2)CC1,1.7606311325
CCCc1c(C(=O)NC2CC2)nnn1-c1ccc(NC(=O)CC(F)(F)F)cc1,1.9670712825
N#Cc1c[nH]c(C(=O)Nc2ccc(C3CNC(=O)NC3)cc2C2=CCCCC2)n1,1.696992623
CC1=CC(=C(C=C1)C)NS(=O)(=O)C2=C(C=CC(=C2)C(=O)NC3=CC=CC=C3C4=CC=CC=C4)Cl,1.030411288
COc1ccccc1Cn1ccc2nc3ccn(-c4ncn[nH]4)c(=O)c3cc2c1=O,1.970803002
Cc1nc(C)c(-c2csc(Nc3ccc(C(=O)N4C5CCC4CN(c4ncc(Cl)cn4)C5)cn3)n2)s1,1.887891843
Cn1ccnc1-c1cc(-c2cccc3ccccc23)nn1C,0.562730662
COCCCNC(=O)c1cn2cc(-c3cnc(N)nc3)nc(N3CCOCC3)c2n1,2.4060225
COc1ccc(C2=NOC(c3ccsc3)C2)cc1,0.79508495325
CC(=O)CCS(=O)(=O)c1ccc(-c2ccc(S(=O)(=O)CCC(C)=O)cc2)cc1,1.3485466365
Cc1ccoc1C(=O)Nc1cccc(-c2nc3ncccc3o2)c1,1.00008685
O=C(c1ccc(Oc2cccc(Cl)c2)nc1)N1CCCN(C2CC2)CC1,1.765674114
COC12CC3CC(C1)CC(c1nnc4c(Oc5cccc(Cl)c5C)cccn14)(C3)C2,0.620526114
Cn1cc(S(=O)(=O)N2CCC(CNC(=O)c3ccc(Cl)cc3Cl)(CC3CC3)CC2)cn1,1.994238833
COc1ccc2nc(NC(=O)C(CC3CCCC3)c3ccc(S(=O)(=O)NCCN(C)C)cc3)sc2n1,0.954242509
CCS(=O)(=O)c1ccc2[nH]c(Cc3ccc(-c4ccccc4)cc3)nc2c1,2.196094197
Fc1ccccc1N(Cc1ccc(Cl)cc1)C1CNC1,1.699359545
COc1cccc2c1C(NC[C@]1(c3ccccc3)CC[C@@H](O)CC1)=NS2(=O)=O,2.535415889
O=C(Cn1nc2c(cc1=O)CCCC2)Nc1nc(-c2ccc3c(c2)OCO3)cs1,1.735285973
CN(CCO)S(=O)(=O)c1ccc2c(c1)oc(=O)c1cc(S(=O)(=O)N(C)CCO)ccc12,1.118033281
COc1ccc2nc(O)c(-c3c4oc5cc(O)ccc5c4nc4c3c(=O)[nH]n4C3CCCCCCC3)cc2c1,1.338711626
CC(=Cc1c[nH]c(-c2ccccc2)n1)c1cnccn1,0.6864944645
Cc1ccncc1-c1cccc2c1cnn2-c1nccs1,1.271377012
[2H]C([2H])([2H])Oc1ccc(-n2nc3c4cc(Cl)ccc4[nH]cc-3c2=O)cc1,2.7584509665
